city_name,date,temp_c
Barcelona,2015-01-01,9.33794531250004
Barcelona,2015-01-02,10.608041666666736
Barcelona,2015-01-03,11.389063802083342
Barcelona,2015-01-04,13.468458333333388
Barcelona,2015-01-05,11.965748697916695
Barcelona,2015-01-06,11.685416666666697
Barcelona,2015-01-07,11.1173541666667
Barcelona,2015-01-08,11.74361328125002
Barcelona,2015-01-09,11.178966145833328
Barcelona,2015-01-10,12.144569010416717
Barcelona,2015-01-11,14.155139322916682
Barcelona,2015-01-12,12.527083333333337
Barcelona,2015-01-13,14.018333333333374
Barcelona,2015-01-14,13.06125000000003
Barcelona,2015-01-15,13.66220052083338
Barcelona,2015-01-16,13.63094401041667
Barcelona,2015-01-17,9.957500000000039
Barcelona,2015-01-18,9.553750000000036
Barcelona,2015-01-19,9.96350000000001
Barcelona,2015-01-20,8.991458333333355
Barcelona,2015-01-21,8.16833333333335
Barcelona,2015-01-22,8.845889322916719
Barcelona,2015-01-23,10.115312500000016
Barcelona,2015-01-24,10.058041666666668
Barcelona,2015-01-25,11.476750000000038
Barcelona,2015-01-26,9.285395833333382
Barcelona,2015-01-27,10.413649739583377
Barcelona,2015-01-28,9.835460937500045
Barcelona,2015-01-29,11.871610677083368
Barcelona,2015-01-30,12.727250000000026
Barcelona,2015-01-31,10.213686197916672
Barcelona,2015-02-01,8.39889583333337
Barcelona,2015-02-02,8.470434895833364
Barcelona,2015-02-03,8.243044270833366
Barcelona,2015-02-04,5.308333333333337
Barcelona,2015-02-05,6.709375000000023
Barcelona,2015-02-06,5.486854166666717
Barcelona,2015-02-07,6.813500000000033
Barcelona,2015-02-08,8.233152343750021
Barcelona,2015-02-09,8.333875000000035
Barcelona,2015-02-10,8.8125
Barcelona,2015-02-11,9.917354166666712
Barcelona,2015-02-12,11.155833333333362
Barcelona,2015-02-13,12.867500000000007
Barcelona,2015-02-14,11.426666666666677
Barcelona,2015-02-15,11.108430989583383
Barcelona,2015-02-16,10.362858072916708
Barcelona,2015-02-17,12.401260416666673
Barcelona,2015-02-18,12.466208333333384
Barcelona,2015-02-19,11.231750000000034
Barcelona,2015-02-20,6.117075520833339
Barcelona,2015-02-21,9.347145833333343
Barcelona,2015-02-22,7.027958333333345
Barcelona,2015-02-23,9.827291666666667
Barcelona,2015-02-24,11.740875000000017
Barcelona,2015-02-25,11.536250000000052
Barcelona,2015-02-26,12.411083333333352
Barcelona,2015-02-27,11.346631510416671
Barcelona,2015-02-28,9.186750000000018
Barcelona,2015-03-01,13.008916666666664
Barcelona,2015-03-02,15.618145833333358
Barcelona,2015-03-03,14.730375000000038
Barcelona,2015-03-04,10.965916666666658
Barcelona,2015-03-05,12.131458333333342
Barcelona,2015-03-06,10.575104166666677
Barcelona,2015-03-07,11.376485677083338
Barcelona,2015-03-08,10.915791666666678
Barcelona,2015-03-09,12.174229166666692
Barcelona,2015-03-10,12.108277343750046
Barcelona,2015-03-11,14.377903645833385
Barcelona,2015-03-12,13.297598958333367
Barcelona,2015-03-13,11.942544270833366
Barcelona,2015-03-14,8.67131119791668
Barcelona,2015-03-15,9.218415364583336
Barcelona,2015-03-16,10.186996093749997
Barcelona,2015-03-17,10.590955729166694
Barcelona,2015-03-18,12.467748697916704
Barcelona,2015-03-19,13.087567708333381
Barcelona,2015-03-20,13.770613281250007
Barcelona,2015-03-21,12.538522135416656
Barcelona,2015-03-22,11.962625000000003
Barcelona,2015-03-23,12.503372395833367
Barcelona,2015-03-24,12.02050651041668
Barcelona,2015-03-25,11.272175781250041
Barcelona,2015-03-26,9.657401041666674
Barcelona,2015-03-27,11.96309765625
Barcelona,2015-03-28,12.959041666666678
Barcelona,2015-03-29,13.852523097826122
Barcelona,2015-03-30,14.904750000000035
Barcelona,2015-03-31,13.912394531250015
Barcelona,2015-04-01,13.565377604166713
Barcelona,2015-04-02,13.076813802083336
Barcelona,2015-04-03,12.838730468750043
Barcelona,2015-04-04,12.544625000000053
Barcelona,2015-04-05,12.69568489583338
Barcelona,2015-04-06,12.240708333333373
Barcelona,2015-04-07,12.016352864583382
Barcelona,2015-04-08,11.67839973958337
Barcelona,2015-04-09,11.621356770833358
Barcelona,2015-04-10,12.34050000000002
Barcelona,2015-04-11,12.96691796875001
Barcelona,2015-04-12,13.455605468750036
Barcelona,2015-04-13,13.702270833333387
Barcelona,2015-04-14,14.592165364583366
Barcelona,2015-04-15,14.569250000000011
Barcelona,2015-04-16,15.126419270833367
Barcelona,2015-04-17,14.850187500000004
Barcelona,2015-04-18,14.958667968750035
Barcelona,2015-04-19,13.753458333333356
Barcelona,2015-04-20,14.122042968750009
Barcelona,2015-04-21,15.057442708333383
Barcelona,2015-04-22,15.067660156250042
Barcelona,2015-04-23,15.000929687500047
Barcelona,2015-04-24,15.44304036458334
Barcelona,2015-04-25,16.077610677083385
Barcelona,2015-04-26,16.05018750000005
Barcelona,2015-04-27,15.274096354166716
Barcelona,2015-04-28,15.471257812500028
Barcelona,2015-04-29,15.03097395833339
Barcelona,2015-04-30,15.109854166666707
Barcelona,2015-05-01,17.176333333333332
Barcelona,2015-05-02,17.34999348958337
Barcelona,2015-05-03,17.809902343750025
Barcelona,2015-05-04,17.5913268229167
Barcelona,2015-05-05,18.542791666666687
Barcelona,2015-05-06,17.624500000000012
Barcelona,2015-05-07,17.18258984375001
Barcelona,2015-05-08,17.890666666666675
Barcelona,2015-05-09,18.566735677083386
Barcelona,2015-05-10,18.652895833333332
Barcelona,2015-05-11,18.306298177083363
Barcelona,2015-05-12,17.40111197916667
Barcelona,2015-05-13,18.713194010416714
Barcelona,2015-05-14,19.86879166666671
Barcelona,2015-05-15,19.52237500000001
Barcelona,2015-05-16,18.91908333333339
Barcelona,2015-05-17,18.486895833333392
Barcelona,2015-05-18,18.276471354166688
Barcelona,2015-05-19,17.037270833333366
Barcelona,2015-05-20,14.1792916666667
Barcelona,2015-05-21,14.923687500000028
Barcelona,2015-05-22,16.386145833333387
Barcelona,2015-05-23,16.941562500000032
Barcelona,2015-05-24,17.705750000000023
Barcelona,2015-05-25,18.046438802083344
Barcelona,2015-05-26,18.051001302083364
Barcelona,2015-05-27,17.61116666666669
Barcelona,2015-05-28,18.148541666666688
Barcelona,2015-05-29,18.03162500000002
Barcelona,2015-05-30,17.999708333333388
Barcelona,2015-05-31,18.29350000000005
Barcelona,2015-06-01,21.72625000000005
Barcelona,2015-06-02,21.752499999999998
Barcelona,2015-06-03,22.147250000000042
Barcelona,2015-06-04,20.65620833333338
Barcelona,2015-06-05,21.12212500000004
Barcelona,2015-06-06,21.57808333333338
Barcelona,2015-06-07,22.011166666666725
Barcelona,2015-06-08,23.438000000000045
Barcelona,2015-06-09,23.0579166666667
Barcelona,2015-06-10,23.125833333333333
Barcelona,2015-06-11,22.860166666666714
Barcelona,2015-06-12,22.268916666666712
Barcelona,2015-06-13,21.485625000000027
Barcelona,2015-06-14,21.539875000000052
Barcelona,2015-06-15,20.243750000000034
Barcelona,2015-06-16,19.074166666666656
Barcelona,2015-06-17,20.79333333333335
Barcelona,2015-06-18,21.734125000000006
Barcelona,2015-06-19,21.66758333333337
Barcelona,2015-06-20,21.71541666666667
Barcelona,2015-06-21,22.15670833333337
Barcelona,2015-06-22,22.5434166666667
Barcelona,2015-06-23,22.27275000000003
Barcelona,2015-06-24,22.341458333333378
Barcelona,2015-06-25,23.20625000000001
Barcelona,2015-06-26,24.4954166666667
Barcelona,2015-06-27,25.200833333333378
Barcelona,2015-06-28,25.08583333333337
Barcelona,2015-06-29,26.612083333333374
Barcelona,2015-06-30,27.004583333333358
Barcelona,2015-07-01,26.187916666666695
Barcelona,2015-07-02,26.39583333333337
Barcelona,2015-07-03,26.747916666666697
Barcelona,2015-07-04,28.192083333333358
Barcelona,2015-07-05,28.605000000000018
Barcelona,2015-07-06,28.452500000000043
Barcelona,2015-07-07,28.70416666666671
Barcelona,2015-07-08,26.215833333333364
Barcelona,2015-07-09,25.36458333333337
Barcelona,2015-07-10,25.610000000000014
Barcelona,2015-07-11,25.32125000000002
Barcelona,2015-07-12,25.840000000000032
Barcelona,2015-07-13,26.431250000000034
Barcelona,2015-07-14,26.58458333333334
Barcelona,2015-07-15,16.859583333333376
Barcelona,2015-07-16,27.098749999999995
Barcelona,2015-07-17,26.72958333333338
Barcelona,2015-07-18,27
Barcelona,2015-07-19,26.54666666666668
Barcelona,2015-07-20,26.618750000000034
Barcelona,2015-07-21,27.64375000000001
Barcelona,2015-07-22,27.064999999999998
Barcelona,2015-07-23,26.791666666666686
Barcelona,2015-07-24,27.203750000000014
Barcelona,2015-07-25,24.61583333333334
Barcelona,2015-07-26,25.289166666666688
Barcelona,2015-07-27,24.727916666666715
Barcelona,2015-07-28,24.532083333333333
Barcelona,2015-07-29,26.319583333333355
Barcelona,2015-07-30,24.251666666666665
Barcelona,2015-07-31,23.11458333333337
Barcelona,2015-08-01,21.667500000000018
Barcelona,2015-08-02,23.942499999999995
Barcelona,2015-08-03,25.996250000000032
Barcelona,2015-08-04,26.541666666666686
Barcelona,2015-08-05,22.61375000000004
Barcelona,2015-08-06,19.432083333333367
Barcelona,2015-08-07,26.88166666666666
Barcelona,2015-08-08,24.818333333333328
Barcelona,2015-08-09,22.96750000000003
Barcelona,2015-08-10,23.97416666666669
Barcelona,2015-08-11,24.882083333333355
Barcelona,2015-08-12,25.871250000000032
Barcelona,2015-08-13,25.724583333333385
Barcelona,2015-08-14,23.78666666666669
Barcelona,2015-08-15,20.940416666666692
Barcelona,2015-08-16,21.27791666666667
Barcelona,2015-08-17,22.252499999999998
Barcelona,2015-08-18,20.096249999999998
Barcelona,2015-08-19,21.903333333333364
Barcelona,2015-08-20,23.52000000000004
Barcelona,2015-08-21,24.605416666666713
Barcelona,2015-08-22,24.331666666666706
Barcelona,2015-08-23,24.578333333333376
Barcelona,2015-08-24,25.077500000000043
Barcelona,2015-08-25,22.862083333333374
Barcelona,2015-08-26,23.787083333333385
Barcelona,2015-08-27,24.796250000000043
Barcelona,2015-08-28,24.767083333333346
Barcelona,2015-08-29,25.0554166666667
Barcelona,2015-08-30,24.854166666666686
Barcelona,2015-08-31,25.037500000000023
Barcelona,2015-09-01,24.266625000000033
Barcelona,2015-09-02,22.107500000000016
Barcelona,2015-09-03,21.530833333333362
Barcelona,2015-09-04,19.640000000000043
Barcelona,2015-09-05,19.45208333333335
Barcelona,2015-09-06,12.785000000000025
Barcelona,2015-09-07,7.96541666666667
Barcelona,2015-09-08,11.652500000000032
Barcelona,2015-09-09,20.615416666666704
Barcelona,2015-09-10,19.157916666666665
Barcelona,2015-09-11,20.16041666666672
Barcelona,2015-09-12,22.578750000000014
Barcelona,2015-09-13,22.115416666666704
Barcelona,2015-09-14,21.521666666666704
Barcelona,2015-09-15,20.96750000000003
Barcelona,2015-09-16,23.163333333333355
Barcelona,2015-09-17,22.55208333333337
Barcelona,2015-09-18,19.7741666666667
Barcelona,2015-09-19,19.832916666666677
Barcelona,2015-09-20,20.527500000000032
Barcelona,2015-09-21,20.460416666666674
Barcelona,2015-09-22,19.815000000000055
Barcelona,2015-09-23,19.400000000000034
Barcelona,2015-09-24,19.030833333333362
Barcelona,2015-09-25,19.019583333333344
Barcelona,2015-09-26,20.085416666666674
Barcelona,2015-09-27,18.957083333333344
Barcelona,2015-09-28,19.1804166666667
Barcelona,2015-09-29,18.160833333333358
Barcelona,2015-09-30,17.280416666666667
Barcelona,2015-10-01,17.213333333333367
Barcelona,2015-10-02,18.000833333333333
Barcelona,2015-10-03,18.933333333333337
Barcelona,2015-10-04,18.064166666666665
Barcelona,2015-10-05,21.674583333333374
Barcelona,2015-10-06,22.17416666666668
Barcelona,2015-10-07,19.157500000000027
Barcelona,2015-10-08,18.04541666666671
Barcelona,2015-10-09,17.241666666666674
Barcelona,2015-10-10,17.55000000000001
Barcelona,2015-10-11,18.641250000000014
Barcelona,2015-10-12,19.780416666666667
Barcelona,2015-10-13,17.830833333333374
Barcelona,2015-10-14,15.981666666666683
Barcelona,2015-10-15,12.888333333333378
Barcelona,2015-10-16,13.703750000000014
Barcelona,2015-10-17,14.7766666666667
Barcelona,2015-10-18,18.208333333333314
Barcelona,2015-10-19,17.75
Barcelona,2015-10-20,16.856666666666683
Barcelona,2015-10-21,14.44291666666669
Barcelona,2015-10-22,14.58708333333334
Barcelona,2015-10-23,16.067083333333358
Barcelona,2015-10-24,15.833333333333314
Barcelona,2015-10-25,16.839999999999975
Barcelona,2015-10-26,17.375
Barcelona,2015-10-27,18.119416666666666
Barcelona,2015-10-28,18.033229166666672
Barcelona,2015-10-29,15.58727083333332
Barcelona,2015-10-30,16.502458333333323
Barcelona,2015-10-31,16.639999999999986
Barcelona,2015-11-01,17.234041666666656
Barcelona,2015-11-02,18.232312499999978
Barcelona,2015-11-03,17.653916666666646
Barcelona,2015-11-04,16.94941666666665
Barcelona,2015-11-05,16.836270833333344
Barcelona,2015-11-06,16.67741666666666
Barcelona,2015-11-07,15.921437500000025
Barcelona,2015-11-08,16.554166666666674
Barcelona,2015-11-09,16.54162500000001
Barcelona,2015-11-10,16.355708333333325
Barcelona,2015-11-11,15.348124999999982
Barcelona,2015-11-12,15.188750000000027
Barcelona,2015-11-13,15.48275000000001
Barcelona,2015-11-14,14.43712499999998
Barcelona,2015-11-15,14.170666666666648
Barcelona,2015-11-16,14.638968750000004
Barcelona,2015-11-17,13.978993489583331
Barcelona,2015-11-18,13.452458333333311
Barcelona,2015-11-19,13.916666666666686
Barcelona,2015-11-20,15.020541666666645
Barcelona,2015-11-21,16.468729166666662
Barcelona,2015-11-22,9.68920833333334
Barcelona,2015-11-23,8.683520833333318
Barcelona,2015-11-24,7.519666666666694
Barcelona,2015-11-25,10.130020833333333
Barcelona,2015-11-26,11.283395833333316
Barcelona,2015-11-27,10.548520833333328
Barcelona,2015-11-28,10.40881250000001
Barcelona,2015-11-29,9.91166666666669
Barcelona,2015-11-30,10.176125000000013
Barcelona,2015-12-01,10.185416666666697
Barcelona,2015-12-02,10.325833333333321
Barcelona,2015-12-03,10.435529947916677
Barcelona,2015-12-04,10.939062499999977
Barcelona,2015-12-05,11.768729166666674
Barcelona,2015-12-06,12.736437500000022
Barcelona,2015-12-07,13.264520833333336
Barcelona,2015-12-08,14.191458333333344
Barcelona,2015-12-09,13.702062500000011
Barcelona,2015-12-10,11.36433333333332
Barcelona,2015-12-11,11.23570833333332
Barcelona,2015-12-12,10.175541666666675
Barcelona,2015-12-13,9.832251302083364
Barcelona,2015-12-14,8.969333333333338
Barcelona,2015-12-15,11.543833333333339
Barcelona,2015-12-16,12.5
Barcelona,2015-12-17,12.775624999999991
Barcelona,2015-12-18,11.271749999999997
Barcelona,2015-12-19,11.440500000000043
Barcelona,2015-12-20,11.602208333333351
Barcelona,2015-12-21,11.908604166666692
Barcelona,2015-12-22,10.769833333333338
Barcelona,2015-12-23,11.814833333333354
Barcelona,2015-12-24,12.595916666666653
Barcelona,2015-12-25,10.352062500000045
Barcelona,2015-12-26,10.317499999999995
Barcelona,2015-12-27,10.671458333333362
Barcelona,2015-12-28,11.23320833333338
Barcelona,2015-12-29,12.81754166666667
Barcelona,2015-12-30,11.14518750000002
Barcelona,2015-12-31,11.032791666666697
Barcelona,2016-01-01,10.893791666666687
Barcelona,2016-01-02,11.67729166666669
Barcelona,2016-01-03,9.699166666666713
Barcelona,2016-01-04,11.492291666666688
Barcelona,2016-01-05,9.667458333333343
Barcelona,2016-01-06,8.82679166666668
Barcelona,2016-01-07,13.229874999999993
Barcelona,2016-01-08,16.34070833333334
Barcelona,2016-01-09,14.724125000000015
Barcelona,2016-01-10,14.446187500000008
Barcelona,2016-01-11,15.938708333333352
Barcelona,2016-01-12,13.089520833333324
Barcelona,2016-01-13,10.191000000000031
Barcelona,2016-01-14,12.284249999999986
Barcelona,2016-01-15,9.766416666666657
Barcelona,2016-01-16,8.535958333333326
Barcelona,2016-01-17,7.086000000000013
Barcelona,2016-01-18,9.096104166666692
Barcelona,2016-01-19,8.72245833333335
Barcelona,2016-01-20,9.110062500000026
Barcelona,2016-01-21,8.88452083333334
Barcelona,2016-01-22,9.61279166666668
Barcelona,2016-01-23,11.940979166666693
Barcelona,2016-01-24,11.563499999999976
Barcelona,2016-01-25,13.699417968750026
Barcelona,2016-01-26,12.814520833333347
Barcelona,2016-01-27,11.920458333333329
Barcelona,2016-01-28,11.84583333333336
Barcelona,2016-01-29,12.3125
Barcelona,2016-01-30,11.777604166666663
Barcelona,2016-01-31,11.3878619791667
Barcelona,2016-02-01,13.660229166666682
Barcelona,2016-02-02,11.994937499999992
Barcelona,2016-02-03,13.348749999999995
Barcelona,2016-02-04,9.83833333333331
Barcelona,2016-02-05,10.23645833333336
Barcelona,2016-02-06,11.083333333333314
Barcelona,2016-02-07,12
Barcelona,2016-02-08,11.875
Barcelona,2016-02-09,15.833333333333314
Barcelona,2016-02-10,14.634104166666646
Barcelona,2016-02-11,12.021625000000029
Barcelona,2016-02-12,13.525132812499976
Barcelona,2016-02-13,17.0625
Barcelona,2016-02-14,14.590374999999995
Barcelona,2016-02-15,10.145833333333314
Barcelona,2016-02-16,8.485729166666658
Barcelona,2016-02-17,7.244993489583351
Barcelona,2016-02-18,7.793416666666644
Barcelona,2016-02-19,8.632488281250005
Barcelona,2016-02-20,8.9423828125
Barcelona,2016-02-21,10.603416666666647
Barcelona,2016-02-22,14.067291666666677
Barcelona,2016-02-23,12.599375000000009
Barcelona,2016-02-24,11.607708333333335
Barcelona,2016-02-25,12.544145833333346
Barcelona,2016-02-26,11.818125000000009
Barcelona,2016-02-27,10.730916666666644
Barcelona,2016-02-28,10.72245833333335
Barcelona,2016-02-29,12.181125000000009
Barcelona,2016-03-01,12.079437499999983
Barcelona,2016-03-02,13.643208333333348
Barcelona,2016-03-03,13.423125000000027
Barcelona,2016-03-04,12.026578125000015
Barcelona,2016-03-05,12.707166666666694
Barcelona,2016-03-06,9.929145833333337
Barcelona,2016-03-07,10.105354166666643
Barcelona,2016-03-08,10.537166666666678
Barcelona,2016-03-09,8.80754166666668
Barcelona,2016-03-10,9.255145833333358
Barcelona,2016-03-11,9.88862499999999
Barcelona,2016-03-12,10.315791666666655
Barcelona,2016-03-13,9.999541666666687
Barcelona,2016-03-14,10.712249999999983
Barcelona,2016-03-15,10.444729166666662
Barcelona,2016-03-16,10.241499999999974
Barcelona,2016-03-17,9.6875
Barcelona,2016-03-18,10.20522916666664
Barcelona,2016-03-19,12.53897916666665
Barcelona,2016-03-20,13.010270833333323
Barcelona,2016-03-21,12.256791666666686
Barcelona,2016-03-22,12.270833333333314
Barcelona,2016-03-23,12.601791666666657
Barcelona,2016-03-24,11.88708333333335
Barcelona,2016-03-25,12.378854166666656
Barcelona,2016-03-26,13.350541666666686
Barcelona,2016-03-27,13.56358695652176
Barcelona,2016-03-28,14.100937499999986
Barcelona,2016-03-29,15.520833333333314
Barcelona,2016-03-30,13.638208333333353
Barcelona,2016-03-31,15.08631250000002
Barcelona,2016-04-01,11.606875000000002
Barcelona,2016-04-02,12.678249999999991
Barcelona,2016-04-03,12.978166666666652
Barcelona,2016-04-04,13.979833333333318
Barcelona,2016-04-05,14.15470833333336
Barcelona,2016-04-06,14.681208333333359
Barcelona,2016-04-07,14.25
Barcelona,2016-04-08,11.630791666666653
Barcelona,2016-04-09,12.458333333333314
Barcelona,2016-04-10,13.41358333333335
Barcelona,2016-04-11,14.712625000000003
Barcelona,2016-04-12,14.88558333333333
Barcelona,2016-04-13,16.463395833333323
Barcelona,2016-04-14,15.395833333333314
Barcelona,2016-04-15,15.604166666666686
Barcelona,2016-04-16,16.479166666666686
Barcelona,2016-04-17,18.183625000000006
Barcelona,2016-04-18,14.737250000000017
Barcelona,2016-04-19,13.791666666666686
Barcelona,2016-04-20,16.895833333333314
Barcelona,2016-04-21,14.23066666666665
Barcelona,2016-04-22,14.137625000000014
Barcelona,2016-04-23,14.529979166666692
Barcelona,2016-04-24,13.915833333333353
Barcelona,2016-04-25,12.880270833333384
Barcelona,2016-04-26,13.2145221354167
Barcelona,2016-04-27,12.74312500000002
Barcelona,2016-04-28,11.484947916666727
Barcelona,2016-04-29,13.45166666666671
Barcelona,2016-04-30,12.834166666666704
Barcelona,2016-05-01,13.041250000000048
Barcelona,2016-05-02,15.361666666666679
Barcelona,2016-05-03,15.52458333333334
Barcelona,2016-05-04,16.344166666666695
Barcelona,2016-05-05,15.53000000000003
Barcelona,2016-05-06,15.141666666666708
Barcelona,2016-05-07,15.009166666666658
Barcelona,2016-05-08,14.257083333333355
Barcelona,2016-05-09,15.459166666666704
Barcelona,2016-05-10,15.136250000000018
Barcelona,2016-05-11,15.30583333333334
Barcelona,2016-05-12,16.071666666666715
Barcelona,2016-05-13,15.881666666666717
Barcelona,2016-05-14,16.6829166666667
Barcelona,2016-05-15,18.004999999999995
Barcelona,2016-05-16,17.537083333333328
Barcelona,2016-05-17,16.42500000000001
Barcelona,2016-05-18,17.279166666666697
Barcelona,2016-05-19,17.752916666666692
Barcelona,2016-05-20,18.06458333333336
Barcelona,2016-05-21,18.620833333333337
Barcelona,2016-05-22,17.33250000000004
Barcelona,2016-05-23,16.01416666666671
Barcelona,2016-05-24,16.636250000000018
Barcelona,2016-05-25,18.655833333333362
Barcelona,2016-05-26,18.870000000000005
Barcelona,2016-05-27,19.177916666666704
Barcelona,2016-05-28,19.174583333333374
Barcelona,2016-05-29,19.869583333333367
Barcelona,2016-05-30,18.534166666666692
Barcelona,2016-05-31,17.497083333333364
Barcelona,2016-06-01,18.11250000000001
Barcelona,2016-06-02,18.42375000000004
Barcelona,2016-06-03,19.60833333333335
Barcelona,2016-06-04,20.037083333333385
Barcelona,2016-06-05,21.632916666666688
Barcelona,2016-06-06,21.313750000000027
Barcelona,2016-06-07,22.744166666666672
Barcelona,2016-06-08,22.747500000000002
Barcelona,2016-06-09,23.245000000000005
Barcelona,2016-06-10,23.013750000000016
Barcelona,2016-06-11,21.44958333333335
Barcelona,2016-06-12,21.630833333333328
Barcelona,2016-06-13,22.094583333333333
Barcelona,2016-06-14,22.70291666666668
Barcelona,2016-06-15,21.02141666666671
Barcelona,2016-06-16,20.287083333333328
Barcelona,2016-06-17,19.537500000000023
Barcelona,2016-06-18,17.726666666666688
Barcelona,2016-06-19,18.810000000000002
Barcelona,2016-06-20,20.562916666666695
Barcelona,2016-06-21,22.859583333333376
Barcelona,2016-06-22,24.120000000000005
Barcelona,2016-06-23,24.081666666666706
Barcelona,2016-06-24,23.730416666666656
Barcelona,2016-06-25,24.099583333333328
Barcelona,2016-06-26,22.898750000000007
Barcelona,2016-06-27,22.769583333333344
Barcelona,2016-06-28,23.724583333333328
Barcelona,2016-06-29,24.329583333333346
Barcelona,2016-06-30,24.3366666666667
Barcelona,2016-07-01,24.556666666666672
Barcelona,2016-07-02,23.780416666666667
Barcelona,2016-07-03,23.612916666666706
Barcelona,2016-07-04,24.012500000000045
Barcelona,2016-07-05,25.450833333333378
Barcelona,2016-07-06,26.371666666666727
Barcelona,2016-07-07,25.892083333333346
Barcelona,2016-07-08,26.77000000000004
Barcelona,2016-07-09,26.961250000000007
Barcelona,2016-07-10,27.605416666666713
Barcelona,2016-07-11,26.846666666666692
Barcelona,2016-07-12,24.912083333333385
Barcelona,2016-07-13,23.055000000000007
Barcelona,2016-07-14,21.79266666666672
Barcelona,2016-07-15,22.00320833333336
Barcelona,2016-07-16,23.640291666666712
Barcelona,2016-07-17,24.455750000000023
Barcelona,2016-07-18,24.551375000000007
Barcelona,2016-07-19,23.225333333333367
Barcelona,2016-07-20,23.305666666666696
Barcelona,2016-07-21,25.18787500000002
Barcelona,2016-07-22,24.43083333333334
Barcelona,2016-07-23,23.356250000000045
Barcelona,2016-07-24,24.48333333333335
Barcelona,2016-07-25,25.881250000000023
Barcelona,2016-07-26,25.89625000000001
Barcelona,2016-07-27,25.321666666666715
Barcelona,2016-07-28,25.604166666666686
Barcelona,2016-07-29,25.93958333333336
Barcelona,2016-07-30,26.700416666666683
Barcelona,2016-07-31,26.073750000000018
Barcelona,2016-08-01,25.70166666666671
Barcelona,2016-08-02,26.237916666666706
Barcelona,2016-08-03,26.812083333333362
Barcelona,2016-08-04,27.635000000000048
Barcelona,2016-08-05,24.99083333333334
Barcelona,2016-08-06,24.590000000000032
Barcelona,2016-08-07,24.397500000000036
Barcelona,2016-08-08,26.46750000000003
Barcelona,2016-08-09,24.769458333333375
Barcelona,2016-08-10,22.81562500000001
Barcelona,2016-08-11,21.880833333333328
Barcelona,2016-08-12,23.376666666666665
Barcelona,2016-08-13,23.44625000000002
Barcelona,2016-08-14,23.86125000000004
Barcelona,2016-08-15,24.53000000000003
Barcelona,2016-08-16,24.74875000000003
Barcelona,2016-08-17,25.398750000000007
Barcelona,2016-08-18,25.0266666666667
Barcelona,2016-08-19,25.653750000000002
Barcelona,2016-08-20,25.241666666666674
Barcelona,2016-08-21,24.981250000000045
Barcelona,2016-08-22,24.868750000000034
Barcelona,2016-08-23,24.685416666666697
Barcelona,2016-08-24,25.272916666666674
Barcelona,2016-08-25,25.10791666666671
Barcelona,2016-08-26,24.40625
Barcelona,2016-08-27,24.54000000000002
Barcelona,2016-08-28,25.719166666666695
Barcelona,2016-08-29,25.242500000000007
Barcelona,2016-08-30,23.324166666666713
Barcelona,2016-08-31,23.87833333333333
Barcelona,2016-09-01,25.8132291666667
Barcelona,2016-09-02,25.78125
Barcelona,2016-09-03,26.57916666666671
Barcelona,2016-09-04,27.622083333333364
Barcelona,2016-09-05,27.49875000000003
Barcelona,2016-09-06,26.410000000000025
Barcelona,2016-09-07,25.066250000000025
Barcelona,2016-09-08,24.250416666666695
Barcelona,2016-09-09,25.11833333333334
Barcelona,2016-09-10,24.197083333333353
Barcelona,2016-09-11,25.05208333333337
Barcelona,2016-09-12,24.87708333333336
Barcelona,2016-09-13,24.034166666666692
Barcelona,2016-09-14,20.783749999999998
Barcelona,2016-09-15,18.917500000000018
Barcelona,2016-09-16,20.155416666666667
Barcelona,2016-09-17,19.10791666666671
Barcelona,2016-09-18,19.058333333333337
Barcelona,2016-09-19,20.640833333333376
Barcelona,2016-09-20,20.735833333333346
Barcelona,2016-09-21,21.426625
Barcelona,2016-09-22,21.327500000000043
Barcelona,2016-09-23,21.169583333333378
Barcelona,2016-09-24,20.069583333333355
Barcelona,2016-09-25,20.123333333333335
Barcelona,2016-09-26,19.853333333333353
Barcelona,2016-09-27,21.294583333333378
Barcelona,2016-09-28,21.403750000000002
Barcelona,2016-09-29,20.558333333333337
Barcelona,2016-09-30,20.50208333333336
Barcelona,2016-10-01,20.545000000000016
Barcelona,2016-10-02,20.739166666666677
Barcelona,2016-10-03,20.527083333333337
Barcelona,2016-10-04,20.747500000000002
Barcelona,2016-10-05,19.923541666666722
Barcelona,2016-10-06,18.41670833333336
Barcelona,2016-10-07,19.399916666666684
Barcelona,2016-10-08,20.618875000000003
Barcelona,2016-10-09,18.620916666666687
Barcelona,2016-10-10,16.990666666666698
Barcelona,2016-10-11,17.982666666666717
Barcelona,2016-10-12,17.42633333333339
Barcelona,2016-10-13,18.678416666666692
Barcelona,2016-10-14,17.382437500000037
Barcelona,2016-10-15,19.021791666666672
Barcelona,2016-10-16,20.16670833333336
Barcelona,2016-10-17,20.728958333333367
Barcelona,2016-10-18,19.056500000000028
Barcelona,2016-10-19,19.618437500000027
Barcelona,2016-10-20,17.25608333333338
Barcelona,2016-10-21,15.493375000000015
Barcelona,2016-10-22,16.306812500000035
Barcelona,2016-10-23,18.2177916666667
Barcelona,2016-10-24,19.628458333333356
Barcelona,2016-10-25,20.506083333333322
Barcelona,2016-10-26,19.6949166666667
Barcelona,2016-10-27,18.52733333333333
Barcelona,2016-10-28,17.418208333333325
Barcelona,2016-10-29,16.686583333333374
Barcelona,2016-10-30,15.806200000000047
Barcelona,2016-10-31,15.266750000000002
Barcelona,2016-11-01,16.423250000000053
Barcelona,2016-11-02,15.729166666666686
Barcelona,2016-11-03,14.395833333333314
Barcelona,2016-11-04,15.609166666666681
Barcelona,2016-11-05,17.920000000000016
Barcelona,2016-11-06,13.377499999999998
Barcelona,2016-11-07,10.203333333333319
Barcelona,2016-11-08,10.25
Barcelona,2016-11-09,13.281666666666695
Barcelona,2016-11-10,13.049166666666679
Barcelona,2016-11-11,12.729166666666686
Barcelona,2016-11-12,13.294166666666683
Barcelona,2016-11-13,12.257499999999993
Barcelona,2016-11-14,12.895833333333314
Barcelona,2016-11-15,10.157500000000027
Barcelona,2016-11-16,9.346666666666692
Barcelona,2016-11-17,10.895833333333314
Barcelona,2016-11-18,12.916666666666686
Barcelona,2016-11-19,13.8125
Barcelona,2016-11-20,14.208333333333314
Barcelona,2016-11-21,17.01583333333332
Barcelona,2016-11-22,16.437083333333362
Barcelona,2016-11-23,16.837916666666672
Barcelona,2016-11-24,10.87243749999999
Barcelona,2016-11-25,8.895833333333314
Barcelona,2016-11-26,10.712499999999977
Barcelona,2016-11-27,13.916666666666686
Barcelona,2016-11-28,11.333333333333314
Barcelona,2016-11-29,11.206250000000011
Barcelona,2016-11-30,10.491666666666674
Barcelona,2016-12-01,8.25
Barcelona,2016-12-02,7.6875
Barcelona,2016-12-03,7.416666666666686
Barcelona,2016-12-04,12.46875
Barcelona,2016-12-05,14.666666666666686
Barcelona,2016-12-06,12
Barcelona,2016-12-07,10.49333333333334
Barcelona,2016-12-08,10.345000000000027
Barcelona,2016-12-09,10.416666666666686
Barcelona,2016-12-10,10.9375
Barcelona,2016-12-11,9.955833333333317
Barcelona,2016-12-12,8.833333333333314
Barcelona,2016-12-13,8.979166666666686
Barcelona,2016-12-14,9.799166666666679
Barcelona,2016-12-15,8.8125
Barcelona,2016-12-16,10.812083333333362
Barcelona,2016-12-17,12.1875
Barcelona,2016-12-18,8.541666666666686
Barcelona,2016-12-19,7.620833333333337
Barcelona,2016-12-20,10.856666666666683
Barcelona,2016-12-21,10.854166666666686
Barcelona,2016-12-22,9.770833333333314
Barcelona,2016-12-23,9.229166666666686
Barcelona,2016-12-24,8.919166666666683
Barcelona,2016-12-25,8.770833333333314
Barcelona,2016-12-26,9.398333333333312
Barcelona,2016-12-27,8.958333333333314
Barcelona,2016-12-28,8
Barcelona,2016-12-29,6.75
Barcelona,2016-12-30,7.333333333333314
Barcelona,2016-12-31,7.435000000000002
Barcelona,2017-01-01,5.916666666666686
Barcelona,2017-01-02,6.229166666666686
Barcelona,2017-01-03,6.020833333333314
Barcelona,2017-01-04,8.299166666666679
Barcelona,2017-01-05,6.375
Barcelona,2017-01-06,4.875
Barcelona,2017-01-07,4.8125
Barcelona,2017-01-08,6.622500000000002
Barcelona,2017-01-09,6.389999999999986
Barcelona,2017-01-10,6.458333333333314
Barcelona,2017-01-11,7.583333333333314
Barcelona,2017-01-12,11.5625
Barcelona,2017-01-13,10.918749999999989
Barcelona,2017-01-14,6.5
Barcelona,2017-01-15,6.375
Barcelona,2017-01-16,6.4375
Barcelona,2017-01-17,4.854166666666686
Barcelona,2017-01-18,2.5208333333333144
Barcelona,2017-01-19,5.166666666666686
Barcelona,2017-01-20,8.979166666666686
Barcelona,2017-01-21,10.3125
Barcelona,2017-01-22,9.523333333333312
Barcelona,2017-01-23,8.729166666666686
Barcelona,2017-01-24,8.16537500000004
Barcelona,2017-01-25,8.088083333333373
Barcelona,2017-01-26,6.439999999999998
Barcelona,2017-01-27,9.332916666666677
Barcelona,2017-01-28,11.082916666666677
Barcelona,2017-01-29,8.5625
Barcelona,2017-01-30,9.395833333333314
Barcelona,2017-01-31,10.75
Barcelona,2017-02-01,10.416666666666686
Barcelona,2017-02-02,11.129999999999995
Barcelona,2017-02-03,11.479166666666686
Barcelona,2017-02-04,13.932500000000005
Barcelona,2017-02-05,12.487166666666667
Barcelona,2017-02-06,11.541666666666686
Barcelona,2017-02-07,13.145833333333314
Barcelona,2017-02-08,10.370000000000005
Barcelona,2017-02-09,7.708333333333314
Barcelona,2017-02-10,8.4375
Barcelona,2017-02-11,9.75
Barcelona,2017-02-12,13.25
Barcelona,2017-02-13,13.440403645833328
Barcelona,2017-02-14,12.455358072916681
Barcelona,2017-02-15,11.720083333333378
Barcelona,2017-02-16,12.18950000000001
Barcelona,2017-02-17,11.391375000000039
Barcelona,2017-02-18,11.6204166666667
Barcelona,2017-02-19,11.389500000000055
Barcelona,2017-02-20,11.385833333333323
Barcelona,2017-02-21,12.469488281249994
Barcelona,2017-02-22,12.1875
Barcelona,2017-02-23,12.5
Barcelona,2017-02-24,11.9375
Barcelona,2017-02-25,10.041666666666686
Barcelona,2017-02-26,10.041666666666686
Barcelona,2017-02-27,12.770833333333314
Barcelona,2017-02-28,14
Barcelona,2017-03-01,11.104166666666686
Barcelona,2017-03-02,11.979166666666686
Barcelona,2017-03-03,12.4375
Barcelona,2017-03-04,10.584166666666647
Barcelona,2017-03-05,10.4375
Barcelona,2017-03-06,15.794166666666683
Barcelona,2017-03-07,13.354166666666686
Barcelona,2017-03-08,13.379999999999995
Barcelona,2017-03-09,13.228333333333353
Barcelona,2017-03-10,14.875
Barcelona,2017-03-11,14.041666666666686
Barcelona,2017-03-12,13.604166666666686
Barcelona,2017-03-13,14.833333333333314
Barcelona,2017-03-14,13.704166666666652
Barcelona,2017-03-15,12.770833333333314
Barcelona,2017-03-16,12.604166666666686
Barcelona,2017-03-17,13.4375
Barcelona,2017-03-18,13.625
Barcelona,2017-03-19,13.666666666666686
Barcelona,2017-03-20,13.768750000000011
Barcelona,2017-03-21,12.973749999999995
Barcelona,2017-03-22,14.208333333333314
Barcelona,2017-03-23,12.625
Barcelona,2017-03-24,9.125
Barcelona,2017-03-25,9.848333333333358
Barcelona,2017-03-26,11.869521739130448
Barcelona,2017-03-27,11.499583333333362
Barcelona,2017-03-28,11.797750000000008
Barcelona,2017-03-29,14.25
Barcelona,2017-03-30,14.5625
Barcelona,2017-03-31,13.583333333333314
Barcelona,2017-04-01,12.270833333333314
Barcelona,2017-04-02,11.395833333333314
Barcelona,2017-04-03,14.041666666666686
Barcelona,2017-04-04,15.104166666666686
Barcelona,2017-04-05,15.041666666666686
Barcelona,2017-04-06,13.770833333333314
Barcelona,2017-04-07,14.333333333333314
Barcelona,2017-04-08,14.895833333333314
Barcelona,2017-04-09,14.364583333333314
Barcelona,2017-04-10,15.979166666666686
Barcelona,2017-04-11,16.1875
Barcelona,2017-04-12,15.895833333333314
Barcelona,2017-04-13,15.002688802083355
Barcelona,2017-04-14,16.721249999999998
Barcelona,2017-04-15,16.210833333333312
Barcelona,2017-04-16,15.958333333333314
Barcelona,2017-04-17,16.020833333333314
Barcelona,2017-04-18,16
Barcelona,2017-04-19,14.25
Barcelona,2017-04-20,11.916666666666686
Barcelona,2017-04-21,11.5
Barcelona,2017-04-22,13.354166666666686
Barcelona,2017-04-23,14.916666666666686
Barcelona,2017-04-24,15.395833333333314
Barcelona,2017-04-25,15.359583333333319
Barcelona,2017-04-26,14.060000000000002
Barcelona,2017-04-27,9.145833333333314
Barcelona,2017-04-28,10.375
Barcelona,2017-04-29,11.854166666666686
Barcelona,2017-04-30,15.479166666666686
Barcelona,2017-05-01,14.354166666666686
Barcelona,2017-05-02,14.583333333333314
Barcelona,2017-05-03,14.895833333333314
Barcelona,2017-05-04,15.604166666666686
Barcelona,2017-05-05,17.0625
Barcelona,2017-05-06,19.354166666666686
Barcelona,2017-05-07,16.458333333333314
Barcelona,2017-05-08,16.5
Barcelona,2017-05-09,16.104166666666686
Barcelona,2017-05-10,17.5625
Barcelona,2017-05-11,17.83041666666668
Barcelona,2017-05-12,19.375
Barcelona,2017-05-13,20.435416666666697
Barcelona,2017-05-14,19.875
Barcelona,2017-05-15,20.041666666666686
Barcelona,2017-05-16,20.791666666666686
Barcelona,2017-05-17,20.75
Barcelona,2017-05-18,18.854166666666686
Barcelona,2017-05-19,16.583333333333314
Barcelona,2017-05-20,18.0625
Barcelona,2017-05-21,18.458333333333314
Barcelona,2017-05-22,20.229166666666686
Barcelona,2017-05-23,21.125
Barcelona,2017-05-24,23.208333333333314
Barcelona,2017-05-25,23.604166666666686
Barcelona,2017-05-26,20.528333333333308
Barcelona,2017-05-27,21.07499999999999
Barcelona,2017-05-28,21.208333333333314
Barcelona,2017-05-29,21.54916666666668
Barcelona,2017-05-30,20.666666666666686
Barcelona,2017-05-31,20.854166666666686
Barcelona,2017-06-01,21.5
Barcelona,2017-06-02,22.083333333333314
Barcelona,2017-06-03,23.666666666666686
Barcelona,2017-06-04,21.145833333333314
Barcelona,2017-06-05,20.04124999999999
Barcelona,2017-06-06,21.520833333333314
Barcelona,2017-06-07,19.604166666666686
Barcelona,2017-06-08,22.125
Barcelona,2017-06-09,21.9375
Barcelona,2017-06-10,23.291666666666686
Barcelona,2017-06-11,24.65833333333336
Barcelona,2017-06-12,24.895833333333314
Barcelona,2017-06-13,26.372500000000002
Barcelona,2017-06-14,26.666666666666686
Barcelona,2017-06-15,26.708333333333314
Barcelona,2017-06-16,28.166666666666686
Barcelona,2017-06-17,26.895833333333314
Barcelona,2017-06-18,26.270833333333314
Barcelona,2017-06-19,25.115416666666647
Barcelona,2017-06-20,26.604166666666686
Barcelona,2017-06-21,26.795583333333354
Barcelona,2017-06-22,27.5
Barcelona,2017-06-23,27.583333333333314
Barcelona,2017-06-24,26.354166666666686
Barcelona,2017-06-25,25.229166666666686
Barcelona,2017-06-26,26.5
Barcelona,2017-06-27,25.625
Barcelona,2017-06-28,25.54916666666668
Barcelona,2017-06-29,22.54916666666668
Barcelona,2017-06-30,22.417500000000018
Barcelona,2017-07-01,20.75
Barcelona,2017-07-02,21.809283854166665
Barcelona,2017-07-03,23.354166666666686
Barcelona,2017-07-04,24.28333333333336
Barcelona,2017-07-05,23.333333333333314
Barcelona,2017-07-06,25.155833333333362
Barcelona,2017-07-07,26.104166666666686
Barcelona,2017-07-08,26.528333333333308
Barcelona,2017-07-09,25.604166666666686
Barcelona,2017-07-10,25.073979166666675
Barcelona,2017-07-11,25.944999999999993
Barcelona,2017-07-12,26.458333333333314
Barcelona,2017-07-13,26.520833333333314
Barcelona,2017-07-14,25.916666666666686
Barcelona,2017-07-15,26.47416666666669
Barcelona,2017-07-16,26.393333333333317
Barcelona,2017-07-17,26.25
Barcelona,2017-07-18,26.416666666666686
Barcelona,2017-07-19,26.375
Barcelona,2017-07-20,26.479166666666686
Barcelona,2017-07-21,25.354166666666686
Barcelona,2017-07-22,25.5
Barcelona,2017-07-23,25.33458333333334
Barcelona,2017-07-24,24.3125
Barcelona,2017-07-25,24.46333333333331
Barcelona,2017-07-26,24.060000000000002
Barcelona,2017-07-27,25.114583333333314
Barcelona,2017-07-28,26.354166666666686
Barcelona,2017-07-29,26.075416666666683
Barcelona,2017-07-30,26.231666666666683
Barcelona,2017-07-31,26.685000000000002
Barcelona,2017-08-01,26.604166666666686
Barcelona,2017-08-02,27.729166666666686
Barcelona,2017-08-03,28.428875000000005
Barcelona,2017-08-04,28.89416666666665
Barcelona,2017-08-05,29.387916666666683
Barcelona,2017-08-06,27.692499999999995
Barcelona,2017-08-07,26.976666666666688
Barcelona,2017-08-08,26.375
Barcelona,2017-08-09,22.712916666666672
Barcelona,2017-08-10,21.375
Barcelona,2017-08-11,21.745000000000005
Barcelona,2017-08-12,23.4375
Barcelona,2017-08-13,23.71333333333331
Barcelona,2017-08-14,25
Barcelona,2017-08-15,24.229166666666686
Barcelona,2017-08-16,25.30172916666669
Barcelona,2017-08-17,26.166666666666686
Barcelona,2017-08-18,26.958333333333314
Barcelona,2017-08-19,25.645833333333314
Barcelona,2017-08-20,25.377499999999998
Barcelona,2017-08-21,25.020833333333314
Barcelona,2017-08-22,25.75
Barcelona,2017-08-23,25.666666666666686
Barcelona,2017-08-24,26.333333333333314
Barcelona,2017-08-25,25.229166666666686
Barcelona,2017-08-26,25.810000000000002
Barcelona,2017-08-27,26.25
Barcelona,2017-08-28,26.541666666666686
Barcelona,2017-08-29,27.28125
Barcelona,2017-08-30,25.375
Barcelona,2017-08-31,22.417500000000018
Barcelona,2017-09-01,22
Barcelona,2017-09-02,22.311666666666667
Barcelona,2017-09-03,22.4375
Barcelona,2017-09-04,23.25
Barcelona,2017-09-05,24.112083333333317
Barcelona,2017-09-06,24.479166666666686
Barcelona,2017-09-07,22.770833333333314
Barcelona,2017-09-08,21.479166666666686
Barcelona,2017-09-09,20.4375
Barcelona,2017-09-10,19.541666666666686
Barcelona,2017-09-11,21.305000000000007
Barcelona,2017-09-12,21.645833333333314
Barcelona,2017-09-13,22.458333333333314
Barcelona,2017-09-14,23.0625
Barcelona,2017-09-15,15.395833333333314
Barcelona,2017-09-16,15.916666666666686
Barcelona,2017-09-17,17.458333333333314
Barcelona,2017-09-18,19.0625
Barcelona,2017-09-19,19.1875
Barcelona,2017-09-20,18.5625
Barcelona,2017-09-21,19.504260416666682
Barcelona,2017-09-22,20.060000000000002
Barcelona,2017-09-23,20.375
Barcelona,2017-09-24,21.710833333333312
Barcelona,2017-09-25,21.174583333333317
Barcelona,2017-09-26,20.195416666666688
Barcelona,2017-09-27,20.5
Barcelona,2017-09-28,20.257916666666688
Barcelona,2017-09-29,20.190416666666692
Barcelona,2017-09-30,20.057500000000005
Barcelona,2017-10-01,19.5625
Barcelona,2017-10-02,20.689999999999998
Barcelona,2017-10-03,21.666666666666686
Barcelona,2017-10-04,20.791666666666686
Barcelona,2017-10-05,21.731666666666683
Barcelona,2017-10-06,21.270833333333314
Barcelona,2017-10-07,19.4375
Barcelona,2017-10-08,18.270833333333314
Barcelona,2017-10-09,18.645833333333314
Barcelona,2017-10-10,19.791666666666686
Barcelona,2017-10-11,20.362083333333317
Barcelona,2017-10-12,20.27583333333331
Barcelona,2017-10-13,20.63749999999999
Barcelona,2017-10-14,19.837583333333328
Barcelona,2017-10-15,19.87291666666664
Barcelona,2017-10-16,20.020833333333314
Barcelona,2017-10-17,19.083333333333314
Barcelona,2017-10-18,18.981666666666683
Barcelona,2017-10-19,16.419166666666683
Barcelona,2017-10-20,18.708333333333314
Barcelona,2017-10-21,18.898333333333312
Barcelona,2017-10-22,18.08833333333331
Barcelona,2017-10-23,16.083333333333314
Barcelona,2017-10-24,16.541666666666686
Barcelona,2017-10-25,17.354166666666686
Barcelona,2017-10-26,17.52583333333331
Barcelona,2017-10-27,18.270833333333314
Barcelona,2017-10-28,17.729166666666686
Barcelona,2017-10-29,16.732799999999997
Barcelona,2017-10-30,15.291666666666686
Barcelona,2017-10-31,15.25
Barcelona,2017-11-01,14.314999999999998
Barcelona,2017-11-02,17.1875
Barcelona,2017-11-03,16.627499999999998
Barcelona,2017-11-04,17.125
Barcelona,2017-11-05,16
Barcelona,2017-11-06,12.208333333333314
Barcelona,2017-11-07,9.219166666666695
Barcelona,2017-11-08,9.020833333333314
Barcelona,2017-11-09,9.458333333333314
Barcelona,2017-11-10,9.6875
Barcelona,2017-11-11,10.875
Barcelona,2017-11-12,12.916666666666686
Barcelona,2017-11-13,12.625
Barcelona,2017-11-14,9.46875
Barcelona,2017-11-15,8.208333333333314
Barcelona,2017-11-16,9.104166666666686
Barcelona,2017-11-17,10.403750000000002
Barcelona,2017-11-18,10.864583333333314
Barcelona,2017-11-19,10.408749999999998
Barcelona,2017-11-20,10.166666666666686
Barcelona,2017-11-21,10.742500000000007
Barcelona,2017-11-22,10.945416666666688
Barcelona,2017-11-23,12.155833333333362
Barcelona,2017-11-24,14.031666666666638
Barcelona,2017-11-25,13.465833333333308
Barcelona,2017-11-26,9.567499999999995
Barcelona,2017-11-27,7.590833333333308
Barcelona,2017-11-28,8.163749999999993
Barcelona,2017-11-29,7.2549999999999955
Barcelona,2017-11-30,6.541666666666686
Barcelona,2017-12-01,5.3125
Barcelona,2017-12-02,5.359166666666681
Barcelona,2017-12-03,6.15083333333331
Barcelona,2017-12-04,5.5
Barcelona,2017-12-05,6.126705729166645
Barcelona,2017-12-06,6.591764322916674
Barcelona,2017-12-07,7.679583333333312
Barcelona,2017-12-08,7.667500000000018
Barcelona,2017-12-09,7.0625
Barcelona,2017-12-10,11.747500000000002
Barcelona,2017-12-11,13.397083333333342
Barcelona,2017-12-12,7.867083333333312
Barcelona,2017-12-13,6.642916666666679
Barcelona,2017-12-14,11.545833333333348
Barcelona,2017-12-15,11.648333333333312
Barcelona,2017-12-16,8.403750000000002
Barcelona,2017-12-17,6.635416666666686
Barcelona,2017-12-18,5.737083333333317
Barcelona,2017-12-19,6.945416666666688
Barcelona,2017-12-20,7.627499999999998
Barcelona,2017-12-21,9.40083333333331
Barcelona,2017-12-22,9.774875000000009
Barcelona,2017-12-23,9.086250000000007
Barcelona,2017-12-24,7.625833333333333
Barcelona,2017-12-25,7.799583333333317
Barcelona,2017-12-26,8.835833333333312
Barcelona,2017-12-27,10.33833333333331
Barcelona,2017-12-28,7.96875
Barcelona,2017-12-29,7.645833333333314
Barcelona,2017-12-30,13.652083333333337
Barcelona,2017-12-31,11.536249999999995
Barcelona,2018-01-01,12.475833333333355
Barcelona,2018-01-02,12.729166666666686
Barcelona,2018-01-03,16.47874999999999
Barcelona,2018-01-04,18.4375
Barcelona,2018-01-05,14.470416666666665
Barcelona,2018-01-06,11.031666666666695
Barcelona,2018-01-07,11.491666666666674
Barcelona,2018-01-08,7.464166666666642
Barcelona,2018-01-09,8.252499999999998
Barcelona,2018-01-10,9.460833333333312
Barcelona,2018-01-11,10.05916666666667
Barcelona,2018-01-12,7.084583333333342
Barcelona,2018-01-13,6.539583333333326
Barcelona,2018-01-14,8.555000000000007
Barcelona,2018-01-15,6.992916666666645
Barcelona,2018-01-16,11.47083333333336
Barcelona,2018-01-17,14.122083333333308
Barcelona,2018-01-18,9.958333333333314
Barcelona,2018-01-19,7.726666666666688
Barcelona,2018-01-20,10.157916666666665
Barcelona,2018-01-21,16.45958333333334
Barcelona,2018-01-22,14.575750000000028
Barcelona,2018-01-23,11.63529166666666
Barcelona,2018-01-24,10.788749999999993
Barcelona,2018-01-25,11.611249999999984
Barcelona,2018-01-26,8.91291666666666
Barcelona,2018-01-27,9.017916666666679
Barcelona,2018-01-28,10.955416666666679
Barcelona,2018-01-29,9.948333333333323
Barcelona,2018-01-30,9
Barcelona,2018-01-31,8.833333333333314
Barcelona,2018-02-01,7.5625
Barcelona,2018-02-02,6.625
Barcelona,2018-02-03,6.854166666666686
Barcelona,2018-02-04,7.186666666666667
Barcelona,2018-02-05,8.291666666666686
Barcelona,2018-02-06,8.65083333333331
Barcelona,2018-02-07,6.385416666666686
Barcelona,2018-02-08,3.4166666666666856
Barcelona,2018-02-09,4.041666666666686
Barcelona,2018-02-10,6.018333333333317
Barcelona,2018-02-11,7.183749999999975
Barcelona,2018-02-12,8.21333333333331
Barcelona,2018-02-13,4.679166666666674
Barcelona,2018-02-14,6.49458333333331
Barcelona,2018-02-15,10.247500000000002
Barcelona,2018-02-16,12.020833333333314
Barcelona,2018-02-17,11.1875
Barcelona,2018-02-18,10.520833333333314
Barcelona,2018-02-19,9.1875
Barcelona,2018-02-20,11.541875000000005
Barcelona,2018-02-21,9.71912500000002
Barcelona,2018-02-22,5.729166666666686
Barcelona,2018-02-23,6.548666666666691
Barcelona,2018-02-24,6.416666666666686
Barcelona,2018-02-25,8.916666666666686
Barcelona,2018-02-26,6.604166666666686
Barcelona,2018-02-27,2.2708333333333144
Barcelona,2018-02-28,3.6397916666666674
Barcelona,2018-03-01,10.0625
Barcelona,2018-03-02,11.833333333333314
Barcelona,2018-03-03,12.833333333333314
Barcelona,2018-03-04,11.708333333333314
Barcelona,2018-03-05,10.604166666666686
Barcelona,2018-03-06,11.6875
Barcelona,2018-03-07,10.458333333333314
Barcelona,2018-03-08,10.085833333333312
Barcelona,2018-03-09,12
Barcelona,2018-03-10,15.020833333333314
Barcelona,2018-03-11,14.020833333333314
Barcelona,2018-03-12,14.291666666666686
Barcelona,2018-03-13,11.020833333333314
Barcelona,2018-03-14,11.395833333333314
Barcelona,2018-03-15,14.166666666666686
Barcelona,2018-03-16,12.689999999999998
Barcelona,2018-03-17,9.958333333333314
Barcelona,2018-03-18,8.9375
Barcelona,2018-03-19,8.777499999999975
Barcelona,2018-03-20,7.229166666666686
Barcelona,2018-03-21,8.645833333333314
Barcelona,2018-03-22,9.208333333333314
Barcelona,2018-03-23,10.395833333333314
Barcelona,2018-03-24,8.423686197916652
Barcelona,2018-03-25,10.189999999999998
Barcelona,2018-03-26,10.664583333333326
Barcelona,2018-03-27,11.083333333333314
Barcelona,2018-03-28,14.770833333333314
Barcelona,2018-03-29,13.5625
Barcelona,2018-03-30,13.164166666666688
Barcelona,2018-03-31,12.395833333333314
Barcelona,2018-04-01,11.291666666666686
Barcelona,2018-04-02,12.208333333333314
Barcelona,2018-04-03,14.395833333333314
Barcelona,2018-04-04,16.125
Barcelona,2018-04-05,14.5
Barcelona,2018-04-06,12.958333333333314
Barcelona,2018-04-07,14.692499999999995
Barcelona,2018-04-08,13.458333333333314
Barcelona,2018-04-09,13.125
Barcelona,2018-04-10,11.409625000000005
Barcelona,2018-04-11,11.854166666666686
Barcelona,2018-04-12,11.504999999999995
Barcelona,2018-04-13,12.375
Barcelona,2018-04-14,13.080833333333317
Barcelona,2018-04-15,15.770833333333314
Barcelona,2018-04-16,14.643333333333317
Barcelona,2018-04-17,16.395833333333314
Barcelona,2018-04-18,17.567499999999995
Barcelona,2018-04-19,17.083333333333314
Barcelona,2018-04-20,16.5
Barcelona,2018-04-21,17.416666666666686
Barcelona,2018-04-22,18.041666666666686
Barcelona,2018-04-23,17.91833333333335
Barcelona,2018-04-24,18.451333333333366
Barcelona,2018-04-25,18.810000000000002
Barcelona,2018-04-26,18.229166666666686
Barcelona,2018-04-27,17.645833333333314
Barcelona,2018-04-28,17.979166666666686
Barcelona,2018-04-29,15.791666666666686
Barcelona,2018-04-30,13.833333333333314
Barcelona,2018-05-01,11.624166666666667
Barcelona,2018-05-02,12.551708333333352
Barcelona,2018-05-03,14.870291666666674
Barcelona,2018-05-04,15.465833333333308
Barcelona,2018-05-05,16.32833333333332
Barcelona,2018-05-06,16.181250000000034
Barcelona,2018-05-07,18.112124999999992
Barcelona,2018-05-08,17.645833333333314
Barcelona,2018-05-09,17.15625
Barcelona,2018-05-10,17.416666666666686
Barcelona,2018-05-11,18.208333333333314
Barcelona,2018-05-12,17.020833333333314
Barcelona,2018-05-13,13.6875
Barcelona,2018-05-14,13.479166666666686
Barcelona,2018-05-15,15.4375
Barcelona,2018-05-16,16.735000000000014
Barcelona,2018-05-17,18.379999999999995
Barcelona,2018-05-18,18.51875000000001
Barcelona,2018-05-19,18.357500000000016
Barcelona,2018-05-20,18.711250000000007
Barcelona,2018-05-21,17.666666666666686
Barcelona,2018-05-22,18.830833333333317
Barcelona,2018-05-23,19.145833333333314
Barcelona,2018-05-24,20.433333333333337
Barcelona,2018-05-25,20.252499999999998
Barcelona,2018-05-26,20.544166666666683
Barcelona,2018-05-27,21.148333333333312
Barcelona,2018-05-28,19.27316666666667
Barcelona,2018-05-29,21.184583333333308
Barcelona,2018-05-30,20.354166666666686
Barcelona,2018-05-31,19.833333333333314
Barcelona,2018-06-01,20.61860416666667
Barcelona,2018-06-02,20.354166666666686
Barcelona,2018-06-03,18.666666666666686
Barcelona,2018-06-04,19.416666666666686
Barcelona,2018-06-05,19.95333333333332
Barcelona,2018-06-06,18.437083333333362
Barcelona,2018-06-07,18.965833333333308
Barcelona,2018-06-08,20.203750000000014
Barcelona,2018-06-09,22.125
Barcelona,2018-06-10,22.412500000000023
Barcelona,2018-06-11,23.04916666666668
Barcelona,2018-06-12,22.535041666666643
Barcelona,2018-06-13,22.58833333333331
Barcelona,2018-06-14,21.125
Barcelona,2018-06-15,21.291666666666686
Barcelona,2018-06-16,21.770833333333314
Barcelona,2018-06-17,22.208333333333314
Barcelona,2018-06-18,23.020833333333314
Barcelona,2018-06-19,23.104166666666686
Barcelona,2018-06-20,23.770833333333314
Barcelona,2018-06-21,24.5625
Barcelona,2018-06-22,25.5625
Barcelona,2018-06-23,24.020833333333314
Barcelona,2018-06-24,23.520833333333314
Barcelona,2018-06-25,23.778750000000002
Barcelona,2018-06-26,24.708333333333314
Barcelona,2018-06-27,25.354166666666686
Barcelona,2018-06-28,24.808541666666656
Barcelona,2018-06-29,23.82499999999999
Barcelona,2018-06-30,24.531666666666638
Barcelona,2018-07-01,24.299333333333323
Barcelona,2018-07-02,24.82125000000002
Barcelona,2018-07-03,26.492083333333312
Barcelona,2018-07-04,25.160833333333358
Barcelona,2018-07-05,25.502499999999998
Barcelona,2018-07-06,25.270833333333314
Barcelona,2018-07-07,25.833333333333314
Barcelona,2018-07-08,26.4375
Barcelona,2018-07-09,27
Barcelona,2018-07-10,26.333333333333314
Barcelona,2018-07-11,25.708333333333314
Barcelona,2018-07-12,25.981666666666683
Barcelona,2018-07-13,25.02583333333331
Barcelona,2018-07-14,26.364583333333314
Barcelona,2018-07-15,26.054583333333312
Barcelona,2018-07-16,25.356666666666683
Barcelona,2018-07-17,25.867083333333312
Barcelona,2018-07-18,25.432500000000005
Barcelona,2018-07-19,25.824166666666656
Barcelona,2018-07-20,25.510416666666686
Barcelona,2018-07-21,25.132499999999993
Barcelona,2018-07-22,24.165833333333353
Barcelona,2018-07-23,24.132083333333355
Barcelona,2018-07-24,25.961250000000007
Barcelona,2018-07-25,26.20333333333332
Barcelona,2018-07-26,27.028750000000002
Barcelona,2018-07-27,26.814999999999998
Barcelona,2018-07-28,26.34916666666669
Barcelona,2018-07-29,26.799583333333317
Barcelona,2018-07-30,27.4375
Barcelona,2018-07-31,27.520833333333314
Barcelona,2018-08-01,28.5625
Barcelona,2018-08-02,29.182500000000005
Barcelona,2018-08-03,29.971249999999998
Barcelona,2018-08-04,30.233749999999986
Barcelona,2018-08-05,30.023750000000007
Barcelona,2018-08-06,28.645833333333314
Barcelona,2018-08-07,28.080343749999997
Barcelona,2018-08-08,28.028750000000002
Barcelona,2018-08-09,26.479166666666686
Barcelona,2018-08-10,24.317499999999995
Barcelona,2018-08-11,24.8125
Barcelona,2018-08-12,27.020833333333314
Barcelona,2018-08-13,26.166666666666686
Barcelona,2018-08-14,24.997500000000002
Barcelona,2018-08-15,25.8125
Barcelona,2018-08-16,26.041666666666686
Barcelona,2018-08-17,23.4375
Barcelona,2018-08-18,22.729166666666686
Barcelona,2018-08-19,25.166666666666686
Barcelona,2018-08-20,26.145833333333314
Barcelona,2018-08-21,26.578624999999988
Barcelona,2018-08-22,25.94608333333332
Barcelona,2018-08-23,26.104166666666686
Barcelona,2018-08-24,25.166666666666686
Barcelona,2018-08-25,23.729166666666686
Barcelona,2018-08-26,23.458333333333314
Barcelona,2018-08-27,24.479166666666686
Barcelona,2018-08-28,25.791666666666686
Barcelona,2018-08-29,26.273333333333312
Barcelona,2018-08-30,25.416666666666686
Barcelona,2018-08-31,23.311249999999973
Barcelona,2018-09-01,23.749166666666667
Barcelona,2018-09-02,24.463750000000005
Barcelona,2018-09-03,25
Barcelona,2018-09-04,24.895833333333314
Barcelona,2018-09-05,23.6875
Barcelona,2018-09-06,23.02208333333334
Barcelona,2018-09-07,22.307916666666642
Barcelona,2018-09-08,23.460416666666674
Barcelona,2018-09-09,23.833333333333314
Barcelona,2018-09-10,22.895833333333314
Barcelona,2018-09-11,23.4375
Barcelona,2018-09-12,23.604166666666686
Barcelona,2018-09-13,23.5
Barcelona,2018-09-14,24
Barcelona,2018-09-15,23.5
Barcelona,2018-09-16,23.333333333333314
Barcelona,2018-09-17,23.5625
Barcelona,2018-09-18,22.354166666666686
Barcelona,2018-09-19,22.943333333333328
Barcelona,2018-09-20,24.752499999999998
Barcelona,2018-09-21,24.375
Barcelona,2018-09-22,24.645833333333314
Barcelona,2018-09-23,24.867083333333312
Barcelona,2018-09-24,23.520833333333314
Barcelona,2018-09-25,21.747500000000002
Barcelona,2018-09-26,21.8125
Barcelona,2018-09-27,19.1875
Barcelona,2018-09-28,21.46912500000002
Barcelona,2018-09-29,21.833333333333314
Barcelona,2018-09-30,21.958333333333314
Barcelona,2018-10-01,21.023333333333312
Barcelona,2018-10-02,18.770833333333314
Barcelona,2018-10-03,19.125
Barcelona,2018-10-04,19.375
Barcelona,2018-10-05,19.583333333333314
Barcelona,2018-10-06,19.958333333333314
Barcelona,2018-10-07,19.083333333333314
Barcelona,2018-10-08,16.4375
Barcelona,2018-10-09,18.041666666666686
Barcelona,2018-10-10,19.624583333333362
Barcelona,2018-10-11,20.083333333333314
Barcelona,2018-10-12,20.604166666666686
Barcelona,2018-10-13,21.042083333333323
Barcelona,2018-10-14,20.687083333333362
Barcelona,2018-10-15,19.413749999999993
Barcelona,2018-10-16,17.4375
Barcelona,2018-10-17,18.268333333333317
Barcelona,2018-10-18,18.333333333333314
Barcelona,2018-10-19,20.989583333333314
Barcelona,2018-10-20,19.226666666666688
Barcelona,2018-10-21,18.51333333333332
Barcelona,2018-10-22,17.909166666666692
Barcelona,2018-10-23,16.6875
Barcelona,2018-10-24,17.270833333333314
Barcelona,2018-10-25,17.04666666666668
Barcelona,2018-10-26,16.29666666666668
Barcelona,2018-10-27,14.479166666666686
Barcelona,2018-10-28,9.759999999999991
Barcelona,2018-10-29,9.354166666666686
Barcelona,2018-10-30,10.458333333333314
Barcelona,2018-10-31,13.121249999999975
Barcelona,2018-11-01,12.166249999999991
Barcelona,2018-11-02,11.979166666666686
Barcelona,2018-11-03,12.104166666666686
Barcelona,2018-11-04,14.229166666666686
Barcelona,2018-11-05,15.229166666666686
Barcelona,2018-11-06,12.708333333333314
Barcelona,2018-11-07,13.583333333333314
Barcelona,2018-11-08,13.023333333333312
Barcelona,2018-11-09,13.861895833333335
Barcelona,2018-11-10,13.854166666666686
Barcelona,2018-11-11,16.229166666666686
Barcelona,2018-11-12,16.270833333333314
Barcelona,2018-11-13,16.9375
Barcelona,2018-11-14,16.395833333333314
Barcelona,2018-11-15,15.816250000000025
Barcelona,2018-11-16,14.851666666666688
Barcelona,2018-11-17,14.4375
Barcelona,2018-11-18,12.738339843749998
Barcelona,2018-11-19,13.463666666666654
Barcelona,2018-11-20,11.66166666666669
Barcelona,2018-11-21,11.729166666666686
Barcelona,2018-11-22,11.354166666666686
Barcelona,2018-11-23,10.3125
Barcelona,2018-11-24,9.604166666666686
Barcelona,2018-11-25,10.083333333333314
Barcelona,2018-11-26,9.936208333333354
Barcelona,2018-11-27,10.11958333333331
Barcelona,2018-11-28,9.702499999999986
Barcelona,2018-11-29,9.388333333333321
Barcelona,2018-11-30,10.807916666666642
Barcelona,2018-12-01,9.546249999999986
Barcelona,2018-12-02,11.517083333333346
Barcelona,2018-12-03,12.182500000000005
Barcelona,2018-12-04,12.303750000000036
Barcelona,2018-12-05,12.205833333333317
Barcelona,2018-12-06,11.391250000000014
Barcelona,2018-12-07,9.287083333333328
Barcelona,2018-12-08,10.077083333333348
Barcelona,2018-12-09,11.016666666666652
Barcelona,2018-12-10,9.740833333333342
Barcelona,2018-12-11,8.118749999999977
Barcelona,2018-12-12,9.747500000000002
Barcelona,2018-12-13,10.124166666666667
Barcelona,2018-12-14,10.269583333333344
Barcelona,2018-12-15,9.725833333333355
Barcelona,2018-12-16,11.997500000000002
Barcelona,2018-12-17,10.620833333333337
Barcelona,2018-12-18,8.473333333333358
Barcelona,2018-12-19,11.389999999999986
Barcelona,2018-12-20,9.140416666666681
Barcelona,2018-12-21,9.653041666666695
Barcelona,2018-12-22,11.325833333333321
Barcelona,2018-12-23,11.308333333333337
Barcelona,2018-12-24,11.137916666666683
Barcelona,2018-12-25,9.796249999999986
Barcelona,2018-12-26,9.055000000000007
Barcelona,2018-12-27,9.577708333333362
Barcelona,2018-12-28,7.556249999999977
Barcelona,2018-12-29,6.680833333333339
Barcelona,2018-12-30,6.699999999999989
Barcelona,2018-12-31,7.989583333333371
Bilbao,2015-01-01,1.8376132812500146
Bilbao,2015-01-02,3.038113281250048
Bilbao,2015-01-03,3.377997395833347
Bilbao,2015-01-04,3.960236979166666
Bilbao,2015-01-05,2.312548177083386
Bilbao,2015-01-06,2.991252604166675
Bilbao,2015-01-07,3.409459635416681
Bilbao,2015-01-08,3.096113281250041
Bilbao,2015-01-09,5.0229179687500505
Bilbao,2015-01-10,6.472286458333372
Bilbao,2015-01-11,4.7382018229167215
Bilbao,2015-01-12,3.3454218749999995
Bilbao,2015-01-13,10.741817708333372
Bilbao,2015-01-14,7.799000000000035
Bilbao,2015-01-15,10.433057291666671
Bilbao,2015-01-16,5.2490703125000095
Bilbao,2015-01-17,4.573601562500016
Bilbao,2015-01-18,5.519442708333372
Bilbao,2015-01-19,4.233048177083333
Bilbao,2015-01-20,2.8261666666666656
Bilbao,2015-01-21,4.519618489583365
Bilbao,2015-01-22,4.538938802083351
Bilbao,2015-01-23,4.776541666666674
Bilbao,2015-01-24,3.0094088541666792
Bilbao,2015-01-25,3.1327473958333485
Bilbao,2015-01-26,3.398381510416698
Bilbao,2015-01-27,6.451610677083352
Bilbao,2015-01-28,7.216250000000002
Bilbao,2015-01-29,8.545332031250041
Bilbao,2015-01-30,8.514294270833375
Bilbao,2015-01-31,4.887183593750024
Bilbao,2015-02-01,3.685986979166671
Bilbao,2015-02-02,4.378145833333349
Bilbao,2015-02-03,3.336641927083349
Bilbao,2015-02-04,0.9213320312500173
Bilbao,2015-02-05,2.022841145833354
Bilbao,2015-02-06,0.8256184895833485
Bilbao,2015-02-07,0.718105468750025
Bilbao,2015-02-08,2.0595911458333376
Bilbao,2015-02-09,2.459618489583363
Bilbao,2015-02-10,0.8827252604166915
Bilbao,2015-02-11,2.0165260416666797
Bilbao,2015-02-12,3.809059895833343
Bilbao,2015-02-13,5.262490885416696
Bilbao,2015-02-14,5.978335937499992
Bilbao,2015-02-15,8.275860677083358
Bilbao,2015-02-16,7.725242187500044
Bilbao,2015-02-17,5.694902343750016
Bilbao,2015-02-18,4.588929687500013
Bilbao,2015-02-19,3.8521861979166943
Bilbao,2015-02-20,5.501729166666678
Bilbao,2015-02-21,5.872253906250023
Bilbao,2015-02-22,6.657375000000002
Bilbao,2015-02-23,7.350940104166682
Bilbao,2015-02-24,5.07024348958339
Bilbao,2015-02-25,8.096470052083362
Bilbao,2015-02-26,9.911959635416679
Bilbao,2015-02-27,6.480259114583362
Bilbao,2015-02-28,7.119106770833355
Bilbao,2015-03-01,11.013828125000032
Bilbao,2015-03-02,10.703684895833362
Bilbao,2015-03-03,9.013647135416704
Bilbao,2015-03-04,6.4385755208333535
Bilbao,2015-03-05,5.475648437500013
Bilbao,2015-03-06,5.722885416666713
Bilbao,2015-03-07,8.70882291666669
Bilbao,2015-03-08,7.908343750000029
Bilbao,2015-03-09,7.989272135416684
Bilbao,2015-03-10,8.800515625000003
Bilbao,2015-03-11,9.154500000000041
Bilbao,2015-03-12,9.35176692708336
Bilbao,2015-03-13,7.442722656249998
Bilbao,2015-03-14,5.340757812500044
Bilbao,2015-03-15,4.578305989583328
Bilbao,2015-03-16,4.478145833333372
Bilbao,2015-03-17,7.568561197916665
Bilbao,2015-03-18,8.826779947916691
Bilbao,2015-03-19,8.717257812500009
Bilbao,2015-03-20,7.189595052083348
Bilbao,2015-03-21,5.981230468750027
Bilbao,2015-03-22,6.4919661458333735
Bilbao,2015-03-23,3.241397135416719
Bilbao,2015-03-24,5.252799479166697
Bilbao,2015-03-25,4.965578125000036
Bilbao,2015-03-26,7.46070182291669
Bilbao,2015-03-27,9.461882812499994
Bilbao,2015-03-28,11.089597656250021
Bilbao,2015-03-29,11.195086956521777
Bilbao,2015-03-30,12.615498697916678
Bilbao,2015-03-31,10.41252083333336
Bilbao,2015-04-01,8.720583333333366
Bilbao,2015-04-02,8.101809895833355
Bilbao,2015-04-03,9.384565104166711
Bilbao,2015-04-04,8.547750000000008
Bilbao,2015-04-05,8.543604166666682
Bilbao,2015-04-06,7.90958333333333
Bilbao,2015-04-07,9.374686197916674
Bilbao,2015-04-08,12.385690104166713
Bilbao,2015-04-09,12.964078125000015
Bilbao,2015-04-10,13.2301875
Bilbao,2015-04-11,11.946078125000042
Bilbao,2015-04-12,13.121230468750014
Bilbao,2015-04-13,15.796020833333387
Bilbao,2015-04-14,17.401541666666674
Bilbao,2015-04-15,17.560917968750005
Bilbao,2015-04-16,12.658709635416699
Bilbao,2015-04-17,11.54810416666669
Bilbao,2015-04-18,11.392002604166692
Bilbao,2015-04-19,9.999290364583374
Bilbao,2015-04-20,11.421001302083369
Bilbao,2015-04-21,13.684791666666683
Bilbao,2015-04-22,15.747748697916677
Bilbao,2015-04-23,13.316958333333332
Bilbao,2015-04-24,13.631794270833325
Bilbao,2015-04-25,16.00639583333333
Bilbao,2015-04-26,14.653872395833332
Bilbao,2015-04-27,10.286832031250015
Bilbao,2015-04-28,10.394221354166689
Bilbao,2015-04-29,10.731476562500006
Bilbao,2015-04-30,13.878226562500004
Bilbao,2015-05-01,18.31591796875
Bilbao,2015-05-02,19.34497786458337
Bilbao,2015-05-03,20.748687500000017
Bilbao,2015-05-04,20.65185286458336
Bilbao,2015-05-05,16.40573046875005
Bilbao,2015-05-06,11.868183593750018
Bilbao,2015-05-07,15.965561197916713
Bilbao,2015-05-08,18.41118619791672
Bilbao,2015-05-09,15.252270833333341
Bilbao,2015-05-10,19.367877604166665
Bilbao,2015-05-11,19.36231119791671
Bilbao,2015-05-12,20.326647135416692
Bilbao,2015-05-13,22.522061197916685
Bilbao,2015-05-14,13.843602864583374
Bilbao,2015-05-15,10.513437500000009
Bilbao,2015-05-16,11.844769531250051
Bilbao,2015-05-17,12.785106770833352
Bilbao,2015-05-18,12.070705729166662
Bilbao,2015-05-19,10.085938802083376
Bilbao,2015-05-20,9.568832031250054
Bilbao,2015-05-21,10.206789062500036
Bilbao,2015-05-22,9.913393229166672
Bilbao,2015-05-23,10.954377604166723
Bilbao,2015-05-24,12.170019531250034
Bilbao,2015-05-25,13.405959635416707
Bilbao,2015-05-26,11.520627604166691
Bilbao,2015-05-27,12.752498697916678
Bilbao,2015-05-28,13.354476562500054
Bilbao,2015-05-29,12.550936197916712
Bilbao,2015-05-30,13.304479166666681
Bilbao,2015-05-31,15.231563802083372
Bilbao,2015-06-01,15.94518880208335
Bilbao,2015-06-02,17.897726562499997
Bilbao,2015-06-03,18.556106770833367
Bilbao,2015-06-04,22.424377604166693
Bilbao,2015-06-05,19.71358203125004
Bilbao,2015-06-06,16.14414583333337
Bilbao,2015-06-07,18.438601562500025
Bilbao,2015-06-08,18.53618619791672
Bilbao,2015-06-09,15.814559895833384
Bilbao,2015-06-10,14.617039062499998
Bilbao,2015-06-11,17.011854166666694
Bilbao,2015-06-12,14.86894140625003
Bilbao,2015-06-13,15.305049479166712
Bilbao,2015-06-14,14.154884114583353
Bilbao,2015-06-15,14.035082031249999
Bilbao,2015-06-16,13.643230468750005
Bilbao,2015-06-17,14.051601562500025
Bilbao,2015-06-18,15.399145833333364
Bilbao,2015-06-19,15.002907552083343
Bilbao,2015-06-20,16.265709635416727
Bilbao,2015-06-21,17.544533854166673
Bilbao,2015-06-22,19.26884244791671
Bilbao,2015-06-23,17.64859505208335
Bilbao,2015-06-24,17.202667968750006
Bilbao,2015-06-25,20.044096354166697
Bilbao,2015-06-26,20.393416666666667
Bilbao,2015-06-27,20.880000000000052
Bilbao,2015-06-28,20.140479166666694
Bilbao,2015-06-29,23.685833333333335
Bilbao,2015-06-30,26.248125000000016
Bilbao,2015-07-01,22.649625000000015
Bilbao,2015-07-02,20.0866666666667
Bilbao,2015-07-03,25.886250000000018
Bilbao,2015-07-04,22.55583333333334
Bilbao,2015-07-05,20.678750000000036
Bilbao,2015-07-06,23.419166666666683
Bilbao,2015-07-07,21.595000000000027
Bilbao,2015-07-08,19.356666666666683
Bilbao,2015-07-09,19.942499999999995
Bilbao,2015-07-10,21.45958333333334
Bilbao,2015-07-11,19.854166666666686
Bilbao,2015-07-12,20.297500000000014
Bilbao,2015-07-13,20.1875
Bilbao,2015-07-14,21.388333333333378
Bilbao,2015-07-15,21.61375000000004
Bilbao,2015-07-16,22.33125000000001
Bilbao,2015-07-17,21.623333333333335
Bilbao,2015-07-18,22.703333333333376
Bilbao,2015-07-19,23.077500000000043
Bilbao,2015-07-20,24.078750000000014
Bilbao,2015-07-21,21.832083333333344
Bilbao,2015-07-22,20.52208333333334
Bilbao,2015-07-23,21.79666666666668
Bilbao,2015-07-24,20.623333333333335
Bilbao,2015-07-25,18.925416666666706
Bilbao,2015-07-26,20.348333333333358
Bilbao,2015-07-27,19.94625000000002
Bilbao,2015-07-28,21.65500000000003
Bilbao,2015-07-29,18.393333333333374
Bilbao,2015-07-30,16.60791666666671
Bilbao,2015-07-31,16.391875000000027
Bilbao,2015-08-01,18.091250000000002
Bilbao,2015-08-02,22.662083333333328
Bilbao,2015-08-03,21.717916666666667
Bilbao,2015-08-04,19.54000000000002
Bilbao,2015-08-05,21.613333333333344
Bilbao,2015-08-06,19.97302083333335
Bilbao,2015-08-07,20.02333333333337
Bilbao,2015-08-08,18.044166666666683
Bilbao,2015-08-09,19.17833333333334
Bilbao,2015-08-10,20.62195833333334
Bilbao,2015-08-11,22.162083333333385
Bilbao,2015-08-12,23.620833333333337
Bilbao,2015-08-13,21.412500000000023
Bilbao,2015-08-14,19.041250000000048
Bilbao,2015-08-15,18.011666666666713
Bilbao,2015-08-16,17.102083333333326
Bilbao,2015-08-17,19.12166666666667
Bilbao,2015-08-18,18.602916666666715
Bilbao,2015-08-19,19.157500000000027
Bilbao,2015-08-20,21.167916666666713
Bilbao,2015-08-21,23.17291666666671
Bilbao,2015-08-22,22.16270833333334
Bilbao,2015-08-23,21.13916666666671
Bilbao,2015-08-24,19.318333333333328
Bilbao,2015-08-25,20.280416666666667
Bilbao,2015-08-26,23.92089583333336
Bilbao,2015-08-27,25.20208333333335
Bilbao,2015-08-28,25.34250000000003
Bilbao,2015-08-29,25.39708333333334
Bilbao,2015-08-30,26.625696614583376
Bilbao,2015-08-31,22.1829166666667
Bilbao,2015-09-01,17.79447916666669
Bilbao,2015-09-02,16.543816406250016
Bilbao,2015-09-03,15.803333333333342
Bilbao,2015-09-04,15.465000000000032
Bilbao,2015-09-05,15.653750000000002
Bilbao,2015-09-06,14.734166666666681
Bilbao,2015-09-07,14.351666666666688
Bilbao,2015-09-08,15.579583333333346
Bilbao,2015-09-09,18.297083333333376
Bilbao,2015-09-10,18.471666666666692
Bilbao,2015-09-11,19.136666666666713
Bilbao,2015-09-12,19.46541666666667
Bilbao,2015-09-13,18.87833333333333
Bilbao,2015-09-14,17.083958333333328
Bilbao,2015-09-15,16.499166666666667
Bilbao,2015-09-16,21.582447916666695
Bilbao,2015-09-17,16.010416666666686
Bilbao,2015-09-18,15.240416666666704
Bilbao,2015-09-19,16.42166666666668
Bilbao,2015-09-20,16.42041666666671
Bilbao,2015-09-21,16.417916666666713
Bilbao,2015-09-22,16.34974088541668
Bilbao,2015-09-23,14.35687500000006
Bilbao,2015-09-24,17.71120833333333
Bilbao,2015-09-25,16.63575000000003
Bilbao,2015-09-26,16.463016927083345
Bilbao,2015-09-27,15.459052083333347
Bilbao,2015-09-28,15.97315234375003
Bilbao,2015-09-29,15.57239583333336
Bilbao,2015-09-30,18.03402083333333
Bilbao,2015-10-01,16.326240885416667
Bilbao,2015-10-02,13.880937500000016
Bilbao,2015-10-03,13.946985677083376
Bilbao,2015-10-04,15.664451822916703
Bilbao,2015-10-05,22.8826236979167
Bilbao,2015-10-06,18.663998697916668
Bilbao,2015-10-07,14.711458333333383
Bilbao,2015-10-08,14.502812500000005
Bilbao,2015-10-09,13.09050000000002
Bilbao,2015-10-10,14.819688802083363
Bilbao,2015-10-11,17.128541666666706
Bilbao,2015-10-12,15.128750000000025
Bilbao,2015-10-13,14.270416666666677
Bilbao,2015-10-14,11.141675781250001
Bilbao,2015-10-15,9.518541666666692
Bilbao,2015-10-16,8.984615885416702
Bilbao,2015-10-17,11.353497395833358
Bilbao,2015-10-18,16.232031250000034
Bilbao,2015-10-19,14.906792968749983
Bilbao,2015-10-20,12.982000000000028
Bilbao,2015-10-21,12.443500000000029
Bilbao,2015-10-22,12.657000000000039
Bilbao,2015-10-23,11.313941406250024
Bilbao,2015-10-24,13.75191536458334
Bilbao,2015-10-25,13.52949250000006
Bilbao,2015-10-26,15.181338541666719
Bilbao,2015-10-27,14.01484505208333
Bilbao,2015-10-28,13.886291666666693
Bilbao,2015-10-29,17.076625000000035
Bilbao,2015-10-30,17.95789583333334
Bilbao,2015-10-31,17.65129166666668
Bilbao,2015-11-01,14.742360677083354
Bilbao,2015-11-02,15.116498697916711
Bilbao,2015-11-03,13.954291666666677
Bilbao,2015-11-04,14.909625000000005
Bilbao,2015-11-05,16.20845833333334
Bilbao,2015-11-06,16.07516666666669
Bilbao,2015-11-07,16.412666666666667
Bilbao,2015-11-08,15.323187500000017
Bilbao,2015-11-09,14.042916666666713
Bilbao,2015-11-10,11.952020833333336
Bilbao,2015-11-11,11.242666666666707
Bilbao,2015-11-12,11.360895833333359
Bilbao,2015-11-13,11.130875000000003
Bilbao,2015-11-14,12.84020833333335
Bilbao,2015-11-15,9.363812500000051
Bilbao,2015-11-16,7.771028645833383
Bilbao,2015-11-17,9.083145833333333
Bilbao,2015-11-18,11.010852864583342
Bilbao,2015-11-19,12.21464583333335
Bilbao,2015-11-20,11.698750000000018
Bilbao,2015-11-21,9.297229166666682
Bilbao,2015-11-22,5.099583333333385
Bilbao,2015-11-23,3.5321875000000205
Bilbao,2015-11-24,7.305250000000001
Bilbao,2015-11-25,11.197645833333354
Bilbao,2015-11-26,11.581041666666692
Bilbao,2015-11-27,10.598770833333333
Bilbao,2015-11-28,9.187166666666712
Bilbao,2015-11-29,6.792124999999999
Bilbao,2015-11-30,4.863520833333382
Bilbao,2015-12-01,3.0937708333333376
Bilbao,2015-12-02,5.210645833333388
Bilbao,2015-12-03,9.06074348958333
Bilbao,2015-12-04,9.683895833333338
Bilbao,2015-12-05,9.457458333333363
Bilbao,2015-12-06,9.62956250000002
Bilbao,2015-12-07,9.988333333333344
Bilbao,2015-12-08,11.13294401041668
Bilbao,2015-12-09,9.634992187500018
Bilbao,2015-12-10,6.625944010416674
Bilbao,2015-12-11,6.895208333333358
Bilbao,2015-12-12,6.345354166666709
Bilbao,2015-12-13,8.120729166666706
Bilbao,2015-12-14,11.210854166666707
Bilbao,2015-12-15,13.023785156250028
Bilbao,2015-12-16,14.281305989583359
Bilbao,2015-12-17,12.4803541666667
Bilbao,2015-12-18,14.513000000000034
Bilbao,2015-12-19,17.0277916666667
Bilbao,2015-12-20,14.169291666666709
Bilbao,2015-12-21,10.277604166666663
Bilbao,2015-12-22,10.547958333333384
Bilbao,2015-12-23,10.589833333333331
Bilbao,2015-12-24,10.83679166666667
Bilbao,2015-12-25,11.998958333333348
Bilbao,2015-12-26,9.853875000000016
Bilbao,2015-12-27,10.27770833333335
Bilbao,2015-12-28,13.141020833333357
Bilbao,2015-12-29,11.84020833333335
Bilbao,2015-12-30,13.606750000000034
Bilbao,2015-12-31,10.038333333333355
Bilbao,2016-01-01,10.09985416666666
Bilbao,2016-01-02,9.74187500000005
Bilbao,2016-01-03,11.249916666666707
Bilbao,2016-01-04,9.79333333333335
Bilbao,2016-01-05,7.833354166666709
Bilbao,2016-01-06,8.418125000000032
Bilbao,2016-01-07,14.488625000000013
Bilbao,2016-01-08,14.156291666666675
Bilbao,2016-01-09,11.923208333333378
Bilbao,2016-01-10,11.942520833333333
Bilbao,2016-01-11,10.116979166666681
Bilbao,2016-01-12,6.655770833333349
Bilbao,2016-01-13,4.715458333333345
Bilbao,2016-01-14,8.852833333333365
Bilbao,2016-01-15,5.4369726562500205
Bilbao,2016-01-16,4.585583333333375
Bilbao,2016-01-17,3.456875000000025
Bilbao,2016-01-18,7.12585416666667
Bilbao,2016-01-19,6.723513020833366
Bilbao,2016-01-20,5.502277343750052
Bilbao,2016-01-21,5.861089843750051
Bilbao,2016-01-22,9.467930989583351
Bilbao,2016-01-23,11.26693750000004
Bilbao,2016-01-24,10.554083333333324
Bilbao,2016-01-25,11.49215104166666
Bilbao,2016-01-26,9.476583333333338
Bilbao,2016-01-27,10.662541666666698
Bilbao,2016-01-28,8.792708333333337
Bilbao,2016-01-29,8.150125000000003
Bilbao,2016-01-30,5.414819010416693
Bilbao,2016-01-31,10.531272135416714
Bilbao,2016-02-01,10.506104166666717
Bilbao,2016-02-02,9.743562500000053
Bilbao,2016-02-03,8.285750000000007
Bilbao,2016-02-04,5.80770833333338
Bilbao,2016-02-05,5.866458333333355
Bilbao,2016-02-06,9.191666666666663
Bilbao,2016-02-07,7.84583333333336
Bilbao,2016-02-08,12.459166666666704
Bilbao,2016-02-09,11.779583333333335
Bilbao,2016-02-10,7.1405416666667065
Bilbao,2016-02-11,7.722291666666706
Bilbao,2016-02-12,11.104860677083366
Bilbao,2016-02-13,12.762625000000014
Bilbao,2016-02-14,6.672708333333333
Bilbao,2016-02-15,4.190145833333361
Bilbao,2016-02-16,3.4659791666666706
Bilbao,2016-02-17,2.3950820312500127
Bilbao,2016-02-18,5.338069010416689
Bilbao,2016-02-19,3.955290364583334
Bilbao,2016-02-20,5.611929687500037
Bilbao,2016-02-21,7.554674479166692
Bilbao,2016-02-22,7.85812500000003
Bilbao,2016-02-23,8.94083333333333
Bilbao,2016-02-24,7.511375000000044
Bilbao,2016-02-25,8.453750000000014
Bilbao,2016-02-26,7.954729166666709
Bilbao,2016-02-27,4.089500000000044
Bilbao,2016-02-28,7.25208333333336
Bilbao,2016-02-29,7.022770833333368
Bilbao,2016-03-01,7.829166666666708
Bilbao,2016-03-02,7.731092447916694
Bilbao,2016-03-03,7.521604166666691
Bilbao,2016-03-04,7.248277343750033
Bilbao,2016-03-05,4.8662916666667115
Bilbao,2016-03-06,4.375895833333345
Bilbao,2016-03-07,5.877666666666698
Bilbao,2016-03-08,5.820701822916703
Bilbao,2016-03-09,6.766736979166694
Bilbao,2016-03-10,5.517812499999991
Bilbao,2016-03-11,6.422125000000051
Bilbao,2016-03-12,6.585062500000049
Bilbao,2016-03-13,7.507666666666694
Bilbao,2016-03-14,5.55266666666671
Bilbao,2016-03-15,6.255000000000052
Bilbao,2016-03-16,5.900666666666666
Bilbao,2016-03-17,5.844625000000008
Bilbao,2016-03-18,7.528333333333364
Bilbao,2016-03-19,9.271687500000041
Bilbao,2016-03-20,8.959459635416692
Bilbao,2016-03-21,8.701083333333372
Bilbao,2016-03-22,8.405291666666699
Bilbao,2016-03-23,8.043208333333382
Bilbao,2016-03-24,7.6660625000000095
Bilbao,2016-03-25,7.8715208333333635
Bilbao,2016-03-26,14.411208333333377
Bilbao,2016-03-27,10.299391304347864
Bilbao,2016-03-28,12.754520833333345
Bilbao,2016-03-29,13.45166666666671
Bilbao,2016-03-30,13.998520833333373
Bilbao,2016-03-31,8.386214843750054
Bilbao,2016-04-01,7.090458333333345
Bilbao,2016-04-02,8.258604166666714
Bilbao,2016-04-03,10.47006250000004
Bilbao,2016-04-04,9.810375000000022
Bilbao,2016-04-05,9.491375000000005
Bilbao,2016-04-06,9.089541666666719
Bilbao,2016-04-07,8.488125000000025
Bilbao,2016-04-08,6.295208333333335
Bilbao,2016-04-09,7.793729166666708
Bilbao,2016-04-10,10.232416666666666
Bilbao,2016-04-11,10.119437500000004
Bilbao,2016-04-12,11.060750000000041
Bilbao,2016-04-13,11.887041666666676
Bilbao,2016-04-14,13.895520833333364
Bilbao,2016-04-15,14.453812500000026
Bilbao,2016-04-16,13.344583333333333
Bilbao,2016-04-17,10.010208333333367
Bilbao,2016-04-18,10.71350000000001
Bilbao,2016-04-19,12.167645833333381
Bilbao,2016-04-20,14.150624999999991
Bilbao,2016-04-21,12.664416666666682
Bilbao,2016-04-22,11.109708333333344
Bilbao,2016-04-23,11.677333333333365
Bilbao,2016-04-24,10.538541666666674
Bilbao,2016-04-25,9.939437499999997
Bilbao,2016-04-26,11.075957031250027
Bilbao,2016-04-27,10.614520833333358
Bilbao,2016-04-28,9.26046875000003
Bilbao,2016-04-29,10.937916666666695
Bilbao,2016-04-30,9.725833333333355
Bilbao,2016-05-01,9.382083333333355
Bilbao,2016-05-02,10.325416666666683
Bilbao,2016-05-03,11.4375
Bilbao,2016-05-04,15.473333333333358
Bilbao,2016-05-05,18.24208333333337
Bilbao,2016-05-06,17.026250000000005
Bilbao,2016-05-07,16.542500000000018
Bilbao,2016-05-08,15.896250000000009
Bilbao,2016-05-09,16.856666666666683
Bilbao,2016-05-10,16.57458333333335
Bilbao,2016-05-11,15.55583333333334
Bilbao,2016-05-12,12.185833333333335
Bilbao,2016-05-13,12.507083333333355
Bilbao,2016-05-14,14.183750000000032
Bilbao,2016-05-15,14.457916666666677
Bilbao,2016-05-16,14.150833333333367
Bilbao,2016-05-17,14.829166666666708
Bilbao,2016-05-18,15.057500000000005
Bilbao,2016-05-19,14.483333333333348
Bilbao,2016-05-20,18.747500000000002
Bilbao,2016-05-21,18.625
Bilbao,2016-05-22,14.342083333333335
Bilbao,2016-05-23,13.455833333333374
Bilbao,2016-05-24,16.399604166666677
Bilbao,2016-05-25,17.73693750000001
Bilbao,2016-05-26,17.337979166666685
Bilbao,2016-05-27,18.486687500000016
Bilbao,2016-05-28,18.02312500000005
Bilbao,2016-05-29,15.971375000000023
Bilbao,2016-05-30,15.139791666666667
Bilbao,2016-05-31,15.903729166666722
Bilbao,2016-06-01,15.395687500000008
Bilbao,2016-06-02,16.641145833333383
Bilbao,2016-06-03,18.784166666666692
Bilbao,2016-06-04,17.477083333333383
Bilbao,2016-06-05,18.89625000000001
Bilbao,2016-06-06,19.556250000000034
Bilbao,2016-06-07,19.893333333333374
Bilbao,2016-06-08,21.652500000000032
Bilbao,2016-06-09,21.830833333333374
Bilbao,2016-06-10,18.047083333333376
Bilbao,2016-06-11,17.254583333333358
Bilbao,2016-06-12,18.68958333333336
Bilbao,2016-06-13,19.81125000000003
Bilbao,2016-06-14,18.90500000000003
Bilbao,2016-06-15,15.808916666666676
Bilbao,2016-06-16,15.335000000000036
Bilbao,2016-06-17,14.927916666666704
Bilbao,2016-06-18,14.757916666666688
Bilbao,2016-06-19,16.525833333333367
Bilbao,2016-06-20,17.92833333333334
Bilbao,2016-06-21,22.28333333333336
Bilbao,2016-06-22,24.654583333333335
Bilbao,2016-06-23,22.864166666666677
Bilbao,2016-06-24,19.10291666666666
Bilbao,2016-06-25,16.891250000000014
Bilbao,2016-06-26,16.23333333333335
Bilbao,2016-06-27,18.154166666666697
Bilbao,2016-06-28,17.930000000000007
Bilbao,2016-06-29,17.840000000000032
Bilbao,2016-06-30,19.322083333333353
Bilbao,2016-07-01,18.504583333333358
Bilbao,2016-07-02,17.687083333333362
Bilbao,2016-07-03,18.690000000000055
Bilbao,2016-07-04,20.061666666666667
Bilbao,2016-07-05,19.453750000000014
Bilbao,2016-07-06,21.449166666666713
Bilbao,2016-07-07,22.95416666666671
Bilbao,2016-07-08,21.356250000000045
Bilbao,2016-07-09,22.27125000000001
Bilbao,2016-07-10,21.825833333333378
Bilbao,2016-07-11,18.91708333333338
Bilbao,2016-07-12,17.483541666666667
Bilbao,2016-07-13,16.374000000000024
Bilbao,2016-07-14,14.778708333333384
Bilbao,2016-07-15,16.324041666666687
Bilbao,2016-07-16,18.173625000000015
Bilbao,2016-07-17,21.124500000000012
Bilbao,2016-07-18,25.926375000000064
Bilbao,2016-07-19,24.956583333333356
Bilbao,2016-07-20,24.164000000000044
Bilbao,2016-07-21,20.033958333333374
Bilbao,2016-07-22,19.44625000000002
Bilbao,2016-07-23,19.011250000000018
Bilbao,2016-07-24,19.676666666666677
Bilbao,2016-07-25,19.692083333333358
Bilbao,2016-07-26,21.56125000000003
Bilbao,2016-07-27,20.775416666666672
Bilbao,2016-07-28,21.0891666666667
Bilbao,2016-07-29,21.193750000000023
Bilbao,2016-07-30,21.3991666666667
Bilbao,2016-07-31,19.01875000000001
Bilbao,2016-08-01,19.39625000000001
Bilbao,2016-08-02,20.402500000000032
Bilbao,2016-08-03,20.88375000000002
Bilbao,2016-08-04,22.05250000000001
Bilbao,2016-08-05,20.292916666666656
Bilbao,2016-08-06,20.692500000000052
Bilbao,2016-08-07,22.226666666666688
Bilbao,2016-08-08,21.719583333333333
Bilbao,2016-08-09,17.714041666666674
Bilbao,2016-08-10,18.49854166666671
Bilbao,2016-08-11,17.97541666666666
Bilbao,2016-08-12,21.82916666666671
Bilbao,2016-08-13,26.04875000000004
Bilbao,2016-08-14,26.968333333333362
Bilbao,2016-08-15,26.667916666666713
Bilbao,2016-08-16,24.247083333333364
Bilbao,2016-08-17,23.05125000000004
Bilbao,2016-08-18,21.26416666666671
Bilbao,2016-08-19,21.363333333333344
Bilbao,2016-08-20,18.950833333333378
Bilbao,2016-08-21,18.598749999999995
Bilbao,2016-08-22,22.523750000000007
Bilbao,2016-08-23,25.26083333333338
Bilbao,2016-08-24,24.0554166666667
Bilbao,2016-08-25,26.0668541666667
Bilbao,2016-08-26,24.967083333333335
Bilbao,2016-08-27,24.932083333333367
Bilbao,2016-08-28,20.860000000000014
Bilbao,2016-08-29,19.09041666666667
Bilbao,2016-08-30,20.62375000000003
Bilbao,2016-08-31,20.09916666666669
Bilbao,2016-09-01,21.809772135416665
Bilbao,2016-09-02,22.652500000000032
Bilbao,2016-09-03,24.113333333333344
Bilbao,2016-09-04,23.50750000000005
Bilbao,2016-09-05,22.888333333333378
Bilbao,2016-09-06,24.657083333333333
Bilbao,2016-09-07,24.901250000000005
Bilbao,2016-09-08,19.890833333333376
Bilbao,2016-09-09,19.960416666666674
Bilbao,2016-09-10,20.28666666666669
Bilbao,2016-09-11,21.97958333333338
Bilbao,2016-09-12,25.257083333333355
Bilbao,2016-09-13,21.79208333333338
Bilbao,2016-09-14,16.179166666666674
Bilbao,2016-09-15,15.715833333333364
Bilbao,2016-09-16,16.280833333333362
Bilbao,2016-09-17,16.110000000000014
Bilbao,2016-09-18,15.293680989583379
Bilbao,2016-09-19,15.974583333333328
Bilbao,2016-09-20,16.42375000000004
Bilbao,2016-09-21,17.653500000000008
Bilbao,2016-09-22,19.875895833333345
Bilbao,2016-09-23,19.74981250000002
Bilbao,2016-09-24,20.80685416666671
Bilbao,2016-09-25,18.312083333333362
Bilbao,2016-09-26,17.703333333333376
Bilbao,2016-09-27,17.245958333333363
Bilbao,2016-09-28,21.255312500000002
Bilbao,2016-09-29,21.876458333333346
Bilbao,2016-09-30,17.97685416666667
Bilbao,2016-10-01,15.811458333333348
Bilbao,2016-10-02,16.13097916666669
Bilbao,2016-10-03,17.329583333333346
Bilbao,2016-10-04,19.33983333333333
Bilbao,2016-10-05,16.030458333333343
Bilbao,2016-10-06,14.093416666666712
Bilbao,2016-10-07,11.871520833333363
Bilbao,2016-10-08,11.041333333333341
Bilbao,2016-10-09,11.64566666666667
Bilbao,2016-10-10,9.73970833333334
Bilbao,2016-10-11,9.282104166666727
Bilbao,2016-10-12,12.33839583333338
Bilbao,2016-10-13,12.69308333333339
Bilbao,2016-10-14,11.817395833333364
Bilbao,2016-10-15,13.288916666666694
Bilbao,2016-10-16,15.851208333333375
Bilbao,2016-10-17,15.866166666666686
Bilbao,2016-10-18,14.039375000000007
Bilbao,2016-10-19,12.45643750000005
Bilbao,2016-10-20,9.21872135416669
Bilbao,2016-10-21,7.6480416666667
Bilbao,2016-10-22,10.891229166666676
Bilbao,2016-10-23,17.298000000000002
Bilbao,2016-10-24,14.886791666666682
Bilbao,2016-10-25,13.52066666666667
Bilbao,2016-10-26,14.314708333333385
Bilbao,2016-10-27,12.92420833333341
Bilbao,2016-10-28,11.825500000000034
Bilbao,2016-10-29,13.675125000000037
Bilbao,2016-10-30,12.730200000000025
Bilbao,2016-10-31,10.982500000000016
Bilbao,2016-11-01,10.319083333333367
Bilbao,2016-11-02,11.41375000000005
Bilbao,2016-11-03,11.390416666666681
Bilbao,2016-11-04,11.587916666666672
Bilbao,2016-11-05,11.005833333333385
Bilbao,2016-11-06,7.153750000000002
Bilbao,2016-11-07,5.624166666666667
Bilbao,2016-11-08,7.146250000000009
Bilbao,2016-11-09,10.382083333333355
Bilbao,2016-11-10,9.772083333333342
Bilbao,2016-11-11,10.999166666666724
Bilbao,2016-11-12,9.355416666666656
Bilbao,2016-11-13,11.729583333333323
Bilbao,2016-11-14,10.345416666666665
Bilbao,2016-11-15,8.797083333333376
Bilbao,2016-11-16,7.281666666666695
Bilbao,2016-11-17,8.379166666666663
Bilbao,2016-11-18,10.614583333333371
Bilbao,2016-11-19,10.245833333333337
Bilbao,2016-11-20,13.072083333333353
Bilbao,2016-11-21,13.200000000000045
Bilbao,2016-11-22,7.320416666666688
Bilbao,2016-11-23,5.9870833333333735
Bilbao,2016-11-24,7.576604166666698
Bilbao,2016-11-25,5.030833333333362
Bilbao,2016-11-26,8.34041666666667
Bilbao,2016-11-27,10.212916666666672
Bilbao,2016-11-28,7.150416666666672
Bilbao,2016-11-29,9.023333333333369
Bilbao,2016-11-30,10.541249999999991
Bilbao,2016-12-01,8.494166666666672
Bilbao,2016-12-02,7.188333333333333
Bilbao,2016-12-03,6.365416666666704
Bilbao,2016-12-04,12.31666666666672
Bilbao,2016-12-05,13.344583333333333
Bilbao,2016-12-06,8.631250000000023
Bilbao,2016-12-07,8.907916666666665
Bilbao,2016-12-08,10.193333333333328
Bilbao,2016-12-09,9.572500000000048
Bilbao,2016-12-10,7.736250000000041
Bilbao,2016-12-11,7.553750000000036
Bilbao,2016-12-12,8.870833333333337
Bilbao,2016-12-13,6.223750000000052
Bilbao,2016-12-14,8.394583333333344
Bilbao,2016-12-15,8.838750000000005
Bilbao,2016-12-16,8.707708333333358
Bilbao,2016-12-17,7.840000000000032
Bilbao,2016-12-18,5.714375000000018
Bilbao,2016-12-19,4.8543750000000045
Bilbao,2016-12-20,7.21875
Bilbao,2016-12-21,8.578750000000014
Bilbao,2016-12-22,10.19083333333333
Bilbao,2016-12-23,10.959166666666704
Bilbao,2016-12-24,10.682083333333367
Bilbao,2016-12-25,8.09041666666667
Bilbao,2016-12-26,7.892083333333346
Bilbao,2016-12-27,7.202500000000043
Bilbao,2016-12-28,6.709166666666704
Bilbao,2016-12-29,3.0787500000000136
Bilbao,2016-12-30,3.367500000000007
Bilbao,2016-12-31,2.7862499999999955
Bilbao,2017-01-01,2.083750000000009
Bilbao,2017-01-02,3.00208333333336
Bilbao,2017-01-03,2.3579166666667106
Bilbao,2017-01-04,1.9458333333333258
Bilbao,2017-01-05,1.4520833333333485
Bilbao,2017-01-06,0.6187500000000341
Bilbao,2017-01-07,-0.32083333333332575
Bilbao,2017-01-08,2.0395833333333258
Bilbao,2017-01-09,6.195416666666688
Bilbao,2017-01-10,7.15500000000003
Bilbao,2017-01-11,11.078333333333376
Bilbao,2017-01-12,9.995833333333337
Bilbao,2017-01-13,5.971249999999998
Bilbao,2017-01-14,4.174166666666679
Bilbao,2017-01-15,7.301249999999982
Bilbao,2017-01-16,9.036249999999995
Bilbao,2017-01-17,4.521250000000009
Bilbao,2017-01-18,0.3675000000000068
Bilbao,2017-01-19,1.0587500000000318
Bilbao,2017-01-20,-0.24374999999997726
Bilbao,2017-01-21,2.0049999999999955
Bilbao,2017-01-22,4.104166666666686
Bilbao,2017-01-23,5.1395833333333485
Bilbao,2017-01-24,3.141625000000033
Bilbao,2017-01-25,0.42120833333336805
Bilbao,2017-01-26,2.3720833333333644
Bilbao,2017-01-27,8.570833333333326
Bilbao,2017-01-28,6.19291666666669
Bilbao,2017-01-29,8.43416666666667
Bilbao,2017-01-30,12.499166666666667
Bilbao,2017-01-31,11.038333333333355
Bilbao,2017-02-01,11.509916666666697
Bilbao,2017-02-02,12.590000000000032
Bilbao,2017-02-03,12.247916666666697
Bilbao,2017-02-04,11.578750000000014
Bilbao,2017-02-05,8.075500000000034
Bilbao,2017-02-06,7.827916666666681
Bilbao,2017-02-07,9.285833333333358
Bilbao,2017-02-08,5.920000000000016
Bilbao,2017-02-09,6.057083333333367
Bilbao,2017-02-10,7.15625
Bilbao,2017-02-11,6.38583333333338
Bilbao,2017-02-12,10.066666666666663
Bilbao,2017-02-13,11.928875000000005
Bilbao,2017-02-14,9.29798046875004
Bilbao,2017-02-15,9.685708333333366
Bilbao,2017-02-16,8.380125000000021
Bilbao,2017-02-17,7.652833333333376
Bilbao,2017-02-18,6.935000000000002
Bilbao,2017-02-19,8.573875000000044
Bilbao,2017-02-20,6.504583333333358
Bilbao,2017-02-21,8.444998697916674
Bilbao,2017-02-22,8.792500000000018
Bilbao,2017-02-23,8.829166666666708
Bilbao,2017-02-24,8.56125000000003
Bilbao,2017-02-25,7.3837500000000205
Bilbao,2017-02-26,8.685416666666697
Bilbao,2017-02-27,11.37375000000003
Bilbao,2017-02-28,9.107500000000016
Bilbao,2017-03-01,8.122916666666697
Bilbao,2017-03-02,11.677500000000009
Bilbao,2017-03-03,12.03791666666666
Bilbao,2017-03-04,6.565416666666692
Bilbao,2017-03-05,10.660000000000025
Bilbao,2017-03-06,13.173333333333346
Bilbao,2017-03-07,10.769166666666706
Bilbao,2017-03-08,13.259166666666715
Bilbao,2017-03-09,13.375
Bilbao,2017-03-10,13.520833333333371
Bilbao,2017-03-11,12.572083333333353
Bilbao,2017-03-12,10.304166666666674
Bilbao,2017-03-13,8.926666666666677
Bilbao,2017-03-14,11.114166666666677
Bilbao,2017-03-15,11.75541666666669
Bilbao,2017-03-16,13.35583333333335
Bilbao,2017-03-17,10.490833333333342
Bilbao,2017-03-18,10.79333333333335
Bilbao,2017-03-19,8.890833333333376
Bilbao,2017-03-20,9.517916666666679
Bilbao,2017-03-21,8.880833333333385
Bilbao,2017-03-22,6.710000000000036
Bilbao,2017-03-23,5.90833333333336
Bilbao,2017-03-24,5.789583333333326
Bilbao,2017-03-25,5.8174999999999955
Bilbao,2017-03-26,10.69908695652174
Bilbao,2017-03-27,13.26208333333335
Bilbao,2017-03-28,12.796083333333343
Bilbao,2017-03-29,13.53791666666666
Bilbao,2017-03-30,15.84250000000003
Bilbao,2017-03-31,14.463333333333367
Bilbao,2017-04-01,10.19083333333333
Bilbao,2017-04-02,9.636250000000018
Bilbao,2017-04-03,10.1875
Bilbao,2017-04-04,10.95166666666671
Bilbao,2017-04-05,10.43416666666667
Bilbao,2017-04-06,11.845625000000041
Bilbao,2017-04-07,10.987916666666706
Bilbao,2017-04-08,14.775416666666672
Bilbao,2017-04-09,13.956666666666706
Bilbao,2017-04-10,13.117083333333369
Bilbao,2017-04-11,13.041666666666686
Bilbao,2017-04-12,11.893750000000011
Bilbao,2017-04-13,12.187897135416677
Bilbao,2017-04-14,10.884583333333353
Bilbao,2017-04-15,12.372916666666697
Bilbao,2017-04-16,12.832916666666677
Bilbao,2017-04-17,12.342916666666667
Bilbao,2017-04-18,11.453333333333376
Bilbao,2017-04-19,10.423333333333346
Bilbao,2017-04-20,9.958750000000009
Bilbao,2017-04-21,11.664166666666688
Bilbao,2017-04-22,14.666249999999991
Bilbao,2017-04-23,13.509166666666715
Bilbao,2017-04-24,13.689999999999998
Bilbao,2017-04-25,12.030416666666667
Bilbao,2017-04-26,6.991666666666674
Bilbao,2017-04-27,5.210416666666674
Bilbao,2017-04-28,6.376666666666665
Bilbao,2017-04-29,10.473333333333358
Bilbao,2017-04-30,11.584166666666704
Bilbao,2017-05-01,8.216250000000002
Bilbao,2017-05-02,12.352083333333383
Bilbao,2017-05-03,13.65833333333336
Bilbao,2017-05-04,15.211250000000007
Bilbao,2017-05-05,17.153333333333364
Bilbao,2017-05-06,14.670833333333348
Bilbao,2017-05-07,14.27791666666667
Bilbao,2017-05-08,13.28666666666669
Bilbao,2017-05-09,14.124166666666667
Bilbao,2017-05-10,17.080833333333374
Bilbao,2017-05-11,16.17500000000001
Bilbao,2017-05-12,16.599583333333328
Bilbao,2017-05-13,15.8391666666667
Bilbao,2017-05-14,17.707916666666677
Bilbao,2017-05-15,18.17958333333337
Bilbao,2017-05-16,20.08375000000001
Bilbao,2017-05-17,16.600833333333355
Bilbao,2017-05-18,12.391666666666708
Bilbao,2017-05-19,10.967083333333335
Bilbao,2017-05-20,12.490416666666704
Bilbao,2017-05-21,17.63166666666666
Bilbao,2017-05-22,18.594166666666695
Bilbao,2017-05-23,16.228750000000048
Bilbao,2017-05-24,19.652083333333337
Bilbao,2017-05-25,23.769583333333344
Bilbao,2017-05-26,21.63041666666669
Bilbao,2017-05-27,20.320833333333383
Bilbao,2017-05-28,21.159166666666692
Bilbao,2017-05-29,17.86458333333337
Bilbao,2017-05-30,16.93958333333336
Bilbao,2017-05-31,19
Bilbao,2017-06-01,20.060000000000002
Bilbao,2017-06-02,18.329583333333346
Bilbao,2017-06-03,14.846250000000055
Bilbao,2017-06-04,12.639583333333348
Bilbao,2017-06-05,16.59375
Bilbao,2017-06-06,15.081250000000011
Bilbao,2017-06-07,16.692500000000052
Bilbao,2017-06-08,19.307500000000005
Bilbao,2017-06-09,17.28208333333339
Bilbao,2017-06-10,20.960416666666674
Bilbao,2017-06-11,20.122916666666697
Bilbao,2017-06-12,18.93958333333336
Bilbao,2017-06-13,20.77208333333334
Bilbao,2017-06-14,21.556666666666672
Bilbao,2017-06-15,18.243750000000034
Bilbao,2017-06-16,19.22083333333336
Bilbao,2017-06-17,21.334166666666704
Bilbao,2017-06-18,22.82916666666671
Bilbao,2017-06-19,24.95875000000001
Bilbao,2017-06-20,24.884583333333353
Bilbao,2017-06-21,26.3485
Bilbao,2017-06-22,21.913333333333355
Bilbao,2017-06-23,19.195833333333383
Bilbao,2017-06-24,18.480000000000018
Bilbao,2017-06-25,18.693750000000023
Bilbao,2017-06-26,20.421250000000043
Bilbao,2017-06-27,18.775833333333367
Bilbao,2017-06-28,18.05000000000001
Bilbao,2017-06-29,15.468333333333362
Bilbao,2017-06-30,13.687916666666695
Bilbao,2017-07-01,13.550000000000011
Bilbao,2017-07-02,15.919191406250036
Bilbao,2017-07-03,18.04041666666666
Bilbao,2017-07-04,23.320833333333383
Bilbao,2017-07-05,25.416666666666686
Bilbao,2017-07-06,21.798333333333346
Bilbao,2017-07-07,21.907916666666665
Bilbao,2017-07-08,19.606250000000045
Bilbao,2017-07-09,20.07000000000005
Bilbao,2017-07-10,18.135000000000048
Bilbao,2017-07-11,19.760416666666686
Bilbao,2017-07-12,18.917500000000018
Bilbao,2017-07-13,19.146666666666704
Bilbao,2017-07-14,19.0266666666667
Bilbao,2017-07-15,19.498333333333335
Bilbao,2017-07-16,21.25333333333333
Bilbao,2017-07-17,25.24875000000003
Bilbao,2017-07-18,24.592916666666667
Bilbao,2017-07-19,21.422500000000014
Bilbao,2017-07-20,17.49666666666667
Bilbao,2017-07-21,16.80583333333334
Bilbao,2017-07-22,16.947500000000048
Bilbao,2017-07-23,19.1516666666667
Bilbao,2017-07-24,18.48541666666671
Bilbao,2017-07-25,17.260000000000048
Bilbao,2017-07-26,18.373333333333335
Bilbao,2017-07-27,20.034166666666692
Bilbao,2017-07-28,21.756666666666717
Bilbao,2017-07-29,22.71750000000003
Bilbao,2017-07-30,19.8679166666667
Bilbao,2017-07-31,18.490416666666704
Bilbao,2017-08-01,19.48333333333335
Bilbao,2017-08-02,22.070833333333383
Bilbao,2017-08-03,21.645125000000007
Bilbao,2017-08-04,24.49875000000003
Bilbao,2017-08-05,19.963333333333367
Bilbao,2017-08-06,18.57791666666668
Bilbao,2017-08-07,19.802916666666704
Bilbao,2017-08-08,16.904166666666697
Bilbao,2017-08-09,15.84125000000006
Bilbao,2017-08-10,15.37166666666667
Bilbao,2017-08-11,16.374166666666724
Bilbao,2017-08-12,16.77208333333334
Bilbao,2017-08-13,18.70166666666671
Bilbao,2017-08-14,23.023750000000007
Bilbao,2017-08-15,20.132083333333355
Bilbao,2017-08-16,20.528520833333346
Bilbao,2017-08-17,20.19291666666669
Bilbao,2017-08-18,19.914166666666688
Bilbao,2017-08-19,19.70750000000004
Bilbao,2017-08-20,17.522916666666674
Bilbao,2017-08-21,21.77333333333337
Bilbao,2017-08-22,23.010416666666686
Bilbao,2017-08-23,20.403750000000002
Bilbao,2017-08-24,22.000416666666695
Bilbao,2017-08-25,22.078750000000014
Bilbao,2017-08-26,23.55250000000001
Bilbao,2017-08-27,21.814166666666665
Bilbao,2017-08-28,20.091250000000002
Bilbao,2017-08-29,20.248333333333335
Bilbao,2017-08-30,20.040416666666715
Bilbao,2017-08-31,16.39291666666668
Bilbao,2017-09-01,15.44625000000002
Bilbao,2017-09-02,16.723333333333358
Bilbao,2017-09-03,18.34125000000006
Bilbao,2017-09-04,19.403750000000002
Bilbao,2017-09-05,18.8704166666667
Bilbao,2017-09-06,17.697916666666686
Bilbao,2017-09-07,17.0554166666667
Bilbao,2017-09-08,15.822916666666686
Bilbao,2017-09-09,15.75
Bilbao,2017-09-10,15.250416666666695
Bilbao,2017-09-11,16.534166666666692
Bilbao,2017-09-12,16.568333333333385
Bilbao,2017-09-13,17.697916666666686
Bilbao,2017-09-14,15.96958333333339
Bilbao,2017-09-15,11.751250000000027
Bilbao,2017-09-16,11.435833333333335
Bilbao,2017-09-17,12.67041666666671
Bilbao,2017-09-18,14.097500000000025
Bilbao,2017-09-19,14.656250000000057
Bilbao,2017-09-20,13.820833333333326
Bilbao,2017-09-21,14.501968750000003
Bilbao,2017-09-22,16.078333333333376
Bilbao,2017-09-23,18.212916666666672
Bilbao,2017-09-24,18.44958333333335
Bilbao,2017-09-25,16.94958333333335
Bilbao,2017-09-26,16.79666666666668
Bilbao,2017-09-27,16.971666666666692
Bilbao,2017-09-28,18.764687500000036
Bilbao,2017-09-29,18.095416666666665
Bilbao,2017-09-30,16.13916666666671
Bilbao,2017-10-01,15.145000000000039
Bilbao,2017-10-02,18.229166666666686
Bilbao,2017-10-03,18.16291666666666
Bilbao,2017-10-04,18.468333333333362
Bilbao,2017-10-05,16.671250000000043
Bilbao,2017-10-06,15.515000000000043
Bilbao,2017-10-07,11.930000000000007
Bilbao,2017-10-08,11.709166666666704
Bilbao,2017-10-09,12.367500000000007
Bilbao,2017-10-10,13.579583333333346
Bilbao,2017-10-11,15.011666666666713
Bilbao,2017-10-12,15.91708333333338
Bilbao,2017-10-13,17.13958333333335
Bilbao,2017-10-14,19.13070833333336
Bilbao,2017-10-15,20.53791666666666
Bilbao,2017-10-16,20.767083333333346
Bilbao,2017-10-17,18.11125000000004
Bilbao,2017-10-18,14.772500000000036
Bilbao,2017-10-19,14.134791666666672
Bilbao,2017-10-20,17.331666666666706
Bilbao,2017-10-21,16.119583333333367
Bilbao,2017-10-22,11.845416666666665
Bilbao,2017-10-23,11.23083333333335
Bilbao,2017-10-24,12.770416666666677
Bilbao,2017-10-25,13.90833333333336
Bilbao,2017-10-26,15.18625000000003
Bilbao,2017-10-27,12.898750000000007
Bilbao,2017-10-28,14.541666666666686
Bilbao,2017-10-29,9.698800000000006
Bilbao,2017-10-30,12.275833333333367
Bilbao,2017-10-31,9.546666666666681
Bilbao,2017-11-01,12.653750000000002
Bilbao,2017-11-02,14.827500000000043
Bilbao,2017-11-03,14.519166666666706
Bilbao,2017-11-04,10.404583333333335
Bilbao,2017-11-05,10.466666666666697
Bilbao,2017-11-06,9.12166666666667
Bilbao,2017-11-07,8.279166666666697
Bilbao,2017-11-08,7.525833333333367
Bilbao,2017-11-09,7.879583333333358
Bilbao,2017-11-10,10.04333333333335
Bilbao,2017-11-11,11.940416666666692
Bilbao,2017-11-12,12.166250000000048
Bilbao,2017-11-13,9.289583333333383
Bilbao,2017-11-14,6.521666666666704
Bilbao,2017-11-15,4.791666666666686
Bilbao,2017-11-16,5.949583333333351
Bilbao,2017-11-17,7.12916666666672
Bilbao,2017-11-18,6.664166666666688
Bilbao,2017-11-19,5.862916666666706
Bilbao,2017-11-20,5.778333333333364
Bilbao,2017-11-21,7.1200000000000045
Bilbao,2017-11-22,10.966666666666697
Bilbao,2017-11-23,16.98881250000005
Bilbao,2017-11-24,14.90500000000003
Bilbao,2017-11-25,9.317500000000052
Bilbao,2017-11-26,6.484583333333376
Bilbao,2017-11-27,4.292500000000018
Bilbao,2017-11-28,5.051250000000039
Bilbao,2017-11-29,5.5691666666667174
Bilbao,2017-11-30,4.398333333333369
Bilbao,2017-12-01,3.048333333333346
Bilbao,2017-12-02,3.50208333333336
Bilbao,2017-12-03,1.6666666666666856
Bilbao,2017-12-04,4.952916666666681
Bilbao,2017-12-05,2.9315833333333785
Bilbao,2017-12-06,1.9801666666667188
Bilbao,2017-12-07,6.162500000000023
Bilbao,2017-12-08,7.693750000000023
Bilbao,2017-12-09,7.2020833333333485
Bilbao,2017-12-10,13.353333333333353
Bilbao,2017-12-11,8.332916666666677
Bilbao,2017-12-12,4.734166666666681
Bilbao,2017-12-13,7.54741666666672
Bilbao,2017-12-14,11.06666666666672
Bilbao,2017-12-15,7.413333333333355
Bilbao,2017-12-16,5.654583333333335
Bilbao,2017-12-17,5.141250000000014
Bilbao,2017-12-18,6.31666666666672
Bilbao,2017-12-19,6.511666666666713
Bilbao,2017-12-20,5.514166666666711
Bilbao,2017-12-21,7.449583333333351
Bilbao,2017-12-22,6.686666666666724
Bilbao,2017-12-23,8.280833333333362
Bilbao,2017-12-24,6.874583333333362
Bilbao,2017-12-25,5.528333333333364
Bilbao,2017-12-26,7.225833333333355
Bilbao,2017-12-27,7.010416666666686
Bilbao,2017-12-28,7.230833333333351
Bilbao,2017-12-29,10.952083333333348
Bilbao,2017-12-30,14.297083333333376
Bilbao,2017-12-31,12.337916666666672
Bilbao,2018-01-01,9.100833333333355
Bilbao,2018-01-02,11.32000000000005
Bilbao,2018-01-03,15.038333333333355
Bilbao,2018-01-04,14.346666666666692
Bilbao,2018-01-05,11.395000000000039
Bilbao,2018-01-06,4.607916666666711
Bilbao,2018-01-07,4.558333333333337
Bilbao,2018-01-08,4.582500000000039
Bilbao,2018-01-09,5.2429166666667015
Bilbao,2018-01-10,7.410000000000025
Bilbao,2018-01-11,5.240000000000009
Bilbao,2018-01-12,6.760416666666686
Bilbao,2018-01-13,6.048333333333346
Bilbao,2018-01-14,5.627916666666692
Bilbao,2018-01-15,6.855145833333381
Bilbao,2018-01-16,10.880833333333385
Bilbao,2018-01-17,9.493958333333353
Bilbao,2018-01-18,5.753750000000025
Bilbao,2018-01-19,8.725833333333355
Bilbao,2018-01-20,9.533750000000055
Bilbao,2018-01-21,12.158750000000055
Bilbao,2018-01-22,9.605416666666713
Bilbao,2018-01-23,11.202916666666681
Bilbao,2018-01-24,8.750416666666695
Bilbao,2018-01-25,8.116666666666674
Bilbao,2018-01-26,6.236666666666679
Bilbao,2018-01-27,6.868750000000034
Bilbao,2018-01-28,3.5395833333333826
Bilbao,2018-01-29,4.668333333333351
Bilbao,2018-01-30,4.664583333333383
Bilbao,2018-01-31,5.069833333333349
Bilbao,2018-02-01,5.0829166666666765
Bilbao,2018-02-02,2.9533333333333758
Bilbao,2018-02-03,4.540416666666715
Bilbao,2018-02-04,4.345416666666665
Bilbao,2018-02-05,3.9600000000000364
Bilbao,2018-02-06,2.9533333333333758
Bilbao,2018-02-07,1.5962500000000546
Bilbao,2018-02-08,1.8225000000000477
Bilbao,2018-02-09,2.1587500000000546
Bilbao,2018-02-10,4.5750000000000455
Bilbao,2018-02-11,7.8525000000000205
Bilbao,2018-02-12,3.5008333333333326
Bilbao,2018-02-13,3.3620833333333735
Bilbao,2018-02-14,8.945416666666688
Bilbao,2018-02-15,13.600000000000023
Bilbao,2018-02-16,12.858750000000043
Bilbao,2018-02-17,9.158750000000055
Bilbao,2018-02-18,7.16375000000005
Bilbao,2018-02-19,9.647500000000036
Bilbao,2018-02-20,9.327708333333362
Bilbao,2018-02-21,6.056208333333359
Bilbao,2018-02-22,4.554166666666674
Bilbao,2018-02-23,2.333250000000021
Bilbao,2018-02-24,4.029166666666697
Bilbao,2018-02-25,3.0945833333333894
Bilbao,2018-02-26,3.6570833333333894
Bilbao,2018-02-27,-1.7662499999999568
Bilbao,2018-02-28,0.5791666666667084
Bilbao,2018-03-01,10.064166666666665
Bilbao,2018-03-02,8.122500000000002
Bilbao,2018-03-03,11.584583333333342
Bilbao,2018-03-04,11.193333333333328
Bilbao,2018-03-05,9.754999999999995
Bilbao,2018-03-06,8.007083333333355
Bilbao,2018-03-07,7.720000000000027
Bilbao,2018-03-08,11.242083333333369
Bilbao,2018-03-09,15.185000000000002
Bilbao,2018-03-10,16.098749999999995
Bilbao,2018-03-11,12.716666666666697
Bilbao,2018-03-12,10.079583333333346
Bilbao,2018-03-13,9.978750000000048
Bilbao,2018-03-14,12.20187500000003
Bilbao,2018-03-15,10.781083333333356
Bilbao,2018-03-16,7.774583333333339
Bilbao,2018-03-17,7.056666666666672
Bilbao,2018-03-18,6.372916666666697
Bilbao,2018-03-19,4.214166666666699
Bilbao,2018-03-20,3.18958333333336
Bilbao,2018-03-21,5.31666666666672
Bilbao,2018-03-22,6.023333333333369
Bilbao,2018-03-23,6.860750000000053
Bilbao,2018-03-24,6.9527916666667124
Bilbao,2018-03-25,7.336956521739182
Bilbao,2018-03-26,8.373333333333335
Bilbao,2018-03-27,11.2766666666667
Bilbao,2018-03-28,11.742083333333369
Bilbao,2018-03-29,10.357500000000016
Bilbao,2018-03-30,9.535416666666663
Bilbao,2018-03-31,8.201250000000016
Bilbao,2018-04-01,9.912500000000023
Bilbao,2018-04-02,15.611250000000041
Bilbao,2018-04-03,14.84708333333333
Bilbao,2018-04-04,12.990000000000009
Bilbao,2018-04-05,13.092083333333335
Bilbao,2018-04-06,16.962916666666672
Bilbao,2018-04-07,11.779166666666697
Bilbao,2018-04-08,10.565833333333387
Bilbao,2018-04-09,7.441250000000025
Bilbao,2018-04-10,6.9621250000000146
Bilbao,2018-04-11,7.563750000000027
Bilbao,2018-04-12,11.26083333333338
Bilbao,2018-04-13,10.375000000000057
Bilbao,2018-04-14,12.210000000000036
Bilbao,2018-04-15,12.81458333333336
Bilbao,2018-04-16,11.5
Bilbao,2018-04-17,14.304166666666674
Bilbao,2018-04-18,17.1804166666667
Bilbao,2018-04-19,19.09041666666667
Bilbao,2018-04-20,17.51750000000004
Bilbao,2018-04-21,18.506666666666717
Bilbao,2018-04-22,17.540416666666715
Bilbao,2018-04-23,14.698750000000018
Bilbao,2018-04-24,17.2141666666667
Bilbao,2018-04-25,13.584166666666704
Bilbao,2018-04-26,11.93833333333339
Bilbao,2018-04-27,10.491666666666674
Bilbao,2018-04-28,9.71958333333339
Bilbao,2018-04-29,9.77458333333334
Bilbao,2018-04-30,8.04208333333338
Bilbao,2018-05-01,9.067500000000052
Bilbao,2018-05-02,9.798375000000021
Bilbao,2018-05-03,9.48645833333336
Bilbao,2018-05-04,10.31458333333336
Bilbao,2018-05-05,11.485833333333346
Bilbao,2018-05-06,14.832083333333344
Bilbao,2018-05-07,16.326708333333386
Bilbao,2018-05-08,13.970416666666722
Bilbao,2018-05-09,13.34583333333336
Bilbao,2018-05-10,12.159583333333387
Bilbao,2018-05-11,12.479166666666686
Bilbao,2018-05-12,9.831250000000011
Bilbao,2018-05-13,8.172500000000014
Bilbao,2018-05-14,10.625416666666695
Bilbao,2018-05-15,11.497083333333364
Bilbao,2018-05-16,11.31666666666672
Bilbao,2018-05-17,12.088333333333367
Bilbao,2018-05-18,15.086666666666702
Bilbao,2018-05-19,15.15500000000003
Bilbao,2018-05-20,14.327916666666681
Bilbao,2018-05-21,15.57125000000002
Bilbao,2018-05-22,15.396666666666704
Bilbao,2018-05-23,14.59708333333333
Bilbao,2018-05-24,17.73875000000004
Bilbao,2018-05-25,16.509583333333353
Bilbao,2018-05-26,16.088750000000005
Bilbao,2018-05-27,14.875
Bilbao,2018-05-28,13.920666666666705
Bilbao,2018-05-29,15.60250000000002
Bilbao,2018-05-30,15.414166666666688
Bilbao,2018-05-31,15.951250000000016
Bilbao,2018-06-01,16.05208333333337
Bilbao,2018-06-02,18.383333333333383
Bilbao,2018-06-03,17.95750000000004
Bilbao,2018-06-04,15.961666666666702
Bilbao,2018-06-05,14.080416666666679
Bilbao,2018-06-06,14.434583333333364
Bilbao,2018-06-07,17.28666666666669
Bilbao,2018-06-08,18.66708333333338
Bilbao,2018-06-09,18.380833333333385
Bilbao,2018-06-10,15.897500000000036
Bilbao,2018-06-11,15.287916666666717
Bilbao,2018-06-12,15.79208333333338
Bilbao,2018-06-13,15.653750000000002
Bilbao,2018-06-14,15.405416666666724
Bilbao,2018-06-15,14.979166666666686
Bilbao,2018-06-16,16.78541666666672
Bilbao,2018-06-17,16.888750000000016
Bilbao,2018-06-18,15.684583333333364
Bilbao,2018-06-19,17.622500000000002
Bilbao,2018-06-20,21.182083333333367
Bilbao,2018-06-21,20.631666666666717
Bilbao,2018-06-22,20.20875000000001
Bilbao,2018-06-23,18.39250000000004
Bilbao,2018-06-24,19.967916666666667
Bilbao,2018-06-25,21.20291666666668
Bilbao,2018-06-26,20.473749999999995
Bilbao,2018-06-27,19.01541666666668
Bilbao,2018-06-28,18.63270833333337
Bilbao,2018-06-29,21.44166666666672
Bilbao,2018-06-30,21.86166666666668
Bilbao,2018-07-01,21.427916666666704
Bilbao,2018-07-02,21.171250000000043
Bilbao,2018-07-03,20.77125000000001
Bilbao,2018-07-04,20.160833333333358
Bilbao,2018-07-05,18.56125000000003
Bilbao,2018-07-06,19.74666666666667
Bilbao,2018-07-07,20.224583333333385
Bilbao,2018-07-08,22.600416666666717
Bilbao,2018-07-09,22.64250000000004
Bilbao,2018-07-10,21.789166666666688
Bilbao,2018-07-11,20.42291666666671
Bilbao,2018-07-12,20.552916666666704
Bilbao,2018-07-13,20.34041666666667
Bilbao,2018-07-14,22.28125
Bilbao,2018-07-15,21.85583333333335
Bilbao,2018-07-16,19.63250000000005
Bilbao,2018-07-17,19.52208333333334
Bilbao,2018-07-18,22.769583333333344
Bilbao,2018-07-19,21.90833333333336
Bilbao,2018-07-20,18.87708333333336
Bilbao,2018-07-21,18.68833333333339
Bilbao,2018-07-22,18.871250000000032
Bilbao,2018-07-23,21.38166666666666
Bilbao,2018-07-24,22.32000000000005
Bilbao,2018-07-25,22.246250000000032
Bilbao,2018-07-26,22.84250000000003
Bilbao,2018-07-27,22.453750000000014
Bilbao,2018-07-28,20.822500000000048
Bilbao,2018-07-29,21.153750000000002
Bilbao,2018-07-30,23.030833333333362
Bilbao,2018-07-31,19.960416666666674
Bilbao,2018-08-01,20.610833333333346
Bilbao,2018-08-02,23.282083333333333
Bilbao,2018-08-03,24.442500000000052
Bilbao,2018-08-04,23.206666666666706
Bilbao,2018-08-05,23.469583333333333
Bilbao,2018-08-06,25.369166666666672
Bilbao,2018-08-07,22.23790494791666
Bilbao,2018-08-08,21.23625000000004
Bilbao,2018-08-09,18.28000000000003
Bilbao,2018-08-10,17.98625000000004
Bilbao,2018-08-11,20.74645833333335
Bilbao,2018-08-12,22.106666666666683
Bilbao,2018-08-13,20.230416666666713
Bilbao,2018-08-14,19.390000000000043
Bilbao,2018-08-15,20.90458333333339
Bilbao,2018-08-16,19.76208333333335
Bilbao,2018-08-17,17.566250000000025
Bilbao,2018-08-18,16.636250000000018
Bilbao,2018-08-19,18.693333333333385
Bilbao,2018-08-20,19.461250000000007
Bilbao,2018-08-21,20.327791666666712
Bilbao,2018-08-22,22.18775000000005
Bilbao,2018-08-23,21.45958333333334
Bilbao,2018-08-24,19.330833333333374
Bilbao,2018-08-25,17.19291666666669
Bilbao,2018-08-26,18.568750000000023
Bilbao,2018-08-27,20.540833333333353
Bilbao,2018-08-28,21.95875000000001
Bilbao,2018-08-29,19.14500000000004
Bilbao,2018-08-30,18.850416666666717
Bilbao,2018-08-31,18.046250000000043
Bilbao,2018-09-01,19.45875000000001
Bilbao,2018-09-02,20.307500000000005
Bilbao,2018-09-03,19.0891666666667
Bilbao,2018-09-04,18.67750000000001
Bilbao,2018-09-05,18.115416666666704
Bilbao,2018-09-06,18.780416666666724
Bilbao,2018-09-07,17.868750000000034
Bilbao,2018-09-08,18.90375000000006
Bilbao,2018-09-09,19.73666666666668
Bilbao,2018-09-10,20.058750000000032
Bilbao,2018-09-11,20.118750000000034
Bilbao,2018-09-12,20.197500000000048
Bilbao,2018-09-13,20.03541666666672
Bilbao,2018-09-14,18.880000000000052
Bilbao,2018-09-15,20.05916666666667
Bilbao,2018-09-16,19.058333333333337
Bilbao,2018-09-17,23.16041666666672
Bilbao,2018-09-18,20.22750000000002
Bilbao,2018-09-19,21.5554166666667
Bilbao,2018-09-20,22.66166666666669
Bilbao,2018-09-21,18.99000000000001
Bilbao,2018-09-22,21.003750000000025
Bilbao,2018-09-23,19.16041666666672
Bilbao,2018-09-24,16.455833333333374
Bilbao,2018-09-25,12.723750000000052
Bilbao,2018-09-26,17.70875000000001
Bilbao,2018-09-27,21.935833333333335
Bilbao,2018-09-28,18.4016666666667
Bilbao,2018-09-29,17.568333333333385
Bilbao,2018-09-30,15.35791666666671
Bilbao,2018-10-01,15.1516666666667
Bilbao,2018-10-02,12.398333333333369
Bilbao,2018-10-03,13.482083333333378
Bilbao,2018-10-04,15.148750000000007
Bilbao,2018-10-05,16.542500000000018
Bilbao,2018-10-06,13.752500000000055
Bilbao,2018-10-07,11.756666666666717
Bilbao,2018-10-08,13.427916666666704
Bilbao,2018-10-09,14.272916666666674
Bilbao,2018-10-10,16.584166666666704
Bilbao,2018-10-11,17.44291666666669
Bilbao,2018-10-12,20.9016666666667
Bilbao,2018-10-13,21.38375000000002
Bilbao,2018-10-14,16.429166666666674
Bilbao,2018-10-15,13.525000000000034
Bilbao,2018-10-16,13.123333333333335
Bilbao,2018-10-17,14.047500000000014
Bilbao,2018-10-18,14.86833333333334
Bilbao,2018-10-19,16.42500000000001
Bilbao,2018-10-20,15.421250000000043
Bilbao,2018-10-21,16.05125000000004
Bilbao,2018-10-22,14.053750000000036
Bilbao,2018-10-23,11.60250000000002
Bilbao,2018-10-24,11.96750000000003
Bilbao,2018-10-25,11.346249999999998
Bilbao,2018-10-26,12.462500000000034
Bilbao,2018-10-27,8.65500000000003
Bilbao,2018-10-28,4.632800000000032
Bilbao,2018-10-29,5.65833333333336
Bilbao,2018-10-30,7.312083333333362
Bilbao,2018-10-31,9.040833333333353
Bilbao,2018-11-01,10.515416666666681
Bilbao,2018-11-02,10.624583333333362
Bilbao,2018-11-03,7.697083333333353
Bilbao,2018-11-04,8.360000000000014
Bilbao,2018-11-05,10.87708333333336
Bilbao,2018-11-06,10.443750000000023
Bilbao,2018-11-07,12.948750000000018
Bilbao,2018-11-08,10.060416666666697
Bilbao,2018-11-09,11.097500000000025
Bilbao,2018-11-10,15.275000000000034
Bilbao,2018-11-11,15.5266666666667
Bilbao,2018-11-12,12.454166666666708
Bilbao,2018-11-13,11.82458333333335
Bilbao,2018-11-14,13.03333333333336
Bilbao,2018-11-15,14.765416666666681
Bilbao,2018-11-16,12.981666666666683
Bilbao,2018-11-17,12.28541666666672
Bilbao,2018-11-18,10.114798177083344
Bilbao,2018-11-19,10.24304166666667
Bilbao,2018-11-20,6.302500000000009
Bilbao,2018-11-21,8.442500000000052
Bilbao,2018-11-22,10.427916666666704
Bilbao,2018-11-23,10.30583333333334
Bilbao,2018-11-24,11.244166666666672
Bilbao,2018-11-25,9.577083333333348
Bilbao,2018-11-26,7.433916666666676
Bilbao,2018-11-27,8.772083333333342
Bilbao,2018-11-28,12.314166666666665
Bilbao,2018-11-29,11.06583333333333
Bilbao,2018-11-30,9.091250000000002
Bilbao,2018-12-01,9.393750000000011
Bilbao,2018-12-02,12.748333333333335
Bilbao,2018-12-03,12.995833333333337
Bilbao,2018-12-04,12.020833333333371
Bilbao,2018-12-05,11.520833333333371
Bilbao,2018-12-06,10.467916666666667
Bilbao,2018-12-07,8.153750000000002
Bilbao,2018-12-08,8.189999999999998
Bilbao,2018-12-09,9.69500000000005
Bilbao,2018-12-10,9.214583333333337
Bilbao,2018-12-11,5.31791666666669
Bilbao,2018-12-12,8
Bilbao,2018-12-13,10.06125000000003
Bilbao,2018-12-14,8.12375000000003
Bilbao,2018-12-15,10.850000000000023
Bilbao,2018-12-16,10.97083333333336
Bilbao,2018-12-17,5.990000000000009
Bilbao,2018-12-18,8.759999999999991
Bilbao,2018-12-19,9.205416666666679
Bilbao,2018-12-20,9.673750000000041
Bilbao,2018-12-21,13.339583333333337
Bilbao,2018-12-22,11.750416666666695
Bilbao,2018-12-23,8.892083333333346
Bilbao,2018-12-24,6.684583333333364
Bilbao,2018-12-25,6.344166666666695
Bilbao,2018-12-26,7.090000000000032
Bilbao,2018-12-27,5.013333333333378
Bilbao,2018-12-28,6.787500000000023
Bilbao,2018-12-29,8.454583333333346
Bilbao,2018-12-30,2.8812500000000227
Bilbao,2018-12-31,3.4466666666666583
Madrid,2015-01-01,-0.9651809895833026
Madrid,2015-01-02,-0.7199791666666329
Madrid,2015-01-03,0.6156770833333667
Madrid,2015-01-04,1.3259791666666843
Madrid,2015-01-05,1.252959635416687
Madrid,2015-01-06,-0.9738124999999513
Madrid,2015-01-07,-0.6566210937500045
Madrid,2015-01-08,-0.6139270833332944
Madrid,2015-01-09,1.5185911458333408
Madrid,2015-01-10,0.9952395833333867
Madrid,2015-01-11,1.654382812500046
Madrid,2015-01-12,2.2599166666666974
Madrid,2015-01-13,2.6585000000000605
Madrid,2015-01-14,3.34258333333338
Madrid,2015-01-15,4.767139322916705
Madrid,2015-01-16,5.173805989583343
Madrid,2015-01-17,-0.2518749999999841
Madrid,2015-01-18,1.553208333333373
Madrid,2015-01-19,2.3505104166666797
Madrid,2015-01-20,0.470875000000035
Madrid,2015-01-21,0.7854375000000005
Madrid,2015-01-22,3.3501249999999914
Madrid,2015-01-23,0.7304583333333312
Madrid,2015-01-24,-1.2056249999999409
Madrid,2015-01-25,2.0074791666667124
Madrid,2015-01-26,0.23579166666667106
Madrid,2015-01-27,2.3350677083333267
Madrid,2015-01-28,1.718041666666693
Madrid,2015-01-29,5.004604166666695
Madrid,2015-01-30,11.040541666666684
Madrid,2015-01-31,7.533947916666705
Madrid,2015-02-01,4.5015976562500555
Madrid,2015-02-02,3.6550260416667015
Madrid,2015-02-03,5.158382812500008
Madrid,2015-02-04,1.3004583333333812
Madrid,2015-02-05,1.5630416666667202
Madrid,2015-02-06,0.4199166666666656
Madrid,2015-02-07,-1.182687499999986
Madrid,2015-02-08,-0.917166666666617
Madrid,2015-02-09,4.073458333333349
Madrid,2015-02-10,7.22416666666669
Madrid,2015-02-11,5.729290364583335
Madrid,2015-02-12,6.565416666666692
Madrid,2015-02-13,10.21806250000003
Madrid,2015-02-14,11.691666666666663
Madrid,2015-02-15,9.786110677083343
Madrid,2015-02-16,9.765158854166714
Madrid,2015-02-17,8.29667578125003
Madrid,2015-02-18,7.6090416666667124
Madrid,2015-02-19,8.67843750000003
Madrid,2015-02-20,8.386208333333343
Madrid,2015-02-21,9.460208333333355
Madrid,2015-02-22,9.959583333333342
Madrid,2015-02-23,8.70481250000006
Madrid,2015-02-24,9.046791666666707
Madrid,2015-02-25,9.03597916666672
Madrid,2015-02-26,10.949625000000026
Madrid,2015-02-27,7.750169270833339
Madrid,2015-02-28,9.008395833333338
Madrid,2015-03-01,14.565665364583367
Madrid,2015-03-02,15.294187500000021
Madrid,2015-03-03,14.269437500000038
Madrid,2015-03-04,11.740708333333373
Madrid,2015-03-05,7.601041666666674
Madrid,2015-03-06,9.413958333333369
Madrid,2015-03-07,10.904735677083352
Madrid,2015-03-08,12.63567447916671
Madrid,2015-03-09,12.934041666666701
Madrid,2015-03-10,11.263621093750032
Madrid,2015-03-11,10.785523437500046
Madrid,2015-03-12,10.29256380208335
Madrid,2015-03-13,8.86199218750005
Madrid,2015-03-14,6.154300781250015
Madrid,2015-03-15,4.871361979166693
Madrid,2015-03-16,4.238040364583355
Madrid,2015-03-17,6.9602278645833735
Madrid,2015-03-18,7.0394557291666615
Madrid,2015-03-19,8.945035156250015
Madrid,2015-03-20,8.570408854166715
Madrid,2015-03-21,8.274282552083378
Madrid,2015-03-22,8.718700520833352
Madrid,2015-03-23,8.153377604166678
Madrid,2015-03-24,8.431445312500045
Madrid,2015-03-25,5.0093242187500095
Madrid,2015-03-26,6.680845052083328
Madrid,2015-03-27,12.62715885416668
Madrid,2015-03-28,12.879875000000027
Madrid,2015-03-29,12.79553260869568
Madrid,2015-03-30,12.47625000000005
Madrid,2015-03-31,14.567729166666709
Madrid,2015-04-01,13.41850260416669
Madrid,2015-04-02,12.359105468750045
Madrid,2015-04-03,13.346018229166702
Madrid,2015-04-04,13.400876302083361
Madrid,2015-04-05,12.883190104166715
Madrid,2015-04-06,12.977292968750021
Madrid,2015-04-07,11.191230468750007
Madrid,2015-04-08,10.056523437500005
Madrid,2015-04-09,8.408852864583366
Madrid,2015-04-10,10.439458333333334
Madrid,2015-04-11,11.473167968750033
Madrid,2015-04-12,13.486855468750036
Madrid,2015-04-13,14.684561197916707
Madrid,2015-04-14,16.607792968750005
Madrid,2015-04-15,13.710917968750039
Madrid,2015-04-16,11.991000000000042
Madrid,2015-04-17,14.465811197916707
Madrid,2015-04-18,12.337833333333379
Madrid,2015-04-19,10.284709635416675
Madrid,2015-04-20,12.659541666666712
Madrid,2015-04-21,15.094654947916695
Madrid,2015-04-22,14.82133463541669
Madrid,2015-04-23,13.859610677083367
Madrid,2015-04-24,15.036285156250017
Madrid,2015-04-25,14.40170182291672
Madrid,2015-04-26,11.286125000000027
Madrid,2015-04-27,9.808087239583358
Madrid,2015-04-28,12.323341145833353
Madrid,2015-04-29,14.564494791666675
Madrid,2015-04-30,15.279729166666698
Madrid,2015-05-01,17.474944010416664
Madrid,2015-05-02,19.53228385416668
Madrid,2015-05-03,18.92648567708335
Madrid,2015-05-04,21.242250000000013
Madrid,2015-05-05,16.165708333333384
Madrid,2015-05-06,13.684916666666709
Madrid,2015-05-07,18.355785156250022
Madrid,2015-05-08,18.141360677083355
Madrid,2015-05-09,18.676805989583386
Madrid,2015-05-10,21.60153385416669
Madrid,2015-05-11,23.359424479166705
Madrid,2015-05-12,23.56641666666667
Madrid,2015-05-13,25.75065364583338
Madrid,2015-05-14,25.307187500000055
Madrid,2015-05-15,18.47758333333337
Madrid,2015-05-16,18.117500000000007
Madrid,2015-05-17,20.454020833333345
Madrid,2015-05-18,20.666388020833324
Madrid,2015-05-19,18.33785416666666
Madrid,2015-05-20,14.81954166666668
Madrid,2015-05-21,15.092145833333348
Madrid,2015-05-22,14.555208333333383
Madrid,2015-05-23,16.113500000000045
Madrid,2015-05-24,17.649979166666697
Madrid,2015-05-25,18.413710937500014
Madrid,2015-05-26,19.179546875000028
Madrid,2015-05-27,19.521583333333353
Madrid,2015-05-28,21.628750000000025
Madrid,2015-05-29,21.044125000000008
Madrid,2015-05-30,20.272625000000005
Madrid,2015-05-31,20.48433333333338
Madrid,2015-06-01,23.58375000000001
Madrid,2015-06-02,25.152500000000032
Madrid,2015-06-03,25.846000000000004
Madrid,2015-06-04,24.349708333333353
Madrid,2015-06-05,23.89087500000005
Madrid,2015-06-06,24.167750000000012
Madrid,2015-06-07,25.388291666666703
Madrid,2015-06-08,24.669875000000047
Madrid,2015-06-09,24.147916666666674
Madrid,2015-06-10,20.14166666666671
Madrid,2015-06-11,19.265166666666687
Madrid,2015-06-12,17.5626666666667
Madrid,2015-06-13,16.30229166666669
Madrid,2015-06-14,16.087791666666703
Madrid,2015-06-15,15.021666666666704
Madrid,2015-06-16,18.47625000000005
Madrid,2015-06-17,20.18958333333336
Madrid,2015-06-18,21.962041666666664
Madrid,2015-06-19,24.771750000000054
Madrid,2015-06-20,25.394583333333344
Madrid,2015-06-21,25.992125000000044
Madrid,2015-06-22,25.580916666666724
Madrid,2015-06-23,20.822750000000042
Madrid,2015-06-24,21.09354166666668
Madrid,2015-06-25,24.511666666666713
Madrid,2015-06-26,26.925833333333344
Madrid,2015-06-27,29.08125000000001
Madrid,2015-06-28,30.44291666666669
Madrid,2015-06-29,31.412916666666717
Madrid,2015-06-30,31.478750000000048
Madrid,2015-07-01,29.832916666666677
Madrid,2015-07-02,28.45166666666671
Madrid,2015-07-03,29.915416666666715
Madrid,2015-07-04,30.350833333333355
Madrid,2015-07-05,30.985000000000014
Madrid,2015-07-06,31.666250000000048
Madrid,2015-07-07,31.824166666666713
Madrid,2015-07-08,31.01875000000001
Madrid,2015-07-09,30.341666666666697
Madrid,2015-07-10,29.917916666666713
Madrid,2015-07-11,29.667916666666713
Madrid,2015-07-12,29.794583333333378
Madrid,2015-07-13,31.062916666666695
Madrid,2015-07-14,31.997916666666697
Madrid,2015-07-15,31.472500000000025
Madrid,2015-07-16,30.76083333333338
Madrid,2015-07-17,30.668750000000045
Madrid,2015-07-18,28.66833333333335
Madrid,2015-07-19,28.621250000000032
Madrid,2015-07-20,30.01875000000001
Madrid,2015-07-21,31.01541666666668
Madrid,2015-07-22,29.33708333333334
Madrid,2015-07-23,28.983750000000043
Madrid,2015-07-24,28.52083333333337
Madrid,2015-07-25,27.150000000000034
Madrid,2015-07-26,28.195833333333383
Madrid,2015-07-27,30.665416666666715
Madrid,2015-07-28,29.92500000000001
Madrid,2015-07-29,29.81458333333336
Madrid,2015-07-30,27.095000000000027
Madrid,2015-07-31,25.749583333333362
Madrid,2015-08-01,23.777500000000032
Madrid,2015-08-02,26.962916666666672
Madrid,2015-08-03,28.903750000000002
Madrid,2015-08-04,29.497083333333364
Madrid,2015-08-05,28.115416666666704
Madrid,2015-08-06,28.922083333333376
Madrid,2015-08-07,28.831666666666706
Madrid,2015-08-08,27.73416666666668
Madrid,2015-08-09,21.773750000000007
Madrid,2015-08-10,27.257916666666688
Madrid,2015-08-11,28.97083333333336
Madrid,2015-08-12,27.170000000000016
Madrid,2015-08-13,24.09583333333336
Madrid,2015-08-14,22.201250000000016
Madrid,2015-08-15,22.843333333333362
Madrid,2015-08-16,22.971249999999998
Madrid,2015-08-17,26.03125
Madrid,2015-08-18,25.11041666666671
Madrid,2015-08-19,25.110833333333346
Madrid,2015-08-20,26.97791666666666
Madrid,2015-08-21,26.943750000000023
Madrid,2015-08-22,24.90291666666667
Madrid,2015-08-23,22.418750000000045
Madrid,2015-08-24,20.144583333333344
Madrid,2015-08-25,20.933333333333337
Madrid,2015-08-26,24.29666666666668
Madrid,2015-08-27,24.289583333333383
Madrid,2015-08-28,25.21208333333334
Madrid,2015-08-29,28.287083333333385
Madrid,2015-08-30,26.175833333333344
Madrid,2015-08-31,22.59916666666669
Madrid,2015-09-01,19.29041666666666
Madrid,2015-09-02,18.872500000000002
Madrid,2015-09-03,17.370000000000005
Madrid,2015-09-04,15.891250000000014
Madrid,2015-09-05,14.742500000000007
Madrid,2015-09-06,15.020000000000039
Madrid,2015-09-07,14.31666666666672
Madrid,2015-09-08,14.708333333333371
Madrid,2015-09-09,15.788333333333355
Madrid,2015-09-10,17.600000000000023
Madrid,2015-09-11,17.01208333333335
Madrid,2015-09-12,17.270416666666677
Madrid,2015-09-13,16.150833333333367
Madrid,2015-09-14,14.47416666666669
Madrid,2015-09-15,11.696666666666715
Madrid,2015-09-16,13.774166666666702
Madrid,2015-09-17,11.840833333333364
Madrid,2015-09-18,14.13041666666669
Madrid,2015-09-19,17.638750000000016
Madrid,2015-09-20,18.832083333333344
Madrid,2015-09-21,20.257916666666688
Madrid,2015-09-22,19.626666666666665
Madrid,2015-09-23,18.597500000000025
Madrid,2015-09-24,19.347500000000025
Madrid,2015-09-25,21.003750000000025
Madrid,2015-09-26,20.4016666666667
Madrid,2015-09-27,21.19625000000002
Madrid,2015-09-28,18.1875
Madrid,2015-09-29,17.853333333333353
Madrid,2015-09-30,18.190416666666692
Madrid,2015-10-01,17.310000000000002
Madrid,2015-10-02,17.84041666666667
Madrid,2015-10-03,18.97625000000005
Madrid,2015-10-04,18.05000000000001
Madrid,2015-10-05,20.552916666666704
Madrid,2015-10-06,17.741250000000036
Madrid,2015-10-07,15.905416666666667
Madrid,2015-10-08,15.190416666666692
Madrid,2015-10-09,14.423750000000041
Madrid,2015-10-10,15.029166666666697
Madrid,2015-10-11,16.733750000000043
Madrid,2015-10-12,17.550833333333344
Madrid,2015-10-13,13.334166666666704
Madrid,2015-10-14,11.197500000000048
Madrid,2015-10-15,11.388333333333378
Madrid,2015-10-16,11.897916666666674
Madrid,2015-10-17,15.083333333333371
Madrid,2015-10-18,15.980416666666656
Madrid,2015-10-19,16.830833333333317
Madrid,2015-10-20,15.594166666666695
Madrid,2015-10-21,11.890416666666681
Madrid,2015-10-22,11.4641666666667
Madrid,2015-10-23,13.144583333333344
Madrid,2015-10-24,14.7766666666667
Madrid,2015-10-25,15.812400000000025
Madrid,2015-10-26,15.010416666666686
Madrid,2015-10-27,14.205145833333347
Madrid,2015-10-28,12.393416666666667
Madrid,2015-10-29,13.965708333333339
Madrid,2015-10-30,14.76600000000002
Madrid,2015-10-31,15.947708333333367
Madrid,2015-11-01,16.12575000000004
Madrid,2015-11-02,13.157791666666697
Madrid,2015-11-03,11.828458333333344
Madrid,2015-11-04,12.73637500000001
Madrid,2015-11-05,14.165791666666678
Madrid,2015-11-06,14.381833333333361
Madrid,2015-11-07,14.894625000000019
Madrid,2015-11-08,14.67235416666665
Madrid,2015-11-09,12.92318750000004
Madrid,2015-11-10,12.58887500000003
Madrid,2015-11-11,11.074333333333357
Madrid,2015-11-12,11.113729166666701
Madrid,2015-11-13,11.466041666666683
Madrid,2015-11-14,11.392666666666685
Madrid,2015-11-15,10.160250000000019
Madrid,2015-11-16,8.49777213541671
Madrid,2015-11-17,8.486735677083345
Madrid,2015-11-18,9.596000000000004
Madrid,2015-11-19,11.29154166666666
Madrid,2015-11-20,11.513208333333353
Madrid,2015-11-21,11.255958333333353
Madrid,2015-11-22,5.56583333333333
Madrid,2015-11-23,4.868104166666683
Madrid,2015-11-24,5.171812500000044
Madrid,2015-11-25,9.578624999999988
Madrid,2015-11-26,11.023333333333369
Madrid,2015-11-27,11.896625000000029
Madrid,2015-11-28,7.991250000000036
Madrid,2015-11-29,4.331083333333368
Madrid,2015-11-30,4.409291666666661
Madrid,2015-12-01,4.199166666666656
Madrid,2015-12-02,5.151583333333349
Madrid,2015-12-03,6.001966145833364
Madrid,2015-12-04,7.442604166666683
Madrid,2015-12-05,8.593104166666706
Madrid,2015-12-06,7.496125000000006
Madrid,2015-12-07,6.3545833333333235
Madrid,2015-12-08,8.221416666666698
Madrid,2015-12-09,8.162319010416695
Madrid,2015-12-10,7.970972656250012
Madrid,2015-12-11,8.797583333333364
Madrid,2015-12-12,9.636541666666687
Madrid,2015-12-13,7.149687500000027
Madrid,2015-12-14,9.417458333333343
Madrid,2015-12-15,10.066458333333344
Madrid,2015-12-16,7.482541666666691
Madrid,2015-12-17,7.068291666666653
Madrid,2015-12-18,7.627291666666679
Madrid,2015-12-19,7.068333333333385
Madrid,2015-12-20,7.381979166666667
Madrid,2015-12-21,6.671520833333375
Madrid,2015-12-22,5.694708333333381
Madrid,2015-12-23,5.577958333333356
Madrid,2015-12-24,4.828541666666695
Madrid,2015-12-25,4.568312500000047
Madrid,2015-12-26,3.7638750000000414
Madrid,2015-12-27,6.016666666666708
Madrid,2015-12-28,8.388041666666709
Madrid,2015-12-29,8.300145833333374
Madrid,2015-12-30,7.468208333333337
Madrid,2015-12-31,9.403041666666695
Madrid,2016-01-01,10.229916666666668
Madrid,2016-01-02,7.9637500000000045
Madrid,2016-01-03,6.906895833333351
Madrid,2016-01-04,12.13404166666669
Madrid,2016-01-05,6.794875000000047
Madrid,2016-01-06,5.030645833333324
Madrid,2016-01-07,11.999291666666693
Madrid,2016-01-08,11.896187499999996
Madrid,2016-01-09,9.869395833333328
Madrid,2016-01-10,10.576187500000003
Madrid,2016-01-11,9.43872916666669
Madrid,2016-01-12,6.197604166666679
Madrid,2016-01-13,3.65508333333338
Madrid,2016-01-14,4.969500000000039
Madrid,2016-01-15,6.439541666666685
Madrid,2016-01-16,4.179333333333375
Madrid,2016-01-17,1.8279375000000186
Madrid,2016-01-18,5.895208333333358
Madrid,2016-01-19,4.677125000000046
Madrid,2016-01-20,4.862000000000023
Madrid,2016-01-21,5.904208333333372
Madrid,2016-01-22,8.31916666666666
Madrid,2016-01-23,11.255125000000021
Madrid,2016-01-24,10.270000000000039
Madrid,2016-01-25,9.51285416666667
Madrid,2016-01-26,9.023124999999993
Madrid,2016-01-27,8.084750000000042
Madrid,2016-01-28,8.29781250000002
Madrid,2016-01-29,8.390000000000043
Madrid,2016-01-30,7.550938802083351
Madrid,2016-01-31,8.238555989583347
Madrid,2016-02-01,8.580020833333379
Madrid,2016-02-02,6.741104166666673
Madrid,2016-02-03,8.507562500000006
Madrid,2016-02-04,5.65958333333333
Madrid,2016-02-05,4.11145833333336
Madrid,2016-02-06,5.843333333333362
Madrid,2016-02-07,7.424166666666679
Madrid,2016-02-08,8.712500000000034
Madrid,2016-02-09,7.407916666666665
Madrid,2016-02-10,9.751666666666665
Madrid,2016-02-11,12.769583333333344
Madrid,2016-02-12,11.625395833333357
Madrid,2016-02-13,13.110333333333358
Madrid,2016-02-14,8.271625000000029
Madrid,2016-02-15,5.266520833333345
Madrid,2016-02-16,3.381500000000017
Madrid,2016-02-17,1.9389856770833376
Madrid,2016-02-18,5.5698750000000246
Madrid,2016-02-19,4.77368098958334
Madrid,2016-02-20,5.328027343750023
Madrid,2016-02-21,6.745937500000025
Madrid,2016-02-22,7.7738125000000196
Madrid,2016-02-23,7.982708333333335
Madrid,2016-02-24,6.182208333333335
Madrid,2016-02-25,8.438000000000045
Madrid,2016-02-26,6.289687500000014
Madrid,2016-02-27,5.133833333333371
Madrid,2016-02-28,6.981916666666677
Madrid,2016-02-29,7.538645833333362
Madrid,2016-03-01,7.3366666666667015
Madrid,2016-03-02,9.031104166666694
Madrid,2016-03-03,8.850000000000023
Madrid,2016-03-04,8.302389322916667
Madrid,2016-03-05,6.434875000000034
Madrid,2016-03-06,6.281291666666675
Madrid,2016-03-07,6.959666666666692
Madrid,2016-03-08,6.3937916666666865
Madrid,2016-03-09,6.575083333333339
Madrid,2016-03-10,6.724423177083338
Madrid,2016-03-11,7.324312500000019
Madrid,2016-03-12,6.177645833333372
Madrid,2016-03-13,7.590395833333332
Madrid,2016-03-14,7.008229166666695
Madrid,2016-03-15,7.091583333333347
Madrid,2016-03-16,8.161458333333371
Madrid,2016-03-17,9.110458333333327
Madrid,2016-03-18,8.60002083333336
Madrid,2016-03-19,9.503145833333349
Madrid,2016-03-20,8.353000000000009
Madrid,2016-03-21,8.720666666666716
Madrid,2016-03-22,9.670041666666691
Madrid,2016-03-23,8.254583333333358
Madrid,2016-03-24,9.894979166666701
Madrid,2016-03-25,10.326145833333328
Madrid,2016-03-26,10.5975416666667
Madrid,2016-03-27,11.500065217391352
Madrid,2016-03-28,10.57364583333333
Madrid,2016-03-29,13.28381250000001
Madrid,2016-03-30,13.261083333333374
Madrid,2016-03-31,9.509687500000041
Madrid,2016-04-01,7.88729166666667
Madrid,2016-04-02,9.07162500000004
Madrid,2016-04-03,10.587395833333346
Madrid,2016-04-04,8.461520833333338
Madrid,2016-04-05,10.670833333333348
Madrid,2016-04-06,11.369124999999997
Madrid,2016-04-07,12.398583333333363
Madrid,2016-04-08,9.67937500000005
Madrid,2016-04-09,10.990812500000004
Madrid,2016-04-10,10.48466666666667
Madrid,2016-04-11,8.869479166666679
Madrid,2016-04-12,9.717041666666717
Madrid,2016-04-13,11.158604166666692
Madrid,2016-04-14,13.02791666666667
Madrid,2016-04-15,13.278604166666696
Madrid,2016-04-16,12.874125000000049
Madrid,2016-04-17,12.001250000000027
Madrid,2016-04-18,13.350291666666692
Madrid,2016-04-19,12.622645833333365
Madrid,2016-04-20,11.036458333333371
Madrid,2016-04-21,12.038749999999993
Madrid,2016-04-22,13.149729166666702
Madrid,2016-04-23,12.174833333333368
Madrid,2016-04-24,12.426041666666663
Madrid,2016-04-25,11.941937500000051
Madrid,2016-04-26,13.831104166666705
Madrid,2016-04-27,14.648458333333338
Madrid,2016-04-28,13.758907552083372
Madrid,2016-04-29,13.738333333333344
Madrid,2016-04-30,13.572500000000048
Madrid,2016-05-01,10.672500000000014
Madrid,2016-05-02,12.720416666666665
Madrid,2016-05-03,17.044166666666683
Madrid,2016-05-04,18.239166666666677
Madrid,2016-05-05,16.058333333333337
Madrid,2016-05-06,13.71875
Madrid,2016-05-07,13.921250000000043
Madrid,2016-05-08,11.945833333333326
Madrid,2016-05-09,11.959583333333342
Madrid,2016-05-10,11.385000000000048
Madrid,2016-05-11,11.482083333333378
Madrid,2016-05-12,12.22958333333338
Madrid,2016-05-13,12.353750000000048
Madrid,2016-05-14,14.004583333333358
Madrid,2016-05-15,16.825833333333378
Madrid,2016-05-16,16.11500000000001
Madrid,2016-05-17,17.340833333333364
Madrid,2016-05-18,18.48416666666668
Madrid,2016-05-19,18.968333333333362
Madrid,2016-05-20,19.900416666666672
Madrid,2016-05-21,20.42708333333337
Madrid,2016-05-22,19.907500000000027
Madrid,2016-05-23,14.791666666666686
Madrid,2016-05-24,18.485833333333346
Madrid,2016-05-25,17.77000000000004
Madrid,2016-05-26,18.386250000000018
Madrid,2016-05-27,18.696666666666715
Madrid,2016-05-28,15.390833333333376
Madrid,2016-05-29,14.634583333333353
Madrid,2016-05-30,15.984166666666681
Madrid,2016-05-31,16.590833333333364
Madrid,2016-06-01,17.987083333333374
Madrid,2016-06-02,18.515000000000043
Madrid,2016-06-03,20.826250000000016
Madrid,2016-06-04,20.694583333333355
Madrid,2016-06-05,21.335000000000036
Madrid,2016-06-06,21.671250000000043
Madrid,2016-06-07,23.904166666666697
Madrid,2016-06-08,24.93625000000003
Madrid,2016-06-09,27.55916666666667
Madrid,2016-06-10,26.092916666666667
Madrid,2016-06-11,24.4954166666667
Madrid,2016-06-12,24.206666666666706
Madrid,2016-06-13,25.332083333333344
Madrid,2016-06-14,23.160000000000025
Madrid,2016-06-15,18.858083333333354
Madrid,2016-06-16,15.895833333333371
Madrid,2016-06-17,17.585000000000036
Madrid,2016-06-18,18.853333333333353
Madrid,2016-06-19,18.863333333333344
Madrid,2016-06-20,24.05000000000001
Madrid,2016-06-21,26.24875000000003
Madrid,2016-06-22,27.607083333333378
Madrid,2016-06-23,26.82791666666668
Madrid,2016-06-24,26.843333333333362
Madrid,2016-06-25,26.110000000000014
Madrid,2016-06-26,24.70291666666668
Madrid,2016-06-27,26.192499999999995
Madrid,2016-06-28,27.547083333333376
Madrid,2016-06-29,28.423333333333346
Madrid,2016-06-30,27.322916666666686
Madrid,2016-07-01,27.73291666666671
Madrid,2016-07-02,28.326250000000016
Madrid,2016-07-03,28.74666666666667
Madrid,2016-07-04,28.114166666666677
Madrid,2016-07-05,27.106666666666683
Madrid,2016-07-06,26.914583333333383
Madrid,2016-07-07,25.161249999999995
Madrid,2016-07-08,27.23958333333337
Madrid,2016-07-09,29.114166666666677
Madrid,2016-07-10,30.34916666666669
Madrid,2016-07-11,30.678750000000036
Madrid,2016-07-12,27.22083333333336
Madrid,2016-07-13,22.710416666666674
Madrid,2016-07-14,22.75350000000003
Madrid,2016-07-15,24.00320833333342
Madrid,2016-07-16,25.604750000000024
Madrid,2016-07-17,27.987000000000023
Madrid,2016-07-18,28.693041666666716
Madrid,2016-07-19,19.11908333333332
Madrid,2016-07-20,20.134833333333347
Madrid,2016-07-21,26.768166666666673
Madrid,2016-07-22,26.721250000000055
Madrid,2016-07-23,24.598333333333358
Madrid,2016-07-24,26.02458333333334
Madrid,2016-07-25,28.572916666666686
Madrid,2016-07-26,29.657083333333333
Madrid,2016-07-27,30.819166666666717
Madrid,2016-07-28,30.2741666666667
Madrid,2016-07-29,31.298333333333346
Madrid,2016-07-30,29.932500000000005
Madrid,2016-07-31,27.544583333333378
Madrid,2016-08-01,27.61041666666671
Madrid,2016-08-02,28.8054166666667
Madrid,2016-08-03,29.01666666666671
Madrid,2016-08-04,29.22750000000002
Madrid,2016-08-05,26.86708333333337
Madrid,2016-08-06,26.786249999999995
Madrid,2016-08-07,28.191250000000025
Madrid,2016-08-08,28.132083333333355
Madrid,2016-08-09,26.83362500000004
Madrid,2016-08-10,21.858291666666673
Madrid,2016-08-11,23.11166666666668
Madrid,2016-08-12,24.832083333333344
Madrid,2016-08-13,26.408749999999998
Madrid,2016-08-14,27.21083333333337
Madrid,2016-08-15,27.342083333333335
Madrid,2016-08-16,27.48291666666671
Madrid,2016-08-17,27.11458333333337
Madrid,2016-08-18,26.78125
Madrid,2016-08-19,27.29541666666671
Madrid,2016-08-20,27.827500000000043
Madrid,2016-08-21,25.103333333333353
Madrid,2016-08-22,26.967916666666667
Madrid,2016-08-23,28.51750000000004
Madrid,2016-08-24,27.90291666666667
Madrid,2016-08-25,26.565416666666692
Madrid,2016-08-26,27.10916666666668
Madrid,2016-08-27,28.170000000000016
Madrid,2016-08-28,28.469166666666695
Madrid,2016-08-29,27.747083333333364
Madrid,2016-08-30,24.6516666666667
Madrid,2016-08-31,25.848749999999995
Madrid,2016-09-01,26.777602864583343
Madrid,2016-09-02,26.662083333333385
Madrid,2016-09-03,27.323750000000018
Madrid,2016-09-04,28.275416666666672
Madrid,2016-09-05,29.67958333333337
Madrid,2016-09-06,30.255000000000052
Madrid,2016-09-07,29.952500000000043
Madrid,2016-09-08,26.437916666666695
Madrid,2016-09-09,24.971249999999998
Madrid,2016-09-10,25.630833333333385
Madrid,2016-09-11,25.32916666666671
Madrid,2016-09-12,25.513333333333378
Madrid,2016-09-13,21.64291666666668
Madrid,2016-09-14,15.34583333333336
Madrid,2016-09-15,15.46541666666667
Madrid,2016-09-16,18.125833333333333
Madrid,2016-09-17,17.25333333333333
Madrid,2016-09-18,17.481666666666683
Madrid,2016-09-19,17.392083333333346
Madrid,2016-09-20,20.004166666666663
Madrid,2016-09-21,20.227250000000026
Madrid,2016-09-22,18.757000000000005
Madrid,2016-09-23,21.246250000000032
Madrid,2016-09-24,20.291666666666686
Madrid,2016-09-25,20.39166666666671
Madrid,2016-09-26,20.341666666666697
Madrid,2016-09-27,21.082708333333358
Madrid,2016-09-28,20.178750000000036
Madrid,2016-09-29,18.48083333333335
Madrid,2016-09-30,18.69749999999999
Madrid,2016-10-01,19.92291666666671
Madrid,2016-10-02,18.92958333333337
Madrid,2016-10-03,18.8991666666667
Madrid,2016-10-04,19.6516666666667
Madrid,2016-10-05,18.857125000000053
Madrid,2016-10-06,16.90004166666671
Madrid,2016-10-07,14.831166666666718
Madrid,2016-10-08,14.27095833333334
Madrid,2016-10-09,14.56466666666671
Madrid,2016-10-10,13.832333333333338
Madrid,2016-10-11,13.631625000000042
Madrid,2016-10-12,11.518000000000029
Madrid,2016-10-13,12.218000000000018
Madrid,2016-10-14,12.594937500000015
Madrid,2016-10-15,10.696791666666684
Madrid,2016-10-16,11.495875000000012
Madrid,2016-10-17,12.805000000000007
Madrid,2016-10-18,12.584625000000017
Madrid,2016-10-19,13.20281250000005
Madrid,2016-10-20,13.93941666666666
Madrid,2016-10-21,13.296437500000025
Madrid,2016-10-22,13.462020833333384
Madrid,2016-10-23,13.552166666666722
Madrid,2016-10-24,11.60241666666667
Madrid,2016-10-25,12.349833333333379
Madrid,2016-10-26,15.237625000000037
Madrid,2016-10-27,15.964833333333331
Madrid,2016-10-28,16.171333333333337
Madrid,2016-10-29,13.264708333333374
Madrid,2016-10-30,11.436200000000042
Madrid,2016-10-31,10.888625000000047
Madrid,2016-11-01,10.718666666666707
Madrid,2016-11-02,13.75875000000002
Madrid,2016-11-03,13.109583333333376
Madrid,2016-11-04,12.407500000000027
Madrid,2016-11-05,12.43958333333336
Madrid,2016-11-06,8.793749999999989
Madrid,2016-11-07,6.610833333333346
Madrid,2016-11-08,7.288333333333355
Madrid,2016-11-09,9.920000000000016
Madrid,2016-11-10,7.103749999999991
Madrid,2016-11-11,6.943750000000023
Madrid,2016-11-12,7.509999999999991
Madrid,2016-11-13,11.551666666666677
Madrid,2016-11-14,9.502916666666692
Madrid,2016-11-15,8.580833333333374
Madrid,2016-11-16,7.824166666666656
Madrid,2016-11-17,9.388750000000016
Madrid,2016-11-18,7.912916666666661
Madrid,2016-11-19,6.663333333333355
Madrid,2016-11-20,8.647916666666674
Madrid,2016-11-21,10.614583333333371
Madrid,2016-11-22,6.892083333333346
Madrid,2016-11-23,6.723333333333358
Madrid,2016-11-24,5.165875000000028
Madrid,2016-11-25,4.368750000000034
Madrid,2016-11-26,7.435833333333335
Madrid,2016-11-27,9.535416666666663
Madrid,2016-11-28,9.362500000000011
Madrid,2016-11-29,7.772083333333342
Madrid,2016-11-30,10.693333333333328
Madrid,2016-12-01,10.09041666666667
Madrid,2016-12-02,8.614583333333371
Madrid,2016-12-03,7.264166666666711
Madrid,2016-12-04,10.46208333333334
Madrid,2016-12-05,11.32125000000002
Madrid,2016-12-06,8.886250000000018
Madrid,2016-12-07,7.522500000000036
Madrid,2016-12-08,7.162500000000023
Madrid,2016-12-09,7.968333333333362
Madrid,2016-12-10,9.94958333333335
Madrid,2016-12-11,7.005833333333328
Madrid,2016-12-12,5.576666666666711
Madrid,2016-12-13,4.806250000000034
Madrid,2016-12-14,6.768750000000011
Madrid,2016-12-15,8.263750000000016
Madrid,2016-12-16,7.827916666666681
Madrid,2016-12-17,9.615833333333342
Madrid,2016-12-18,7.341666666666697
Madrid,2016-12-19,6.3641666666666765
Madrid,2016-12-20,3.8408333333333644
Madrid,2016-12-21,6.498333333333335
Madrid,2016-12-22,5.75333333333333
Madrid,2016-12-23,6.521250000000009
Madrid,2016-12-24,6.465000000000032
Madrid,2016-12-25,5.670000000000016
Madrid,2016-12-26,5.697500000000048
Madrid,2016-12-27,6.714583333333337
Madrid,2016-12-28,6.458750000000009
Madrid,2016-12-29,4.105416666666713
Madrid,2016-12-30,2.6962500000000205
Madrid,2016-12-31,-1.0224999999999795
Madrid,2017-01-01,-0.49833333333333485
Madrid,2017-01-02,2.117083333333369
Madrid,2017-01-03,4.472500000000025
Madrid,2017-01-04,4.735833333333346
Madrid,2017-01-05,6.15625
Madrid,2017-01-06,2.8470833333333303
Madrid,2017-01-07,2.3566666666666833
Madrid,2017-01-08,3.2583333333333258
Madrid,2017-01-09,3.8250000000000455
Madrid,2017-01-10,5.990000000000009
Madrid,2017-01-11,11.169166666666683
Madrid,2017-01-12,6.662083333333328
Madrid,2017-01-13,6.725416666666661
Madrid,2017-01-14,3.34916666666669
Madrid,2017-01-15,4.511250000000018
Madrid,2017-01-16,7.548333333333346
Madrid,2017-01-17,7.118333333333339
Madrid,2017-01-18,0.022916666666674246
Madrid,2017-01-19,1.197499999999991
Madrid,2017-01-20,4.955416666666679
Madrid,2017-01-21,6.366250000000036
Madrid,2017-01-22,2.927500000000009
Madrid,2017-01-23,4.947499999999991
Madrid,2017-01-24,2.286208333333377
Madrid,2017-01-25,1.4010000000000105
Madrid,2017-01-26,1.1370833333333508
Madrid,2017-01-27,4.78125
Madrid,2017-01-28,4.571666666666658
Madrid,2017-01-29,5.254166666666663
Madrid,2017-01-30,9.178333333333342
Madrid,2017-01-31,9.115416666666704
Madrid,2017-02-01,6.63250000000005
Madrid,2017-02-02,8.582500000000039
Madrid,2017-02-03,9.174583333333317
Madrid,2017-02-04,11.223333333333358
Madrid,2017-02-05,8.538000000000011
Madrid,2017-02-06,9.810416666666697
Madrid,2017-02-07,8.879166666666663
Madrid,2017-02-08,6.0516666666666765
Madrid,2017-02-09,3.619166666666672
Madrid,2017-02-10,2.78125
Madrid,2017-02-11,5.595416666666665
Madrid,2017-02-12,8.595000000000027
Madrid,2017-02-13,9.792625000000044
Madrid,2017-02-14,6.136000000000024
Madrid,2017-02-15,6.233625000000018
Madrid,2017-02-16,6.883250000000032
Madrid,2017-02-17,6.875750000000039
Madrid,2017-02-18,5.6902083333333735
Madrid,2017-02-19,7.108249999999998
Madrid,2017-02-20,5.306666666666672
Madrid,2017-02-21,6.659998697916706
Madrid,2017-02-22,10.02791666666667
Madrid,2017-02-23,10.905833333333362
Madrid,2017-02-24,11.146666666666704
Madrid,2017-02-25,8.886250000000018
Madrid,2017-02-26,7.765833333333376
Madrid,2017-02-27,9.393750000000011
Madrid,2017-02-28,9.615000000000009
Madrid,2017-03-01,9.578333333333376
Madrid,2017-03-02,8.483333333333348
Madrid,2017-03-03,6.369583333333367
Madrid,2017-03-04,4.944999999999993
Madrid,2017-03-05,8.124166666666667
Madrid,2017-03-06,13.34041666666667
Madrid,2017-03-07,13.8079166666667
Madrid,2017-03-08,12.808333333333337
Madrid,2017-03-09,14.132083333333355
Madrid,2017-03-10,14.736250000000041
Madrid,2017-03-11,13.933750000000032
Madrid,2017-03-12,11.13375000000002
Madrid,2017-03-13,10.004166666666663
Madrid,2017-03-14,13.345000000000027
Madrid,2017-03-15,12.85791666666671
Madrid,2017-03-16,11.328333333333376
Madrid,2017-03-17,11.125833333333333
Madrid,2017-03-18,11.555416666666702
Madrid,2017-03-19,13.128750000000025
Madrid,2017-03-20,14.807500000000005
Madrid,2017-03-21,11.328750000000014
Madrid,2017-03-22,7.690416666666692
Madrid,2017-03-23,2.4500000000000455
Madrid,2017-03-24,3.72083333333336
Madrid,2017-03-25,4.22208333333333
Madrid,2017-03-26,9.39565217391305
Madrid,2017-03-27,9.738333333333344
Madrid,2017-03-28,10.420666666666705
Madrid,2017-03-29,11.16291666666666
Madrid,2017-03-30,12.852916666666658
Madrid,2017-03-31,14.452916666666681
Madrid,2017-04-01,12.240000000000009
Madrid,2017-04-02,11.774166666666702
Madrid,2017-04-03,11.300416666666706
Madrid,2017-04-04,12.572083333333353
Madrid,2017-04-05,12.570416666666688
Madrid,2017-04-06,13.083333333333371
Madrid,2017-04-07,14.934583333333364
Madrid,2017-04-08,14.695416666666688
Madrid,2017-04-09,15.039166666666688
Madrid,2017-04-10,15.482083333333378
Madrid,2017-04-11,17.54916666666668
Madrid,2017-04-12,17.805000000000007
Madrid,2017-04-13,18.499665364583336
Madrid,2017-04-14,17.34375
Madrid,2017-04-15,17.754999999999995
Madrid,2017-04-16,17.26875000000001
Madrid,2017-04-17,18.02125000000001
Madrid,2017-04-18,19.557083333333367
Madrid,2017-04-19,16.638750000000016
Madrid,2017-04-20,13.665833333333353
Madrid,2017-04-21,12.595000000000027
Madrid,2017-04-22,12.664583333333383
Madrid,2017-04-23,16.225833333333355
Madrid,2017-04-24,17.601249999999993
Madrid,2017-04-25,17.095416666666665
Madrid,2017-04-26,15.064999999999998
Madrid,2017-04-27,8.985833333333346
Madrid,2017-04-28,9.28000000000003
Madrid,2017-04-29,10.068750000000023
Madrid,2017-04-30,10.310000000000002
Madrid,2017-05-01,10.751250000000027
Madrid,2017-05-02,14.928333333333342
Madrid,2017-05-03,18.075833333333378
Madrid,2017-05-04,18.77125000000001
Madrid,2017-05-05,17.14291666666668
Madrid,2017-05-06,14.386250000000018
Madrid,2017-05-07,17.5579166666667
Madrid,2017-05-08,20.792083333333323
Madrid,2017-05-09,20.655833333333362
Madrid,2017-05-10,18.54666666666668
Madrid,2017-05-11,13.310833333333335
Madrid,2017-05-12,12.994166666666672
Madrid,2017-05-13,14.978333333333353
Madrid,2017-05-14,16.45291666666668
Madrid,2017-05-15,18.920000000000016
Madrid,2017-05-16,22.364166666666677
Madrid,2017-05-17,22.342083333333335
Madrid,2017-05-18,17.404166666666697
Madrid,2017-05-19,15.353333333333353
Madrid,2017-05-20,17.69291666666669
Madrid,2017-05-21,19.366666666666674
Madrid,2017-05-22,21.249583333333362
Madrid,2017-05-23,24.780416666666667
Madrid,2017-05-24,24.349583333333328
Madrid,2017-05-25,25.485833333333346
Madrid,2017-05-26,25.247083333333364
Madrid,2017-05-27,25.365416666666704
Madrid,2017-05-28,23.375
Madrid,2017-05-29,22.205833333333374
Madrid,2017-05-30,21.078333333333376
Madrid,2017-05-31,21.58125000000001
Madrid,2017-06-01,23.82458333333335
Madrid,2017-06-02,25.00666666666666
Madrid,2017-06-03,22.151250000000005
Madrid,2017-06-04,20.337500000000034
Madrid,2017-06-05,18.46083333333337
Madrid,2017-06-06,22.01750000000004
Madrid,2017-06-07,23.53666666666669
Madrid,2017-06-08,25.65500000000003
Madrid,2017-06-09,26.547500000000014
Madrid,2017-06-10,26.70958333333334
Madrid,2017-06-11,28.962916666666672
Madrid,2017-06-12,30.07791666666668
Madrid,2017-06-13,29.341666666666697
Madrid,2017-06-14,29.912083333333385
Madrid,2017-06-15,30.87375000000003
Madrid,2017-06-16,29.043750000000045
Madrid,2017-06-17,31.400416666666672
Madrid,2017-06-18,31.042500000000018
Madrid,2017-06-19,29.15500000000003
Madrid,2017-06-20,26.012916666666683
Madrid,2017-06-21,28.300166666666712
Madrid,2017-06-22,30.08041666666668
Madrid,2017-06-23,29.812083333333362
Madrid,2017-06-24,28.012916666666683
Madrid,2017-06-25,25.707083333333344
Madrid,2017-06-26,23.300416666666706
Madrid,2017-06-27,22.543750000000045
Madrid,2017-06-28,21.086250000000007
Madrid,2017-06-29,17.879583333333358
Madrid,2017-06-30,17.009166666666715
Madrid,2017-07-01,18.55208333333337
Madrid,2017-07-02,21.788566406250027
Madrid,2017-07-03,26.315416666666692
Madrid,2017-07-04,27.625
Madrid,2017-07-05,28.23291666666671
Madrid,2017-07-06,20.72750000000002
Madrid,2017-07-07,18.78666666666669
Madrid,2017-07-08,19.357500000000016
Madrid,2017-07-09,23.542916666666656
Madrid,2017-07-10,25.62479166666668
Madrid,2017-07-11,25.590833333333364
Madrid,2017-07-12,28.30000000000001
Madrid,2017-07-13,30.778333333333364
Madrid,2017-07-14,31.185833333333335
Madrid,2017-07-15,29.73875000000004
Madrid,2017-07-16,29.92083333333335
Madrid,2017-07-17,28.94666666666666
Madrid,2017-07-18,29.905833333333362
Madrid,2017-07-19,28.073750000000018
Madrid,2017-07-20,25.88375000000002
Madrid,2017-07-21,25.987083333333374
Madrid,2017-07-22,25.70166666666671
Madrid,2017-07-23,26.39958333333334
Madrid,2017-07-24,26.193333333333328
Madrid,2017-07-25,24.087916666666672
Madrid,2017-07-26,25.58041666666668
Madrid,2017-07-27,28.765000000000043
Madrid,2017-07-28,29.65291666666667
Madrid,2017-07-29,29.237083333333374
Madrid,2017-07-30,28.900833333333367
Madrid,2017-07-31,27.620833333333337
Madrid,2017-08-01,26.531666666666695
Madrid,2017-08-02,27.035000000000025
Madrid,2017-08-03,27.97304166666669
Madrid,2017-08-04,30.20541666666668
Madrid,2017-08-05,31.701250000000016
Madrid,2017-08-06,29.171249999999986
Madrid,2017-08-07,28.507083333333355
Madrid,2017-08-08,24.978333333333353
Madrid,2017-08-09,22.242500000000007
Madrid,2017-08-10,19.1875
Madrid,2017-08-11,21.38416666666666
Madrid,2017-08-12,24.13166666666666
Madrid,2017-08-13,25.744583333333367
Madrid,2017-08-14,27.439999999999998
Madrid,2017-08-15,28.513333333333378
Madrid,2017-08-16,27.354354166666667
Madrid,2017-08-17,28.82499999999999
Madrid,2017-08-18,28.912083333333328
Madrid,2017-08-19,28.255833333333328
Madrid,2017-08-20,28.58375000000001
Madrid,2017-08-21,28.448750000000018
Madrid,2017-08-22,29.603333333333353
Madrid,2017-08-23,29.384166666666715
Madrid,2017-08-24,27.546250000000043
Madrid,2017-08-25,26.476249999999993
Madrid,2017-08-26,25.87166666666667
Madrid,2017-08-27,24.603750000000048
Madrid,2017-08-28,20.17708333333337
Madrid,2017-08-29,19.586250000000007
Madrid,2017-08-30,20.92833333333334
Madrid,2017-08-31,22.507499999999993
Madrid,2017-09-01,22.07249999999999
Madrid,2017-09-02,20.060416666666697
Madrid,2017-09-03,22.5579166666667
Madrid,2017-09-04,24.035416666666663
Madrid,2017-09-05,24.42416666666668
Madrid,2017-09-06,26.019583333333344
Madrid,2017-09-07,24.248333333333335
Madrid,2017-09-08,22.603750000000048
Madrid,2017-09-09,19.82000000000005
Madrid,2017-09-10,18.175416666666706
Madrid,2017-09-11,21.757083333333355
Madrid,2017-09-12,22.18625000000003
Madrid,2017-09-13,22.13416666666666
Madrid,2017-09-14,22.536249999999995
Madrid,2017-09-15,17.67500000000001
Madrid,2017-09-16,15.139166666666654
Madrid,2017-09-17,15.76208333333335
Madrid,2017-09-18,16.92166666666668
Madrid,2017-09-19,17.896666666666704
Madrid,2017-09-20,19.23750000000001
Madrid,2017-09-21,19.62821875000003
Madrid,2017-09-22,21.223333333333358
Madrid,2017-09-23,20.667500000000018
Madrid,2017-09-24,21.048333333333346
Madrid,2017-09-25,20.602916666666715
Madrid,2017-09-26,19.551854166666658
Madrid,2017-09-27,18.951250000000016
Madrid,2017-09-28,19.88916666666671
Madrid,2017-09-29,20.953750000000014
Madrid,2017-09-30,21.25916666666666
Madrid,2017-10-01,21.48333333333335
Madrid,2017-10-02,21.519166666666706
Madrid,2017-10-03,22.285416666666663
Madrid,2017-10-04,22.652083333333337
Madrid,2017-10-05,22.189999999999998
Madrid,2017-10-06,22.495000000000005
Madrid,2017-10-07,18.782916666666665
Madrid,2017-10-08,18.194999999999993
Madrid,2017-10-09,18.560833333333335
Madrid,2017-10-10,17.812083333333362
Madrid,2017-10-11,17.638333333333378
Madrid,2017-10-12,18.548333333333346
Madrid,2017-10-13,19.779583333333335
Madrid,2017-10-14,18.90654166666667
Madrid,2017-10-15,20.910416666666663
Madrid,2017-10-16,20.11458333333337
Madrid,2017-10-17,15.596249999999998
Madrid,2017-10-18,13.198333333333323
Madrid,2017-10-19,11.909166666666692
Madrid,2017-10-20,14.772083333333342
Madrid,2017-10-21,16.822500000000048
Madrid,2017-10-22,13.823750000000018
Madrid,2017-10-23,13.75208333333336
Madrid,2017-10-24,15.439999999999998
Madrid,2017-10-25,16.050416666666706
Madrid,2017-10-26,16.682083333333367
Madrid,2017-10-27,18.059583333333364
Madrid,2017-10-28,16.519166666666706
Madrid,2017-10-29,14.780400000000043
Madrid,2017-10-30,14.032083333333333
Madrid,2017-10-31,12.831666666666706
Madrid,2017-11-01,12.987083333333374
Madrid,2017-11-02,13.900416666666672
Madrid,2017-11-03,14.027500000000032
Madrid,2017-11-04,12.515000000000043
Madrid,2017-11-05,11.984583333333376
Madrid,2017-11-06,10.10250000000002
Madrid,2017-11-07,8.808750000000032
Madrid,2017-11-08,8.419583333333378
Madrid,2017-11-09,7.068750000000023
Madrid,2017-11-10,8.97958333333338
Madrid,2017-11-11,10.289583333333383
Madrid,2017-11-12,9.666666666666686
Madrid,2017-11-13,10.00541666666669
Madrid,2017-11-14,7.272500000000036
Madrid,2017-11-15,6.637083333333351
Madrid,2017-11-16,8.147083333333342
Madrid,2017-11-17,9.302500000000009
Madrid,2017-11-18,10.128750000000025
Madrid,2017-11-19,8.464583333333337
Madrid,2017-11-20,7.723333333333358
Madrid,2017-11-21,7.438750000000027
Madrid,2017-11-22,7.273750000000007
Madrid,2017-11-23,9.783749999999998
Madrid,2017-11-24,11.185416666666697
Madrid,2017-11-25,10.327500000000043
Madrid,2017-11-26,6.517083333333346
Madrid,2017-11-27,3.3429166666666674
Madrid,2017-11-28,3.7375000000000114
Madrid,2017-11-29,6.949583333333351
Madrid,2017-11-30,3.294583333333378
Madrid,2017-12-01,2.112916666666706
Madrid,2017-12-02,2.554583333333369
Madrid,2017-12-03,3.5145833333333485
Madrid,2017-12-04,2.615000000000009
Madrid,2017-12-05,2.5439101562500355
Madrid,2017-12-06,1.6760690104166542
Madrid,2017-12-07,2.5687500000000227
Madrid,2017-12-08,5.219166666666695
Madrid,2017-12-09,8.8125
Madrid,2017-12-10,10.710000000000036
Madrid,2017-12-11,8.069583333333355
Madrid,2017-12-12,4.306666666666672
Madrid,2017-12-13,2.900416666666672
Madrid,2017-12-14,6.755833333333328
Madrid,2017-12-15,9.407916666666665
Madrid,2017-12-16,5.108750000000043
Madrid,2017-12-17,3.8875000000000455
Madrid,2017-12-18,4.230000000000018
Madrid,2017-12-19,8.265416666666681
Madrid,2017-12-20,4.095000000000027
Madrid,2017-12-21,6.386666666666713
Madrid,2017-12-22,5.217916666666667
Madrid,2017-12-23,6.049166666666679
Madrid,2017-12-24,4.832500000000039
Madrid,2017-12-25,2.5162500000000136
Madrid,2017-12-26,5.819166666666661
Madrid,2017-12-27,8.129999999999995
Madrid,2017-12-28,10.05583333333334
Madrid,2017-12-29,11.676666666666677
Madrid,2017-12-30,10.24875000000003
Madrid,2017-12-31,7.579583333333346
Madrid,2018-01-01,6.865000000000009
Madrid,2018-01-02,9.02791666666667
Madrid,2018-01-03,9.478333333333353
Madrid,2018-01-04,9.823750000000018
Madrid,2018-01-05,9.175000000000011
Madrid,2018-01-06,4.123333333333335
Madrid,2018-01-07,2.423750000000041
Madrid,2018-01-08,2.478333333333353
Madrid,2018-01-09,0.763333333333378
Madrid,2018-01-10,4.399583333333339
Madrid,2018-01-11,5.525000000000034
Madrid,2018-01-12,4.055833333333339
Madrid,2018-01-13,2.0420833333333235
Madrid,2018-01-14,3.886250000000018
Madrid,2018-01-15,3.3704166666666993
Madrid,2018-01-16,5.251250000000027
Madrid,2018-01-17,6.594583333333333
Madrid,2018-01-18,5.752499999999998
Madrid,2018-01-19,6.743333333333339
Madrid,2018-01-20,6.326666666666654
Madrid,2018-01-21,8.741729166666687
Madrid,2018-01-22,7.2431250000000205
Madrid,2018-01-23,7.3785208333333685
Madrid,2018-01-24,7.009999999999991
Madrid,2018-01-25,4.965000000000032
Madrid,2018-01-26,5.528333333333364
Madrid,2018-01-27,6.002916666666692
Madrid,2018-01-28,7.267083333333346
Madrid,2018-01-29,7.560000000000002
Madrid,2018-01-30,5.628750000000025
Madrid,2018-01-31,5.09708333333333
Madrid,2018-02-01,3.798333333333346
Madrid,2018-02-02,3.4341666666666697
Madrid,2018-02-03,4.253750000000025
Madrid,2018-02-04,3.367500000000007
Madrid,2018-02-05,1.988333333333344
Madrid,2018-02-06,2.566250000000025
Madrid,2018-02-07,0.9375
Madrid,2018-02-08,0.7606666666666797
Madrid,2018-02-09,1.5145833333333485
Madrid,2018-02-10,4.892500000000041
Madrid,2018-02-11,6.7900000000000205
Madrid,2018-02-12,7.692083333333358
Madrid,2018-02-13,3.084166666666704
Madrid,2018-02-14,7.93958333333336
Madrid,2018-02-15,7.427083333333371
Madrid,2018-02-16,9.502916666666692
Madrid,2018-02-17,8.523333333333369
Madrid,2018-02-18,7.3212500000000205
Madrid,2018-02-19,9.72416666666669
Madrid,2018-02-20,10.096875000000011
Madrid,2018-02-21,7.10620833333337
Madrid,2018-02-22,3.544583333333378
Madrid,2018-02-23,2.6559583333333308
Madrid,2018-02-24,2.851249999999993
Madrid,2018-02-25,4.4012500000000045
Madrid,2018-02-26,6.707500000000039
Madrid,2018-02-27,3.298333333333346
Madrid,2018-02-28,7.3739583333333485
Madrid,2018-03-01,9.50541666666669
Madrid,2018-03-02,5.907916666666665
Madrid,2018-03-03,8.8079166666667
Madrid,2018-03-04,9.22083333333336
Madrid,2018-03-05,7.080000000000041
Madrid,2018-03-06,6.870833333333337
Madrid,2018-03-07,6.784166666666692
Madrid,2018-03-08,7.697083333333353
Madrid,2018-03-09,10.422916666666652
Madrid,2018-03-10,11
Madrid,2018-03-11,8.06458333333336
Madrid,2018-03-12,9.086250000000007
Madrid,2018-03-13,9.37833333333333
Madrid,2018-03-14,8.747083333333364
Madrid,2018-03-15,8.12708333333336
Madrid,2018-03-16,6.967083333333335
Madrid,2018-03-17,5.836250000000007
Madrid,2018-03-18,7.828333333333376
Madrid,2018-03-19,5.711250000000007
Madrid,2018-03-20,4.650416666666672
Madrid,2018-03-21,5.5262500000000045
Madrid,2018-03-22,5.907500000000027
Madrid,2018-03-23,6.982916666666711
Madrid,2018-03-24,7.4918020833333685
Madrid,2018-03-25,8.203043478260895
Madrid,2018-03-26,9.240416666666704
Madrid,2018-03-27,12.115416666666704
Madrid,2018-03-28,13.473749999999995
Madrid,2018-03-29,11.847500000000025
Madrid,2018-03-30,8.284166666666692
Madrid,2018-03-31,7.971249999999998
Madrid,2018-04-01,9.762916666666683
Madrid,2018-04-02,12.950000000000045
Madrid,2018-04-03,12.457083333333344
Madrid,2018-04-04,10.882499999999993
Madrid,2018-04-05,11.025833333333367
Madrid,2018-04-06,11.46208333333334
Madrid,2018-04-07,9.698333333333323
Madrid,2018-04-08,9.204583333333346
Madrid,2018-04-09,6.44083333333333
Madrid,2018-04-10,6.1596250000000055
Madrid,2018-04-11,6.7079166666666765
Madrid,2018-04-12,8.140833333333376
Madrid,2018-04-13,8.620833333333337
Madrid,2018-04-14,10.29541666666671
Madrid,2018-04-15,11.647500000000036
Madrid,2018-04-16,12.074166666666713
Madrid,2018-04-17,13.30916666666667
Madrid,2018-04-18,16.174583333333374
Madrid,2018-04-19,16.872083333333364
Madrid,2018-04-20,16.08125000000001
Madrid,2018-04-21,14.631250000000023
Madrid,2018-04-22,16.42166666666668
Madrid,2018-04-23,17.27791666666667
Madrid,2018-04-24,17.823125000000005
Madrid,2018-04-25,19.51541666666668
Madrid,2018-04-26,18.54333333333335
Madrid,2018-04-27,18.271666666666704
Madrid,2018-04-28,13.798333333333346
Madrid,2018-04-29,8.675833333333344
Madrid,2018-04-30,7.531666666666695
Madrid,2018-05-01,9.052500000000009
Madrid,2018-05-02,10.606291666666664
Madrid,2018-05-03,12.047291666666695
Madrid,2018-05-04,13.02791666666667
Madrid,2018-05-05,16.094583333333333
Madrid,2018-05-06,17.530833333333362
Madrid,2018-05-07,16.67920833333335
Madrid,2018-05-08,17.307500000000005
Madrid,2018-05-09,18.276041666666686
Madrid,2018-05-10,18.487916666666706
Madrid,2018-05-11,17.650833333333367
Madrid,2018-05-12,16.444583333333355
Madrid,2018-05-13,11.626250000000027
Madrid,2018-05-14,14.48083333333335
Madrid,2018-05-15,15.002500000000055
Madrid,2018-05-16,17.627499999999998
Madrid,2018-05-17,18.847500000000025
Madrid,2018-05-18,16.740416666666704
Madrid,2018-05-19,16.890833333333376
Madrid,2018-05-20,17.206666666666706
Madrid,2018-05-21,17.31125000000003
Madrid,2018-05-22,17.20875000000001
Madrid,2018-05-23,19.574166666666713
Madrid,2018-05-24,19.790416666666715
Madrid,2018-05-25,15.795000000000016
Madrid,2018-05-26,16.21875
Madrid,2018-05-27,17.557500000000005
Madrid,2018-05-28,15.993583333333333
Madrid,2018-05-29,15.018750000000011
Madrid,2018-05-30,14.86833333333334
Madrid,2018-05-31,17.8704166666667
Madrid,2018-06-01,18.059020833333363
Madrid,2018-06-02,16.666666666666686
Madrid,2018-06-03,17.095000000000027
Madrid,2018-06-04,16.39375000000001
Madrid,2018-06-05,15.528333333333364
Madrid,2018-06-06,14.927500000000009
Madrid,2018-06-07,17.09583333333336
Madrid,2018-06-08,16.77791666666667
Madrid,2018-06-09,16.05333333333334
Madrid,2018-06-10,15.06791666666669
Madrid,2018-06-11,16.350833333333355
Madrid,2018-06-12,18.093250000000012
Madrid,2018-06-13,18.953750000000014
Madrid,2018-06-14,19.357083333333378
Madrid,2018-06-15,22.13916666666671
Madrid,2018-06-16,24.132083333333355
Madrid,2018-06-17,23.79666666666668
Madrid,2018-06-18,24.4304166666667
Madrid,2018-06-19,24.43958333333336
Madrid,2018-06-20,26.286249999999995
Madrid,2018-06-21,27.15500000000003
Madrid,2018-06-22,26.468333333333362
Madrid,2018-06-23,27.85250000000002
Madrid,2018-06-24,28.305000000000007
Madrid,2018-06-25,28.657500000000027
Madrid,2018-06-26,27.98083333333335
Madrid,2018-06-27,27.094166666666695
Madrid,2018-06-28,25.394375000000025
Madrid,2018-06-29,24.650833333333367
Madrid,2018-06-30,22.81583333333333
Madrid,2018-07-01,22.92579166666667
Madrid,2018-07-02,21.942499999999995
Madrid,2018-07-03,23.030416666666667
Madrid,2018-07-04,22.50541666666669
Madrid,2018-07-05,22.34708333333333
Madrid,2018-07-06,24.314166666666665
Madrid,2018-07-07,26.20541666666668
Madrid,2018-07-08,27.00333333333333
Madrid,2018-07-09,27.59583333333336
Madrid,2018-07-10,27.934583333333364
Madrid,2018-07-11,26.900416666666672
Madrid,2018-07-12,25.907500000000027
Madrid,2018-07-13,26.62166666666667
Madrid,2018-07-14,27.415833333333353
Madrid,2018-07-15,23.477083333333326
Madrid,2018-07-16,23.750833333333333
Madrid,2018-07-17,25.70625000000001
Madrid,2018-07-18,27.13041666666669
Madrid,2018-07-19,25.630833333333328
Madrid,2018-07-20,24.59916666666669
Madrid,2018-07-21,23.279583333333335
Madrid,2018-07-22,24.745833333333337
Madrid,2018-07-23,27.013333333333378
Madrid,2018-07-24,26.558750000000032
Madrid,2018-07-25,26.470416666666665
Madrid,2018-07-26,26.633333333333326
Madrid,2018-07-27,26.817499999999995
Madrid,2018-07-28,25.845000000000027
Madrid,2018-07-29,25.898750000000007
Madrid,2018-07-30,26.14833333333337
Madrid,2018-07-31,26.85583333333335
Madrid,2018-08-01,28.539583333333326
Madrid,2018-08-02,30.475833333333355
Madrid,2018-08-03,32.34375
Madrid,2018-08-04,30.786249999999995
Madrid,2018-08-05,30.89291666666668
Madrid,2018-08-06,29.822083333333353
Madrid,2018-08-07,30.341386718750016
Madrid,2018-08-08,27.133333333333326
Madrid,2018-08-09,25.602083333333326
Madrid,2018-08-10,24.29666666666668
Madrid,2018-08-11,26.950416666666683
Madrid,2018-08-12,27.890000000000043
Madrid,2018-08-13,26.475000000000023
Madrid,2018-08-14,26.110000000000014
Madrid,2018-08-15,26.60708333333332
Madrid,2018-08-16,26.943333333333385
Madrid,2018-08-17,25.230416666666656
Madrid,2018-08-18,23.590000000000032
Madrid,2018-08-19,25.13833333333332
Madrid,2018-08-20,26.164166666666688
Madrid,2018-08-21,26.08737500000001
Madrid,2018-08-22,26.22358333333335
Madrid,2018-08-23,25.79333333333335
Madrid,2018-08-24,26.055000000000007
Madrid,2018-08-25,24.95750000000004
Madrid,2018-08-26,24.464583333333337
Madrid,2018-08-27,26.318750000000023
Madrid,2018-08-28,27.43625000000003
Madrid,2018-08-29,26.11375000000004
Madrid,2018-08-30,26.001666666666665
Madrid,2018-08-31,26.96875
Madrid,2018-09-01,26.9641666666667
Madrid,2018-09-02,27.880833333333328
Madrid,2018-09-03,26.698750000000018
Madrid,2018-09-04,24.294166666666683
Madrid,2018-09-05,22.788749999999993
Madrid,2018-09-06,21.510416666666686
Madrid,2018-09-07,21.957083333333344
Madrid,2018-09-08,19.71216666666669
Madrid,2018-09-09,21.198750000000018
Madrid,2018-09-10,22.574166666666656
Madrid,2018-09-11,22.110833333333346
Madrid,2018-09-12,22.429166666666674
Madrid,2018-09-13,24.25875000000002
Madrid,2018-09-14,24.662083333333328
Madrid,2018-09-15,24.41958333333332
Madrid,2018-09-16,23.145416666666677
Madrid,2018-09-17,23.836250000000007
Madrid,2018-09-18,21.681250000000034
Madrid,2018-09-19,22.988333333333344
Madrid,2018-09-20,24.06916666666666
Madrid,2018-09-21,24.218333333333362
Madrid,2018-09-22,25.1804166666667
Madrid,2018-09-23,25.443750000000023
Madrid,2018-09-24,25.543750000000045
Madrid,2018-09-25,23.422083333333376
Madrid,2018-09-26,22.556666666666672
Madrid,2018-09-27,21.36375000000004
Madrid,2018-09-28,21.415791666666678
Madrid,2018-09-29,21.189999999999998
Madrid,2018-09-30,21.467916666666667
Madrid,2018-10-01,19.969166666666695
Madrid,2018-10-02,17.370000000000005
Madrid,2018-10-03,19.634583333333353
Madrid,2018-10-04,19.39583333333337
Madrid,2018-10-05,18.720416666666665
Madrid,2018-10-06,18.891250000000014
Madrid,2018-10-07,15.885416666666686
Madrid,2018-10-08,13.59916666666669
Madrid,2018-10-09,13.530833333333362
Madrid,2018-10-10,14.66500000000002
Madrid,2018-10-11,16.366250000000036
Madrid,2018-10-12,18.35250000000002
Madrid,2018-10-13,18.851249999999993
Madrid,2018-10-14,15.77458333333334
Madrid,2018-10-15,11.288749999999993
Madrid,2018-10-16,14.781666666666695
Madrid,2018-10-17,15.126666666666665
Madrid,2018-10-18,15.793750000000045
Madrid,2018-10-19,14.801666666666677
Madrid,2018-10-20,16.120000000000005
Madrid,2018-10-21,16.78791666666666
Madrid,2018-10-22,16.216666666666697
Madrid,2018-10-23,15.820833333333326
Madrid,2018-10-24,15.314166666666665
Madrid,2018-10-25,14.8704166666667
Madrid,2018-10-26,12.812916666666695
Madrid,2018-10-27,10.725833333333355
Madrid,2018-10-28,6.171199999999999
Madrid,2018-10-29,6.711250000000007
Madrid,2018-10-30,7.5674999999999955
Madrid,2018-10-31,8.697083333333353
Madrid,2018-11-01,9.336666666666702
Madrid,2018-11-02,12.54333333333335
Madrid,2018-11-03,9.456666666666706
Madrid,2018-11-04,8.260833333333323
Madrid,2018-11-05,9.091250000000002
Madrid,2018-11-06,8.764583333333348
Madrid,2018-11-07,10.567083333333358
Madrid,2018-11-08,8.768750000000011
Madrid,2018-11-09,9.305333333333351
Madrid,2018-11-10,11.473749999999995
Madrid,2018-11-11,13.672083333333376
Madrid,2018-11-12,11.868750000000034
Madrid,2018-11-13,11.703333333333376
Madrid,2018-11-14,11.891666666666708
Madrid,2018-11-15,13.166249999999991
Madrid,2018-11-16,13.488333333333344
Madrid,2018-11-17,12.703750000000014
Madrid,2018-11-18,10.084277343750045
Madrid,2018-11-19,9.75866666666667
Madrid,2018-11-20,9.90958333333333
Madrid,2018-11-21,8.912500000000023
Madrid,2018-11-22,8.012500000000045
Madrid,2018-11-23,8.799583333333374
Madrid,2018-11-24,4.607083333333321
Madrid,2018-11-25,9.861249999999984
Madrid,2018-11-26,9.238916666666682
Madrid,2018-11-27,6.650833333333367
Madrid,2018-11-28,5.342916666666667
Madrid,2018-11-29,5.525416666666672
Madrid,2018-11-30,7.669583333333378
Madrid,2018-12-01,4.921666666666681
Madrid,2018-12-02,5.555833333333339
Madrid,2018-12-03,6.50750000000005
Madrid,2018-12-04,8.240833333333342
Madrid,2018-12-05,9.078750000000014
Madrid,2018-12-06,8.59916666666669
Madrid,2018-12-07,5.789166666666688
Madrid,2018-12-08,7.135416666666686
Madrid,2018-12-09,7.3679166666667015
Madrid,2018-12-10,6.837083333333339
Madrid,2018-12-11,6.058333333333337
Madrid,2018-12-12,4.807916666666699
Madrid,2018-12-13,7.81583333333333
Madrid,2018-12-14,5.212083333333339
Madrid,2018-12-15,4.484166666666681
Madrid,2018-12-16,9.076250000000016
Madrid,2018-12-17,4.589583333333337
Madrid,2018-12-18,3.3695833333333667
Madrid,2018-12-19,6.600000000000023
Madrid,2018-12-20,7.385416666666686
Madrid,2018-12-21,7.267312500000003
Madrid,2018-12-22,7.660416666666663
Madrid,2018-12-23,6.021250000000009
Madrid,2018-12-24,6.097916666666663
Madrid,2018-12-25,6.59583333333336
Madrid,2018-12-26,5.859583333333376
Madrid,2018-12-27,4.475000000000023
Madrid,2018-12-28,5.480833333333351
Madrid,2018-12-29,6.230000000000018
Madrid,2018-12-30,5.66375000000005
Madrid,2018-12-31,4.727083333333326
Seville,2015-01-01,5.878278645833348
Seville,2015-01-02,7.22291666666672
Seville,2015-01-03,7.062571614583362
Seville,2015-01-04,7.428812500000049
Seville,2015-01-05,8.292821614583374
Seville,2015-01-06,7.5642500000000155
Seville,2015-01-07,6.227225260416674
Seville,2015-01-08,7.527218750000031
Seville,2015-01-09,8.649807291666718
Seville,2015-01-10,8.628085937500032
Seville,2015-01-11,9.86618098958337
Seville,2015-01-12,9.887229166666714
Seville,2015-01-13,9.3595416666667
Seville,2015-01-14,9.929833333333363
Seville,2015-01-15,10.933437500000025
Seville,2015-01-16,9.930028645833374
Seville,2015-01-17,5.632249999999999
Seville,2015-01-18,9.705562500000042
Seville,2015-01-19,8.373511718750024
Seville,2015-01-20,4.439145833333384
Seville,2015-01-21,5.863958333333358
Seville,2015-01-22,8.314479166666672
Seville,2015-01-23,6.8308333333333735
Seville,2015-01-24,6.17310416666669
Seville,2015-01-25,7.665333333333365
Seville,2015-01-26,7.092291666666711
Seville,2015-01-27,7.804457031250024
Seville,2015-01-28,7.888354166666716
Seville,2015-01-29,9.36315755208335
Seville,2015-01-30,14.53000000000003
Seville,2015-01-31,13.220207031250027
Seville,2015-02-01,8.423819010416707
Seville,2015-02-02,8.402093750000006
Seville,2015-02-03,11.01649609375005
Seville,2015-02-04,8.591145833333371
Seville,2015-02-05,6.022250000000042
Seville,2015-02-06,4.978875000000016
Seville,2015-02-07,5.483270833333336
Seville,2015-02-08,6.47083333333336
Seville,2015-02-09,8.061645833333387
Seville,2015-02-10,8.077770833333375
Seville,2015-02-11,10.422251302083396
Seville,2015-02-12,11.064875000000029
Seville,2015-02-13,11.079125000000033
Seville,2015-02-14,11.756604166666705
Seville,2015-02-15,13.512731770833398
Seville,2015-02-16,11.518385416666717
Seville,2015-02-17,10.39746875000003
Seville,2015-02-18,12.083312500000034
Seville,2015-02-19,10.771958333333373
Seville,2015-02-20,9.356964843750006
Seville,2015-02-21,9.41110416666669
Seville,2015-02-22,10.215729166666677
Seville,2015-02-23,11.262687500000027
Seville,2015-02-24,10.620166666666705
Seville,2015-02-25,9.402812500000039
Seville,2015-02-26,12.302333333333365
Seville,2015-02-27,12.876630208333381
Seville,2015-02-28,12.444749999999999
Seville,2015-03-01,13.474783854166674
Seville,2015-03-02,15.748625000000004
Seville,2015-03-03,15.586333333333357
Seville,2015-03-04,17.131583333333367
Seville,2015-03-05,16.84020833333335
Seville,2015-03-06,16.46101953125003
Seville,2015-03-07,15.549666666666667
Seville,2015-03-08,16.61865234375
Seville,2015-03-09,17.121855468750027
Seville,2015-03-10,16.70911197916672
Seville,2015-03-11,15.402514322916716
Seville,2015-03-12,14.128153645833379
Seville,2015-03-13,11.960605468750032
Seville,2015-03-14,11.93827734375003
Seville,2015-03-15,11.70886067708335
Seville,2015-03-16,11.630923177083332
Seville,2015-03-17,10.023770833333344
Seville,2015-03-18,10.249174479166697
Seville,2015-03-19,12.000417968750014
Seville,2015-03-20,13.27588802083335
Seville,2015-03-21,12.25032812500001
Seville,2015-03-22,12.303423177083346
Seville,2015-03-23,12.196826822916705
Seville,2015-03-24,8.985783854166698
Seville,2015-03-25,10.94152734375001
Seville,2015-03-26,11.826638020833343
Seville,2015-03-27,15.912227864583372
Seville,2015-03-28,18.380919270833374
Seville,2015-03-29,19.573782608695694
Seville,2015-03-30,19.24989583333337
Seville,2015-03-31,20.174901041666715
Seville,2015-04-01,22.07995442708335
Seville,2015-04-02,19.6518151041667
Seville,2015-04-03,18.636645833333375
Seville,2015-04-04,19.732124999999996
Seville,2015-04-05,18.228501302083373
Seville,2015-04-06,18.048643229166714
Seville,2015-04-07,17.64852213541667
Seville,2015-04-08,16.589856770833364
Seville,2015-04-09,14.968250000000012
Seville,2015-04-10,15.621855468750027
Seville,2015-04-11,15.000253906250066
Seville,2015-04-12,15.245184895833347
Seville,2015-04-13,17.85227343750006
Seville,2015-04-14,19.55258463541668
Seville,2015-04-15,16.079667968750016
Seville,2015-04-16,15.182667968750025
Seville,2015-04-17,16.881434895833365
Seville,2015-04-18,17.291996093750015
Seville,2015-04-19,16.46283333333338
Seville,2015-04-20,18.262662760416674
Seville,2015-04-21,19.04737369791667
Seville,2015-04-22,18.54459895833338
Seville,2015-04-23,18.105742187500027
Seville,2015-04-24,16.783147135416698
Seville,2015-04-25,16.104152343750002
Seville,2015-04-26,15.8162916666667
Seville,2015-04-27,15.184639322916723
Seville,2015-04-28,17.604937500000062
Seville,2015-04-29,17.701804687500044
Seville,2015-04-30,21.26853515625004
Seville,2015-05-01,23.01904036458336
Seville,2015-05-02,24.43841015625003
Seville,2015-05-03,22.36407031250002
Seville,2015-05-04,20.498153645833327
Seville,2015-05-05,19.379972656250004
Seville,2015-05-06,19.20254166666672
Seville,2015-05-07,20.644395833333363
Seville,2015-05-08,19.784208333333368
Seville,2015-05-09,23.255272135416703
Seville,2015-05-10,25.49453385416672
Seville,2015-05-11,24.340625000000045
Seville,2015-05-12,24.684472656250023
Seville,2015-05-13,28.05872265625004
Seville,2015-05-14,27.560458333333372
Seville,2015-05-15,24.199250000000006
Seville,2015-05-16,24.519083333333356
Seville,2015-05-17,23.900125000000003
Seville,2015-05-18,24.42286067708335
Seville,2015-05-19,24.1882291666667
Seville,2015-05-20,23.298062500000015
Seville,2015-05-21,21.080083333333334
Seville,2015-05-22,21.737062500000036
Seville,2015-05-23,21.91102083333334
Seville,2015-05-24,20.91179166666666
Seville,2015-05-25,22.235583333333352
Seville,2015-05-26,22.72016666666667
Seville,2015-05-27,24.48616666666669
Seville,2015-05-28,25.279291666666722
Seville,2015-05-29,23.495375000000024
Seville,2015-05-30,23.528875000000028
Seville,2015-05-31,23.36564583333336
Seville,2015-06-01,25.23920833333335
Seville,2015-06-02,29.19416666666666
Seville,2015-06-03,30.57650000000001
Seville,2015-06-04,26.783166666666716
Seville,2015-06-05,27.26379166666669
Seville,2015-06-06,27.755166666666696
Seville,2015-06-07,27.45283333333333
Seville,2015-06-08,27.052041666666696
Seville,2015-06-09,27.760000000000048
Seville,2015-06-10,27.230000000000018
Seville,2015-06-11,25.074083333333363
Seville,2015-06-12,20.102250000000026
Seville,2015-06-13,18.560625000000016
Seville,2015-06-14,17.889875000000075
Seville,2015-06-15,21.210416666666674
Seville,2015-06-16,26.975833333333355
Seville,2015-06-17,28.77125000000001
Seville,2015-06-18,29.09904166666672
Seville,2015-06-19,27.43841666666674
Seville,2015-06-20,28.636250000000018
Seville,2015-06-21,28.00045833333337
Seville,2015-06-22,24.897583333333387
Seville,2015-06-23,23.860250000000008
Seville,2015-06-24,23.147708333333355
Seville,2015-06-25,25.308041666666668
Seville,2015-06-26,31.2116666666667
Seville,2015-06-27,32.91750000000002
Seville,2015-06-28,32.79625000000004
Seville,2015-06-29,30.581666666666706
Seville,2015-06-30,28.308750000000032
Seville,2015-07-01,28.2741666666667
Seville,2015-07-02,30.034166666666692
Seville,2015-07-03,31.206666666666706
Seville,2015-07-04,33.19750000000005
Seville,2015-07-05,33.86041666666671
Seville,2015-07-06,33.40958333333333
Seville,2015-07-07,33.166666666666686
Seville,2015-07-08,32.55250000000001
Seville,2015-07-09,31.664583333333383
Seville,2015-07-10,29.969166666666695
Seville,2015-07-11,30.92708333333337
Seville,2015-07-12,33.110833333333346
Seville,2015-07-13,33.76416666666671
Seville,2015-07-14,33.206666666666706
Seville,2015-07-15,33.98041666666671
Seville,2015-07-16,34.11958333333337
Seville,2015-07-17,33.71333333333337
Seville,2015-07-18,31.783749999999998
Seville,2015-07-19,32.02000000000004
Seville,2015-07-20,33.00958333333335
Seville,2015-07-21,33.39166666666671
Seville,2015-07-22,33.362916666666706
Seville,2015-07-23,32.59500000000003
Seville,2015-07-24,31.157500000000027
Seville,2015-07-25,31.53208333333339
Seville,2015-07-26,31.80000000000001
Seville,2015-07-27,34.05208333333337
Seville,2015-07-28,34.64708333333334
Seville,2015-07-29,33.63250000000005
Seville,2015-07-30,32.31583333333333
Seville,2015-07-31,31.079583333333346
Seville,2015-08-01,31.138750000000016
Seville,2015-08-02,32.89958333333334
Seville,2015-08-03,32.232500000000016
Seville,2015-08-04,31.844583333333333
Seville,2015-08-05,32.82250000000005
Seville,2015-08-06,33.09833333333336
Seville,2015-08-07,34.68000000000001
Seville,2015-08-08,34.03041666666667
Seville,2015-08-09,33.65500000000003
Seville,2015-08-10,33.00833333333338
Seville,2015-08-11,31.629999999999995
Seville,2015-08-12,31.83458333333334
Seville,2015-08-13,31.244166666666672
Seville,2015-08-14,28.60458333333338
Seville,2015-08-15,28.196666666666715
Seville,2015-08-16,29.22958333333338
Seville,2015-08-17,29.737916666666706
Seville,2015-08-18,28.73666666666668
Seville,2015-08-19,29.786249999999995
Seville,2015-08-20,32.01875000000001
Seville,2015-08-21,31.94083333333333
Seville,2015-08-22,29.042500000000018
Seville,2015-08-23,28.515000000000043
Seville,2015-08-24,28.70416666666671
Seville,2015-08-25,30.14041666666668
Seville,2015-08-26,30.612083333333374
Seville,2015-08-27,30.86166666666668
Seville,2015-08-28,31.473749999999995
Seville,2015-08-29,32.126666666666665
Seville,2015-08-30,32.491250000000036
Seville,2015-08-31,29.95291666666668
Seville,2015-09-01,28.14958333333334
Seville,2015-09-02,27.098333333333358
Seville,2015-09-03,26.697916666666686
Seville,2015-09-04,26.579583333333346
Seville,2015-09-05,25.125416666666695
Seville,2015-09-06,27.313333333333333
Seville,2015-09-07,27.93083333333334
Seville,2015-09-08,28.14375000000001
Seville,2015-09-09,28.76416666666671
Seville,2015-09-10,28.914166666666688
Seville,2015-09-11,28.12375000000003
Seville,2015-09-12,27.102916666666715
Seville,2015-09-13,26.38583333333338
Seville,2015-09-14,26.98416666666668
Seville,2015-09-15,25.324166666666656
Seville,2015-09-16,25.467083333333335
Seville,2015-09-17,24.832916666666677
Seville,2015-09-18,25.9954166666667
Seville,2015-09-19,27.873333333333335
Seville,2015-09-20,28.819166666666717
Seville,2015-09-21,29.315416666666692
Seville,2015-09-22,27.48333333333335
Seville,2015-09-23,25.685416666666697
Seville,2015-09-24,25.346666666666692
Seville,2015-09-25,25.72625000000005
Seville,2015-09-26,26.657916666666665
Seville,2015-09-27,27
Seville,2015-09-28,26.44083333333333
Seville,2015-09-29,26.06125000000003
Seville,2015-09-30,24.929166666666674
Seville,2015-10-01,25.681250000000034
Seville,2015-10-02,26.57916666666671
Seville,2015-10-03,26.45500000000004
Seville,2015-10-04,26.540416666666715
Seville,2015-10-05,26.26875000000001
Seville,2015-10-06,26.161249999999995
Seville,2015-10-07,25.085000000000036
Seville,2015-10-08,24.18083333333334
Seville,2015-10-09,23.11833333333334
Seville,2015-10-10,22.348749999999995
Seville,2015-10-11,23.89166666666671
Seville,2015-10-12,24.131250000000023
Seville,2015-10-13,22.9641666666667
Seville,2015-10-14,23.752499999999998
Seville,2015-10-15,23.78000000000003
Seville,2015-10-16,24.159166666666692
Seville,2015-10-17,23.13250000000005
Seville,2015-10-18,23.539583333333383
Seville,2015-10-19,22.745833333333337
Seville,2015-10-20,23.655416666666667
Seville,2015-10-21,24.146666666666704
Seville,2015-10-22,23.840833333333364
Seville,2015-10-23,23.10791666666671
Seville,2015-10-24,23.11833333333334
Seville,2015-10-25,23.38760000000002
Seville,2015-10-26,23.447916666666686
Seville,2015-10-27,22.663645833333362
Seville,2015-10-28,21.897708333333355
Seville,2015-10-29,21.05420833333335
Seville,2015-10-30,21.14452083333333
Seville,2015-10-31,20.845416666666665
Seville,2015-11-01,21.547500000000014
Seville,2015-11-02,19.438208333333364
Seville,2015-11-03,20.692687500000034
Seville,2015-11-04,21.32983333333334
Seville,2015-11-05,22.064416666666716
Seville,2015-11-06,22.026270833333342
Seville,2015-11-07,22.507583333333343
Seville,2015-11-08,22.775875000000042
Seville,2015-11-09,20.61145833333336
Seville,2015-11-10,21.583791666666684
Seville,2015-11-11,21.039666666666676
Seville,2015-11-12,18.444937500000037
Seville,2015-11-13,19.004916666666702
Seville,2015-11-14,19.37545833333337
Seville,2015-11-15,18.86860416666667
Seville,2015-11-16,18.034904947916687
Seville,2015-11-17,19.044791666666697
Seville,2015-11-18,17.992708333333383
Seville,2015-11-19,17.301750000000027
Seville,2015-11-20,18.333479166666677
Seville,2015-11-21,18.149229166666714
Seville,2015-11-22,15.622291666666683
Seville,2015-11-23,14.010812500000043
Seville,2015-11-24,13.964041666666674
Seville,2015-11-25,15.0969791666667
Seville,2015-11-26,15.799000000000035
Seville,2015-11-27,16.786166666666702
Seville,2015-11-28,16.72627083333333
Seville,2015-11-29,17.197062500000015
Seville,2015-11-30,16.415166666666664
Seville,2015-12-01,15.890625
Seville,2015-12-02,16.412750000000017
Seville,2015-12-03,16.992333333333363
Seville,2015-12-04,16.377125000000035
Seville,2015-12-05,16.61166666666668
Seville,2015-12-06,15.723541666666677
Seville,2015-12-07,15.223333333333358
Seville,2015-12-08,15.26045833333336
Seville,2015-12-09,17.086054687500052
Seville,2015-12-10,17.06861067708337
Seville,2015-12-11,16.39425
Seville,2015-12-12,15.379208333333338
Seville,2015-12-13,15.543187500000045
Seville,2015-12-14,16.46208333333334
Seville,2015-12-15,16.184562500000027
Seville,2015-12-16,16.014437500000042
Seville,2015-12-17,14.863958333333358
Seville,2015-12-18,14.449375000000032
Seville,2015-12-19,14.178312500000004
Seville,2015-12-20,15.859291666666707
Seville,2015-12-21,16.08810416666671
Seville,2015-12-22,15.269541666666669
Seville,2015-12-23,13.859416666666675
Seville,2015-12-24,15.493625000000009
Seville,2015-12-25,14.84002083333337
Seville,2015-12-26,14.099791666666704
Seville,2015-12-27,16.970416666666665
Seville,2015-12-28,16.360750000000053
Seville,2015-12-29,16.563125000000014
Seville,2015-12-30,14.35364583333336
Seville,2015-12-31,17.681791666666697
Seville,2016-01-01,18.92422916666669
Seville,2016-01-02,18.767083333333346
Seville,2016-01-03,16.698666666666668
Seville,2016-01-04,17.540416666666715
Seville,2016-01-05,14.64327083333336
Seville,2016-01-06,13.00695833333333
Seville,2016-01-07,15.609125000000006
Seville,2016-01-08,16.509583333333353
Seville,2016-01-09,16.33260416666667
Seville,2016-01-10,16.850708333333387
Seville,2016-01-11,16.035979166666664
Seville,2016-01-12,13.588479166666673
Seville,2016-01-13,12.487437499999999
Seville,2016-01-14,12.812041666666687
Seville,2016-01-15,14.755875000000003
Seville,2016-01-16,12.209333333333348
Seville,2016-01-17,12.303500000000042
Seville,2016-01-18,13.412416666666672
Seville,2016-01-19,12.655166666666673
Seville,2016-01-20,14.502875000000017
Seville,2016-01-21,14.791270833333385
Seville,2016-01-22,16.0026666666667
Seville,2016-01-23,15.755770833333372
Seville,2016-01-24,16.08410416666669
Seville,2016-01-25,16.30779296875005
Seville,2016-01-26,15.336333333333357
Seville,2016-01-27,14.270854166666709
Seville,2016-01-28,14.187250000000006
Seville,2016-01-29,13.712500000000034
Seville,2016-01-30,12.450229166666702
Seville,2016-01-31,13.259985677083364
Seville,2016-02-01,14.428291666666667
Seville,2016-02-02,14.224416666666684
Seville,2016-02-03,13.85335416666669
Seville,2016-02-04,15.745020833333342
Seville,2016-02-05,15.943958333333342
Seville,2016-02-06,15.247083333333364
Seville,2016-02-07,15.935000000000002
Seville,2016-02-08,14.326250000000016
Seville,2016-02-09,15.989583333333371
Seville,2016-02-10,16.853479166666716
Seville,2016-02-11,17.008604166666714
Seville,2016-02-12,16.406972656250048
Seville,2016-02-13,17.13145833333334
Seville,2016-02-14,15.036041666666677
Seville,2016-02-15,13.260687500000017
Seville,2016-02-16,11.481033854166697
Seville,2016-02-17,11.005583333333334
Seville,2016-02-18,13.104395833333342
Seville,2016-02-19,12.867305989583372
Seville,2016-02-20,14.908730468750036
Seville,2016-02-21,16.51045833333336
Seville,2016-02-22,16.238916666666682
Seville,2016-02-23,17.733541666666667
Seville,2016-02-24,15.88908333333336
Seville,2016-02-25,16.109604166666713
Seville,2016-02-26,14.407458333333352
Seville,2016-02-27,13.80408333333338
Seville,2016-02-28,14.910541666666688
Seville,2016-02-29,15.369000000000028
Seville,2016-03-01,15.101458333333369
Seville,2016-03-02,14.752750000000049
Seville,2016-03-03,16.040625000000034
Seville,2016-03-04,15.258764322916704
Seville,2016-03-05,15.49854166666671
Seville,2016-03-06,15.030270833333361
Seville,2016-03-07,13.766666666666708
Seville,2016-03-08,14.039750000000026
Seville,2016-03-09,14.305291666666676
Seville,2016-03-10,15.520826822916717
Seville,2016-03-11,14.061875000000043
Seville,2016-03-12,16.057104166666704
Seville,2016-03-13,16.48275000000001
Seville,2016-03-14,16.5626666666667
Seville,2016-03-15,17.440750000000037
Seville,2016-03-16,18.725041666666698
Seville,2016-03-17,16.98541666666671
Seville,2016-03-18,17.583770833333347
Seville,2016-03-19,17.69645833333334
Seville,2016-03-20,15.453750000000014
Seville,2016-03-21,16.90364583333337
Seville,2016-03-22,15.598833333333346
Seville,2016-03-23,16.467166666666685
Seville,2016-03-24,16.384375000000034
Seville,2016-03-25,16.84527083333336
Seville,2016-03-26,17.151041666666686
Seville,2016-03-27,19.64367391304347
Seville,2016-03-28,18.57802083333337
Seville,2016-03-29,20.670354166666698
Seville,2016-03-30,18.940458333333368
Seville,2016-03-31,17.723333333333358
Seville,2016-04-01,16.091875000000016
Seville,2016-04-02,15.888750000000016
Seville,2016-04-03,15.985187500000052
Seville,2016-04-04,16.15939583333335
Seville,2016-04-05,16.904166666666697
Seville,2016-04-06,18.834750000000042
Seville,2016-04-07,21.091500000000053
Seville,2016-04-08,19.383333333333326
Seville,2016-04-09,18.88289583333335
Seville,2016-04-10,18.71083333333337
Seville,2016-04-11,18.849229166666703
Seville,2016-04-12,19.697645833333354
Seville,2016-04-13,19.94760416666668
Seville,2016-04-14,20.709166666666704
Seville,2016-04-15,19.63356250000004
Seville,2016-04-16,20.22245833333335
Seville,2016-04-17,19.75312500000001
Seville,2016-04-18,20.641958333333378
Seville,2016-04-19,19.828895833333377
Seville,2016-04-20,18.477083333333383
Seville,2016-04-21,18.77229166666666
Seville,2016-04-22,17.019916666666745
Seville,2016-04-23,21.039833333333377
Seville,2016-04-24,22.44083333333333
Seville,2016-04-25,22.631041666666704
Seville,2016-04-26,22.68995833333338
Seville,2016-04-27,22.645333333333383
Seville,2016-04-28,22.993593750000002
Seville,2016-04-29,24.30000000000001
Seville,2016-04-30,24.975000000000023
Seville,2016-05-01,22.864166666666677
Seville,2016-05-02,22.871250000000032
Seville,2016-05-03,24.949166666666713
Seville,2016-05-04,24.855416666666656
Seville,2016-05-05,23.688333333333333
Seville,2016-05-06,23.367500000000007
Seville,2016-05-07,22.897916666666674
Seville,2016-05-08,22.370000000000005
Seville,2016-05-09,22.148750000000007
Seville,2016-05-10,21.124166666666667
Seville,2016-05-11,20.94958333333335
Seville,2016-05-12,22.025416666666672
Seville,2016-05-13,22.036250000000052
Seville,2016-05-14,22.660000000000025
Seville,2016-05-15,23.257916666666688
Seville,2016-05-16,25.13958333333335
Seville,2016-05-17,27.158750000000055
Seville,2016-05-18,27.45750000000004
Seville,2016-05-19,27.282083333333333
Seville,2016-05-20,28.11041666666671
Seville,2016-05-21,26.464583333333337
Seville,2016-05-22,25.57333333333338
Seville,2016-05-23,25.257083333333355
Seville,2016-05-24,25.310833333333335
Seville,2016-05-25,24.643333333333374
Seville,2016-05-26,23.751666666666665
Seville,2016-05-27,23.492500000000007
Seville,2016-05-28,23.512916666666683
Seville,2016-05-29,24.08000000000004
Seville,2016-05-30,25.392083333333346
Seville,2016-05-31,26.666666666666686
Seville,2016-06-01,27.275000000000034
Seville,2016-06-02,27.158750000000055
Seville,2016-06-03,24.9929166666667
Seville,2016-06-04,24.036249999999995
Seville,2016-06-05,26.445416666666688
Seville,2016-06-06,28.210000000000036
Seville,2016-06-07,30.183333333333337
Seville,2016-06-08,29.736625000000004
Seville,2016-06-09,27.46691666666669
Seville,2016-06-10,25.61812500000002
Seville,2016-06-11,25.393125000000055
Seville,2016-06-12,26.130833333333385
Seville,2016-06-13,28.76808333333338
Seville,2016-06-14,28.167708333333394
Seville,2016-06-15,23.12566666666669
Seville,2016-06-16,20.558541666666713
Seville,2016-06-17,21.028541666666683
Seville,2016-06-18,23.78666666666669
Seville,2016-06-19,26.910208333333344
Seville,2016-06-20,26.699166666666713
Seville,2016-06-21,26.673208333333378
Seville,2016-06-22,26.44358333333338
Seville,2016-06-23,26.917875000000038
Seville,2016-06-24,27.654250000000047
Seville,2016-06-25,29.807083333333367
Seville,2016-06-26,27.87375000000003
Seville,2016-06-27,30.099583333333385
Seville,2016-06-28,30.501250000000027
Seville,2016-06-29,30.136666666666713
Seville,2016-06-30,29.721249999999998
Seville,2016-07-01,29.38958333333335
Seville,2016-07-02,30.170000000000016
Seville,2016-07-03,31.978750000000048
Seville,2016-07-04,29.729166666666686
Seville,2016-07-05,29.83583333333337
Seville,2016-07-06,29.74083333333334
Seville,2016-07-07,28.776250000000005
Seville,2016-07-08,30.715833333333364
Seville,2016-07-09,32.60041666666666
Seville,2016-07-10,32.53541666666666
Seville,2016-07-11,31.947916666666686
Seville,2016-07-12,31.443333333333328
Seville,2016-07-13,30.949541666666676
Seville,2016-07-14,29.183500000000038
Seville,2016-07-15,29.53445833333336
Seville,2016-07-16,28.554750000000013
Seville,2016-07-17,29.822416666666697
Seville,2016-07-18,29.48054166666668
Seville,2016-07-19,22.72741666666667
Seville,2016-07-20,23.632749999999987
Seville,2016-07-21,30.12204166666669
Seville,2016-07-22,31.45958333333334
Seville,2016-07-23,31.904166666666697
Seville,2016-07-24,34.58833333333337
Seville,2016-07-25,35.15041666666667
Seville,2016-07-26,33.80833333333334
Seville,2016-07-27,31.25333333333333
Seville,2016-07-28,30.18083333333334
Seville,2016-07-29,30.910000000000025
Seville,2016-07-30,29.768333333333374
Seville,2016-07-31,31.281666666666695
Seville,2016-08-01,32.06125000000003
Seville,2016-08-02,31.84708333333333
Seville,2016-08-03,31.081125000000043
Seville,2016-08-04,27.638458333333347
Seville,2016-08-05,29.239374999999995
Seville,2016-08-06,29.410375000000045
Seville,2016-08-07,29.979250000000036
Seville,2016-08-08,29.767083333333346
Seville,2016-08-09,28.291375000000016
Seville,2016-08-10,27.53829166666668
Seville,2016-08-11,28.09975000000003
Seville,2016-08-12,28.441833333333363
Seville,2016-08-13,27.92041666666671
Seville,2016-08-14,27.617416666666713
Seville,2016-08-15,27.141166666666663
Seville,2016-08-16,28.4714166666667
Seville,2016-08-17,27.470083333333378
Seville,2016-08-18,27.769166666666706
Seville,2016-08-19,27.331291666666687
Seville,2016-08-20,29.016708333333384
Seville,2016-08-21,30.185000000000002
Seville,2016-08-22,31.962500000000034
Seville,2016-08-23,32.60833333333335
Seville,2016-08-24,31.908750000000055
Seville,2016-08-25,32.35916666666668
Seville,2016-08-26,33.31708333333336
Seville,2016-08-27,32.36166666666668
Seville,2016-08-28,31.793750000000045
Seville,2016-08-29,31.396666666666704
Seville,2016-08-30,30.65500000000003
Seville,2016-08-31,28.152500000000032
Seville,2016-09-01,29.629583333333358
Seville,2016-09-02,31.5241666666667
Seville,2016-09-03,32.635416666666686
Seville,2016-09-04,33.54666666666668
Seville,2016-09-05,34.04416666666668
Seville,2016-09-06,32.86125000000004
Seville,2016-09-07,31.31125000000003
Seville,2016-09-08,28.69958333333335
Seville,2016-09-09,28.144166666666706
Seville,2016-09-10,28.133333333333383
Seville,2016-09-11,28.69291666666669
Seville,2016-09-12,28.86708333333337
Seville,2016-09-13,26.71083333333337
Seville,2016-09-14,24.789583333333383
Seville,2016-09-15,24.762916666666683
Seville,2016-09-16,26.09791666666672
Seville,2016-09-17,27.903333333333364
Seville,2016-09-18,27.95720833333337
Seville,2016-09-19,25.189166666666722
Seville,2016-09-20,22.976333333333343
Seville,2016-09-21,19.587875000000054
Seville,2016-09-22,18.11850000000004
Seville,2016-09-23,19.134500000000003
Seville,2016-09-24,21.863125000000025
Seville,2016-09-25,22.514416666666705
Seville,2016-09-26,22.666750000000036
Seville,2016-09-27,23.962291666666715
Seville,2016-09-28,23.583666666666716
Seville,2016-09-29,23.402541666666707
Seville,2016-09-30,23.70033333333339
Seville,2016-10-01,22.64945833333337
Seville,2016-10-02,20.819375000000036
Seville,2016-10-03,20.579125000000033
Seville,2016-10-04,22.15241666666668
Seville,2016-10-05,22.727958333333333
Seville,2016-10-06,22.160458333333338
Seville,2016-10-07,20.293666666666695
Seville,2016-10-08,20.15320833333334
Seville,2016-10-09,19.32508333333334
Seville,2016-10-10,17.905250000000024
Seville,2016-10-11,17.33058333333338
Seville,2016-10-12,17.22112500000003
Seville,2016-10-13,16.304458333333343
Seville,2016-10-14,15.126187500000015
Seville,2016-10-15,14.469562500000052
Seville,2016-10-16,16.16014583333333
Seville,2016-10-17,17.965416666666727
Seville,2016-10-18,20.428375000000074
Seville,2016-10-19,19.540041666666696
Seville,2016-10-20,20.076916666666705
Seville,2016-10-21,20.044875000000047
Seville,2016-10-22,17.999333333333368
Seville,2016-10-23,17.25216666666671
Seville,2016-10-24,17.157624999999996
Seville,2016-10-25,17.91337500000003
Seville,2016-10-26,21.38554166666671
Seville,2016-10-27,22.584625000000017
Seville,2016-10-28,20.361958333333348
Seville,2016-10-29,20.02512500000006
Seville,2016-10-30,17.020200000000045
Seville,2016-10-31,15.254500000000007
Seville,2016-11-01,17.744500000000016
Seville,2016-11-02,22.549583333333374
Seville,2016-11-03,22.71541666666667
Seville,2016-11-04,22.380833333333385
Seville,2016-11-05,21.970000000000027
Seville,2016-11-06,19.05916666666667
Seville,2016-11-07,17.341666666666697
Seville,2016-11-08,16.39625000000001
Seville,2016-11-09,17.39833333333337
Seville,2016-11-10,18.518333333333374
Seville,2016-11-11,16.82458333333335
Seville,2016-11-12,17.091666666666697
Seville,2016-11-13,18.106250000000045
Seville,2016-11-14,18.304166666666674
Seville,2016-11-15,18.39375000000001
Seville,2016-11-16,17.663333333333355
Seville,2016-11-17,16.98666666666668
Seville,2016-11-18,16.92375000000004
Seville,2016-11-19,17.63708333333335
Seville,2016-11-20,18.185833333333335
Seville,2016-11-21,19.765833333333376
Seville,2016-11-22,17.54583333333335
Seville,2016-11-23,16.131250000000023
Seville,2016-11-24,14.63545833333336
Seville,2016-11-25,16.600000000000023
Seville,2016-11-26,17.298333333333346
Seville,2016-11-27,16.360000000000014
Seville,2016-11-28,16.106250000000045
Seville,2016-11-29,16.277083333333337
Seville,2016-11-30,18.377916666666692
Seville,2016-12-01,17.762500000000045
Seville,2016-12-02,17.845000000000027
Seville,2016-12-03,19.202500000000043
Seville,2016-12-04,18.799791666666692
Seville,2016-12-05,19.016250000000014
Seville,2016-12-06,17.808750000000032
Seville,2016-12-07,17.044166666666683
Seville,2016-12-08,17.926666666666677
Seville,2016-12-09,18.14500000000004
Seville,2016-12-10,16.286249999999995
Seville,2016-12-11,15.204583333333346
Seville,2016-12-12,15.00750000000005
Seville,2016-12-13,14.430416666666702
Seville,2016-12-14,14.449166666666713
Seville,2016-12-15,14.271250000000009
Seville,2016-12-16,14.0891666666667
Seville,2016-12-17,14.464583333333337
Seville,2016-12-18,15.255833333333328
Seville,2016-12-19,14.04020833333334
Seville,2016-12-20,13.129999999999995
Seville,2016-12-21,12.99666666666667
Seville,2016-12-22,13.882083333333355
Seville,2016-12-23,14.84791666666672
Seville,2016-12-24,14.962916666666672
Seville,2016-12-25,15.973749999999995
Seville,2016-12-26,13.71208333333334
Seville,2016-12-27,13.60041666666666
Seville,2016-12-28,14.957083333333344
Seville,2016-12-29,15.998333333333335
Seville,2016-12-30,15.15500000000003
Seville,2016-12-31,13.129166666666663
Seville,2017-01-01,12.374166666666667
Seville,2017-01-02,13.303750000000036
Seville,2017-01-03,13.693333333333328
Seville,2017-01-04,14.125833333333333
Seville,2017-01-05,14.240416666666704
Seville,2017-01-06,14.19166666666672
Seville,2017-01-07,13.337500000000034
Seville,2017-01-08,12.359166666666681
Seville,2017-01-09,11.84791666666672
Seville,2017-01-10,12.381250000000023
Seville,2017-01-11,13.88708333333335
Seville,2017-01-12,13.76208333333335
Seville,2017-01-13,13.717916666666667
Seville,2017-01-14,12.086250000000007
Seville,2017-01-15,11.740416666666704
Seville,2017-01-16,11.554583333333369
Seville,2017-01-17,12.126250000000027
Seville,2017-01-18,10.923750000000041
Seville,2017-01-19,10.30916666666667
Seville,2017-01-20,12.096666666666692
Seville,2017-01-21,11.844166666666695
Seville,2017-01-22,13.190833333333387
Seville,2017-01-23,12.766250000000014
Seville,2017-01-24,9.45120833333334
Seville,2017-01-25,6.950166666666689
Seville,2017-01-26,13.237916666666706
Seville,2017-01-27,14.342083333333335
Seville,2017-01-28,13.931666666666672
Seville,2017-01-29,14.700416666666683
Seville,2017-01-30,14.113333333333344
Seville,2017-01-31,13.371250000000032
Seville,2017-02-01,15.575833333333378
Seville,2017-02-02,15.606666666666683
Seville,2017-02-03,14.491250000000036
Seville,2017-02-04,15.476666666666688
Seville,2017-02-05,15.336333333333357
Seville,2017-02-06,12.686666666666667
Seville,2017-02-07,13.741250000000036
Seville,2017-02-08,13.238750000000039
Seville,2017-02-09,12.877916666666692
Seville,2017-02-10,14.35041666666666
Seville,2017-02-11,15.332916666666677
Seville,2017-02-12,17.07916666666671
Seville,2017-02-13,18.069291666666686
Seville,2017-02-14,12.423239583333384
Seville,2017-02-15,12.585708333333343
Seville,2017-02-16,12.51762500000001
Seville,2017-02-17,12.157000000000039
Seville,2017-02-18,11.536041666666677
Seville,2017-02-19,11.042625000000044
Seville,2017-02-20,12.050416666666706
Seville,2017-02-21,13.895114583333338
Seville,2017-02-22,16.120000000000005
Seville,2017-02-23,16.435416666666697
Seville,2017-02-24,17.726666666666688
Seville,2017-02-25,16.94958333333335
Seville,2017-02-26,14.84041666666667
Seville,2017-02-27,14.68625000000003
Seville,2017-02-28,14.708333333333371
Seville,2017-03-01,16.091250000000002
Seville,2017-03-02,16.492500000000007
Seville,2017-03-03,15.553750000000036
Seville,2017-03-04,16.11375000000004
Seville,2017-03-05,16.873333333333335
Seville,2017-03-06,19.025000000000034
Seville,2017-03-07,17.500416666666695
Seville,2017-03-08,18.53666666666669
Seville,2017-03-09,19.609583333333376
Seville,2017-03-10,19.39166666666671
Seville,2017-03-11,19.564999999999998
Seville,2017-03-12,20.47416666666669
Seville,2017-03-13,17.71541666666667
Seville,2017-03-14,17.123333333333335
Seville,2017-03-15,18.45750000000004
Seville,2017-03-16,19.22750000000002
Seville,2017-03-17,19.84916666666669
Seville,2017-03-18,19.98625000000004
Seville,2017-03-19,21.474583333333328
Seville,2017-03-20,20.754999999999995
Seville,2017-03-21,16.14625000000001
Seville,2017-03-22,15.426250000000039
Seville,2017-03-23,14.541666666666686
Seville,2017-03-24,13.332916666666677
Seville,2017-03-25,15.40500000000003
Seville,2017-03-26,17.572608695652207
Seville,2017-03-27,17.36250000000001
Seville,2017-03-28,18.511250000000018
Seville,2017-03-29,19.80250000000001
Seville,2017-03-30,19.75541666666669
Seville,2017-03-31,20.464583333333337
Seville,2017-04-01,20.775416666666672
Seville,2017-04-02,21.08375000000001
Seville,2017-04-03,21.731250000000045
Seville,2017-04-04,19.404583333333335
Seville,2017-04-05,19.185833333333335
Seville,2017-04-06,19.721249999999998
Seville,2017-04-07,20.742500000000007
Seville,2017-04-08,21.866250000000036
Seville,2017-04-09,23.078333333333376
Seville,2017-04-10,24.01750000000004
Seville,2017-04-11,23.624583333333362
Seville,2017-04-12,24.495000000000005
Seville,2017-04-13,22.07010416666668
Seville,2017-04-14,22.965833333333364
Seville,2017-04-15,23.019166666666706
Seville,2017-04-16,22.970416666666665
Seville,2017-04-17,23.372500000000002
Seville,2017-04-18,25.275000000000034
Seville,2017-04-19,24.226666666666688
Seville,2017-04-20,23.490416666666704
Seville,2017-04-21,21.501250000000027
Seville,2017-04-22,22.162500000000023
Seville,2017-04-23,22.683333333333337
Seville,2017-04-24,23.306666666666672
Seville,2017-04-25,22.853333333333353
Seville,2017-04-26,21.79666666666668
Seville,2017-04-27,21.47208333333333
Seville,2017-04-28,21.60041666666666
Seville,2017-04-29,22.606666666666683
Seville,2017-04-30,22.01249999999999
Seville,2017-05-01,21.70875000000001
Seville,2017-05-02,23.147916666666674
Seville,2017-05-03,25.57916666666671
Seville,2017-05-04,25.122916666666697
Seville,2017-05-05,24.748333333333335
Seville,2017-05-06,24.773750000000007
Seville,2017-05-07,26.341666666666697
Seville,2017-05-08,26.599583333333328
Seville,2017-05-09,24.61833333333334
Seville,2017-05-10,23.085416666666674
Seville,2017-05-11,22.506250000000023
Seville,2017-05-12,22.57666666666671
Seville,2017-05-13,23.51416666666671
Seville,2017-05-14,24.499583333333362
Seville,2017-05-15,25.263333333333378
Seville,2017-05-16,23.86500000000001
Seville,2017-05-17,22.23333333333335
Seville,2017-05-18,21.131666666666717
Seville,2017-05-19,19.721666666666692
Seville,2017-05-20,22.058750000000032
Seville,2017-05-21,24.258333333333326
Seville,2017-05-22,21.800833333333344
Seville,2017-05-23,23.512500000000045
Seville,2017-05-24,25.985833333333346
Seville,2017-05-25,23.878750000000025
Seville,2017-05-26,20.791666666666686
Seville,2017-05-27,21.945833333333326
Seville,2017-05-28,20.837500000000034
Seville,2017-05-29,20.061666666666667
Seville,2017-05-30,21.98875000000004
Seville,2017-05-31,24.408749999999998
Seville,2017-06-01,25.032500000000027
Seville,2017-06-02,25.71750000000003
Seville,2017-06-03,24.93083333333334
Seville,2017-06-04,22.29666666666668
Seville,2017-06-05,22.640000000000043
Seville,2017-06-06,22.934583333333364
Seville,2017-06-07,26.122916666666697
Seville,2017-06-08,26.556666666666672
Seville,2017-06-09,25.665833333333353
Seville,2017-06-10,26.027083333333337
Seville,2017-06-11,27.79791666666671
Seville,2017-06-12,29.39375000000001
Seville,2017-06-13,26.300833333333344
Seville,2017-06-14,25.172083333333376
Seville,2017-06-15,27.23666666666668
Seville,2017-06-16,31.19625000000002
Seville,2017-06-17,32.727083333333326
Seville,2017-06-18,31.278750000000002
Seville,2017-06-19,30.952500000000043
Seville,2017-06-20,31.42375000000004
Seville,2017-06-21,27.01933333333335
Seville,2017-06-22,25.64375000000001
Seville,2017-06-23,26.884166666666715
Seville,2017-06-24,31.223749999999995
Seville,2017-06-25,30.95958333333334
Seville,2017-06-26,26.448750000000018
Seville,2017-06-27,23.757916666666688
Seville,2017-06-28,22.970000000000027
Seville,2017-06-29,22.051666666666677
Seville,2017-06-30,21.750833333333333
Seville,2017-07-01,24.00208333333336
Seville,2017-07-02,26.501899739583337
Seville,2017-07-03,28.308750000000032
Seville,2017-07-04,26.509166666666715
Seville,2017-07-05,24.272500000000036
Seville,2017-07-06,22.072500000000048
Seville,2017-07-07,22.28458333333333
Seville,2017-07-08,23.243750000000034
Seville,2017-07-09,24.19500000000005
Seville,2017-07-10,26.423354166666684
Seville,2017-07-11,28.515000000000043
Seville,2017-07-12,31.92750000000001
Seville,2017-07-13,33.08583333333337
Seville,2017-07-14,29.859583333333376
Seville,2017-07-15,27.875833333333333
Seville,2017-07-16,29.008333333333326
Seville,2017-07-17,29.654166666666697
Seville,2017-07-18,29.385416666666686
Seville,2017-07-19,26.53666666666669
Seville,2017-07-20,24.676666666666677
Seville,2017-07-21,22.672083333333376
Seville,2017-07-22,24.216250000000002
Seville,2017-07-23,26.453333333333376
Seville,2017-07-24,27.925416666666706
Seville,2017-07-25,28.385833333333323
Seville,2017-07-26,26.41541666666666
Seville,2017-07-27,28.35916666666668
Seville,2017-07-28,29.203750000000014
Seville,2017-07-29,28.622500000000002
Seville,2017-07-30,28.712500000000034
Seville,2017-07-31,26.90958333333333
Seville,2017-08-01,25.04541666666671
Seville,2017-08-02,26.97958333333338
Seville,2017-08-03,29.251375000000053
Seville,2017-08-04,32.04250000000002
Seville,2017-08-05,31.906666666666695
Seville,2017-08-06,30.700416666666683
Seville,2017-08-07,30.636666666666656
Seville,2017-08-08,27.905416666666667
Seville,2017-08-09,24.671250000000043
Seville,2017-08-10,25.97874999999999
Seville,2017-08-11,28.169166666666683
Seville,2017-08-12,28.652083333333337
Seville,2017-08-13,28.448750000000018
Seville,2017-08-14,28.047500000000014
Seville,2017-08-15,28.042500000000018
Seville,2017-08-16,28.55685416666671
Seville,2017-08-17,28.479166666666686
Seville,2017-08-18,29.120000000000005
Seville,2017-08-19,29.588333333333367
Seville,2017-08-20,29.884166666666715
Seville,2017-08-21,29.95833333333337
Seville,2017-08-22,28.597500000000025
Seville,2017-08-23,28.920000000000016
Seville,2017-08-24,28.67083333333335
Seville,2017-08-25,28.625
Seville,2017-08-26,29.200000000000045
Seville,2017-08-27,26.846249999999998
Seville,2017-08-28,23.686666666666667
Seville,2017-08-29,21.35833333333335
Seville,2017-08-30,22.532916666666722
Seville,2017-08-31,25.620000000000005
Seville,2017-09-01,27.579583333333346
Seville,2017-09-02,28.072916666666686
Seville,2017-09-03,27.43416666666667
Seville,2017-09-04,26.007083333333355
Seville,2017-09-05,26.769583333333344
Seville,2017-09-06,28.53875000000005
Seville,2017-09-07,28.209166666666704
Seville,2017-09-08,26.76208333333335
Seville,2017-09-09,22.319999999999993
Seville,2017-09-10,21.697083333333353
Seville,2017-09-11,24.528750000000002
Seville,2017-09-12,27.072500000000048
Seville,2017-09-13,25.934583333333364
Seville,2017-09-14,24.702500000000043
Seville,2017-09-15,22.561666666666667
Seville,2017-09-16,19.8125
Seville,2017-09-17,20.185000000000002
Seville,2017-09-18,20.382083333333355
Seville,2017-09-19,22.54208333333338
Seville,2017-09-20,22.79333333333335
Seville,2017-09-21,22.97290625000005
Seville,2017-09-22,23.056666666666672
Seville,2017-09-23,23.540416666666715
Seville,2017-09-24,24.25
Seville,2017-09-25,24.328333333333376
Seville,2017-09-26,22.170395833333373
Seville,2017-09-27,20.022916666666674
Seville,2017-09-28,23.975729166666724
Seville,2017-09-29,24.195416666666688
Seville,2017-09-30,24.00875000000002
Seville,2017-10-01,24.903333333333364
Seville,2017-10-02,25.0579166666667
Seville,2017-10-03,25.185416666666697
Seville,2017-10-04,25.39041666666668
Seville,2017-10-05,25.645416666666677
Seville,2017-10-06,23.96625000000006
Seville,2017-10-07,24.320833333333326
Seville,2017-10-08,23.505833333333385
Seville,2017-10-09,23.57666666666671
Seville,2017-10-10,23.0891666666667
Seville,2017-10-11,23.594583333333333
Seville,2017-10-12,25.20208333333335
Seville,2017-10-13,24.159166666666692
Seville,2017-10-14,24.930500000000052
Seville,2017-10-15,25.632083333333355
Seville,2017-10-16,22.750833333333333
Seville,2017-10-17,22.268333333333374
Seville,2017-10-18,18.52333333333337
Seville,2017-10-19,18.446666666666715
Seville,2017-10-20,20.132083333333355
Seville,2017-10-21,21.291250000000048
Seville,2017-10-22,20.651250000000005
Seville,2017-10-23,20.34250000000003
Seville,2017-10-24,20.828333333333376
Seville,2017-10-25,18.869583333333367
Seville,2017-10-26,20.156250000000057
Seville,2017-10-27,20.910000000000025
Seville,2017-10-28,19.636250000000018
Seville,2017-10-29,18.53720000000004
Seville,2017-10-30,17.698333333333323
Seville,2017-10-31,17.935000000000002
Seville,2017-11-01,18.155833333333362
Seville,2017-11-02,17.59916666666669
Seville,2017-11-03,16.30458333333337
Seville,2017-11-04,16.95958333333334
Seville,2017-11-05,15.35791666666671
Seville,2017-11-06,14.797500000000014
Seville,2017-11-07,12.84375
Seville,2017-11-08,13.364166666666677
Seville,2017-11-09,13.404166666666697
Seville,2017-11-10,11.987083333333374
Seville,2017-11-11,13.080416666666679
Seville,2017-11-12,13.577500000000043
Seville,2017-11-13,12.957916666666677
Seville,2017-11-14,12.108750000000043
Seville,2017-11-15,12.219166666666695
Seville,2017-11-16,12.015833333333376
Seville,2017-11-17,11.900416666666672
Seville,2017-11-18,12.237916666666706
Seville,2017-11-19,12.872083333333364
Seville,2017-11-20,13.395416666666677
Seville,2017-11-21,12.702083333333348
Seville,2017-11-22,11.827500000000043
Seville,2017-11-23,13.53791666666666
Seville,2017-11-24,14.872500000000002
Seville,2017-11-25,12.852916666666715
Seville,2017-11-26,16.01208333333335
Seville,2017-11-27,13.506666666666717
Seville,2017-11-28,15.017916666666679
Seville,2017-11-29,16.72208333333333
Seville,2017-11-30,10.310833333333335
Seville,2017-12-01,7.647500000000036
Seville,2017-12-02,7.417500000000018
Seville,2017-12-03,6.749166666666667
Seville,2017-12-04,7.882083333333355
Seville,2017-12-05,8.420680989583389
Seville,2017-12-06,7.910860677083349
Seville,2017-12-07,7.97208333333333
Seville,2017-12-08,8.8704166666667
Seville,2017-12-09,10.931250000000034
Seville,2017-12-10,13.384583333333353
Seville,2017-12-11,13.147500000000036
Seville,2017-12-12,8.447083333333353
Seville,2017-12-13,7.382083333333355
Seville,2017-12-14,9.028750000000002
Seville,2017-12-15,14.910833333333358
Seville,2017-12-16,10.727083333333326
Seville,2017-12-17,8.114166666666677
Seville,2017-12-18,8.15625
Seville,2017-12-19,8.747083333333364
Seville,2017-12-20,8.393750000000011
Seville,2017-12-21,8.656666666666695
Seville,2017-12-22,8.242500000000007
Seville,2017-12-23,9.310416666666697
Seville,2017-12-24,11.765000000000043
Seville,2017-12-25,9.832916666666677
Seville,2017-12-26,12.502499999999998
Seville,2017-12-27,14.47083333333336
Seville,2017-12-28,14.923333333333346
Seville,2017-12-29,16.25
Seville,2017-12-30,14.973749999999995
Seville,2017-12-31,13.202083333333348
Seville,2018-01-01,10.65500000000003
Seville,2018-01-02,9.288333333333355
Seville,2018-01-03,12.852083333333383
Seville,2018-01-04,14.12708333333336
Seville,2018-01-05,14.231250000000045
Seville,2018-01-06,10.13041666666669
Seville,2018-01-07,6.12708333333336
Seville,2018-01-08,7.882499999999993
Seville,2018-01-09,7.329166666666708
Seville,2018-01-10,13.225000000000023
Seville,2018-01-11,10.644583333333344
Seville,2018-01-12,7.419166666666683
Seville,2018-01-13,7.508333333333326
Seville,2018-01-14,7.52791666666667
Seville,2018-01-15,7.122083333333364
Seville,2018-01-16,8.41708333333338
Seville,2018-01-17,11.051250000000039
Seville,2018-01-18,12.72625000000005
Seville,2018-01-19,10.79208333333338
Seville,2018-01-20,9.594583333333333
Seville,2018-01-21,9.409645833333343
Seville,2018-01-22,10.767916666666679
Seville,2018-01-23,10.78581250000002
Seville,2018-01-24,10.453750000000014
Seville,2018-01-25,12.207500000000039
Seville,2018-01-26,8.599583333333385
Seville,2018-01-27,7.414583333333326
Seville,2018-01-28,8.234166666666681
Seville,2018-01-29,12.384583333333353
Seville,2018-01-30,12.635416666666686
Seville,2018-01-31,13.360833333333346
Seville,2018-02-01,10.632083333333355
Seville,2018-02-02,8.264583333333348
Seville,2018-02-03,5.958750000000009
Seville,2018-02-04,7.56791666666669
Seville,2018-02-05,5.605000000000018
Seville,2018-02-06,6.678750000000036
Seville,2018-02-07,6.46541666666667
Seville,2018-02-08,6.84583333333336
Seville,2018-02-09,5.65625
Seville,2018-02-10,8.681250000000034
Seville,2018-02-11,8.501666666666665
Seville,2018-02-12,12.500416666666695
Seville,2018-02-13,7.6141666666666765
Seville,2018-02-14,8.307500000000005
Seville,2018-02-15,11.048750000000041
Seville,2018-02-16,12.420833333333348
Seville,2018-02-17,11.492500000000007
Seville,2018-02-18,11.390000000000043
Seville,2018-02-19,10.973333333333358
Seville,2018-02-20,11.097291666666706
Seville,2018-02-21,11.714333333333343
Seville,2018-02-22,9.120833333333337
Seville,2018-02-23,8.228041666666684
Seville,2018-02-24,9.09916666666669
Seville,2018-02-25,11.640000000000043
Seville,2018-02-26,10.862083333333374
Seville,2018-02-27,14.327916666666681
Seville,2018-02-28,14.020208333333358
Seville,2018-03-01,15.096666666666692
Seville,2018-03-02,14.262916666666683
Seville,2018-03-03,13.99875000000003
Seville,2018-03-04,13.531666666666695
Seville,2018-03-05,12.880000000000052
Seville,2018-03-06,11.434583333333364
Seville,2018-03-07,10.728749999999991
Seville,2018-03-08,15.439166666666722
Seville,2018-03-09,15.095416666666665
Seville,2018-03-10,16.043750000000045
Seville,2018-03-11,12.74333333333334
Seville,2018-03-12,12.747916666666697
Seville,2018-03-13,15.460000000000036
Seville,2018-03-14,15.163333333333355
Seville,2018-03-15,12.973333333333358
Seville,2018-03-16,10.508333333333326
Seville,2018-03-17,11.135000000000048
Seville,2018-03-18,11.787083333333328
Seville,2018-03-19,11.699166666666713
Seville,2018-03-20,9.770833333333371
Seville,2018-03-21,9.058750000000032
Seville,2018-03-22,9.550833333333344
Seville,2018-03-23,10.349583333333385
Seville,2018-03-24,12.734041666666712
Seville,2018-03-25,12.4621739130435
Seville,2018-03-26,11.734791666666695
Seville,2018-03-27,14.174166666666679
Seville,2018-03-28,15.833750000000009
Seville,2018-03-29,13.49666666666667
Seville,2018-03-30,12.149166666666702
Seville,2018-03-31,12.790833333333353
Seville,2018-04-01,14.475000000000023
Seville,2018-04-02,14.21208333333334
Seville,2018-04-03,15.802500000000009
Seville,2018-04-04,15.109166666666681
Seville,2018-04-05,16.07791666666668
Seville,2018-04-06,15.415416666666658
Seville,2018-04-07,12.989583333333371
Seville,2018-04-08,12.64958333333334
Seville,2018-04-09,11.083333333333371
Seville,2018-04-10,10.85420833333336
Seville,2018-04-11,11.797500000000014
Seville,2018-04-12,11.281666666666695
Seville,2018-04-13,10.9016666666667
Seville,2018-04-14,12.44833333333338
Seville,2018-04-15,13.606666666666683
Seville,2018-04-16,13.970000000000027
Seville,2018-04-17,16.03333333333336
Seville,2018-04-18,18.352083333333326
Seville,2018-04-19,18.908749999999998
Seville,2018-04-20,18.981250000000045
Seville,2018-04-21,18.17708333333337
Seville,2018-04-22,18.25333333333333
Seville,2018-04-23,20.49208333333337
Seville,2018-04-24,20.03687500000001
Seville,2018-04-25,18.78458333333333
Seville,2018-04-26,18.517083333333346
Seville,2018-04-27,18.564999999999998
Seville,2018-04-28,15.166250000000048
Seville,2018-04-29,13.00875000000002
Seville,2018-04-30,12.203750000000014
Seville,2018-05-01,11.933750000000032
Seville,2018-05-02,12.962125000000015
Seville,2018-05-03,15.226458333333369
Seville,2018-05-04,16.72083333333336
Seville,2018-05-05,17.864166666666677
Seville,2018-05-06,19.999583333333362
Seville,2018-05-07,20.039625
Seville,2018-05-08,19.152083333333337
Seville,2018-05-09,17.351312500000006
Seville,2018-05-10,18.08375000000001
Seville,2018-05-11,16.74208333333337
Seville,2018-05-12,17.635416666666686
Seville,2018-05-13,15.641666666666708
Seville,2018-05-14,17.502500000000055
Seville,2018-05-15,20.870833333333337
Seville,2018-05-16,20.84375
Seville,2018-05-17,20.395416666666677
Seville,2018-05-18,19.38041666666669
Seville,2018-05-19,19.03000000000003
Seville,2018-05-20,17.697916666666686
Seville,2018-05-21,18.531666666666695
Seville,2018-05-22,18.881666666666717
Seville,2018-05-23,20.261250000000018
Seville,2018-05-24,18.35458333333338
Seville,2018-05-25,17.190416666666692
Seville,2018-05-26,18.691250000000025
Seville,2018-05-27,18.797500000000014
Seville,2018-05-28,19.16691666666668
Seville,2018-05-29,16.945833333333383
Seville,2018-05-30,18.317500000000052
Seville,2018-05-31,19.122916666666697
Seville,2018-06-01,19.765625
Seville,2018-06-02,17.88041666666669
Seville,2018-06-03,19.340000000000032
Seville,2018-06-04,18.321666666666715
Seville,2018-06-05,18.45500000000004
Seville,2018-06-06,18.511250000000018
Seville,2018-06-07,19.060416666666697
Seville,2018-06-08,17.359583333333376
Seville,2018-06-09,18.09916666666669
Seville,2018-06-10,18.85041666666666
Seville,2018-06-11,19.177916666666704
Seville,2018-06-12,20.168958333333364
Seville,2018-06-13,22.03875000000005
Seville,2018-06-14,23.036250000000052
Seville,2018-06-15,24.9375
Seville,2018-06-16,25.421250000000043
Seville,2018-06-17,26.569583333333355
Seville,2018-06-18,27.772500000000036
Seville,2018-06-19,26.450416666666683
Seville,2018-06-20,25.565416666666692
Seville,2018-06-21,25.004166666666663
Seville,2018-06-22,25.746250000000032
Seville,2018-06-23,26.00333333333333
Seville,2018-06-24,25.3079166666667
Seville,2018-06-25,22.991250000000036
Seville,2018-06-26,23.11708333333337
Seville,2018-06-27,23.687500000000057
Seville,2018-06-28,22.421875
Seville,2018-06-29,22.356250000000045
Seville,2018-06-30,21.26750000000004
Seville,2018-07-01,21.557875000000024
Seville,2018-07-02,21.92166666666668
Seville,2018-07-03,23.69833333333338
Seville,2018-07-04,22.4329166666667
Seville,2018-07-05,23.881666666666717
Seville,2018-07-06,25.300833333333344
Seville,2018-07-07,27.010000000000048
Seville,2018-07-08,27.0625
Seville,2018-07-09,27.831666666666706
Seville,2018-07-10,25.134583333333353
Seville,2018-07-11,22.814166666666665
Seville,2018-07-12,21.910833333333358
Seville,2018-07-13,22.072083333333353
Seville,2018-07-14,21.741250000000036
Seville,2018-07-15,21.06458333333336
Seville,2018-07-16,23.666666666666686
Seville,2018-07-17,26.590833333333364
Seville,2018-07-18,25.325000000000045
Seville,2018-07-19,24.771666666666704
Seville,2018-07-20,25.13375000000002
Seville,2018-07-21,25.433750000000032
Seville,2018-07-22,24.781666666666695
Seville,2018-07-23,25.158749999999998
Seville,2018-07-24,24.232500000000016
Seville,2018-07-25,24.17041666666671
Seville,2018-07-26,23.48625000000004
Seville,2018-07-27,24.83583333333337
Seville,2018-07-28,25.475000000000023
Seville,2018-07-29,24.07916666666671
Seville,2018-07-30,24.243750000000034
Seville,2018-07-31,27.191250000000025
Seville,2018-08-01,30.777083333333337
Seville,2018-08-02,33.16916666666668
Seville,2018-08-03,32.78208333333339
Seville,2018-08-04,32.39291666666668
Seville,2018-08-05,30.95666666666665
Seville,2018-08-06,31.575416666666683
Seville,2018-08-07,31.658218750000003
Seville,2018-08-08,27.757083333333355
Seville,2018-08-09,25.39625000000001
Seville,2018-08-10,27.35250000000002
Seville,2018-08-11,28.92083333333335
Seville,2018-08-12,29.163333333333355
Seville,2018-08-13,27.02083333333337
Seville,2018-08-14,25.61458333333337
Seville,2018-08-15,23.582083333333344
Seville,2018-08-16,23.6804166666667
Seville,2018-08-17,26.105416666666656
Seville,2018-08-18,29.28125
Seville,2018-08-19,29.67958333333337
Seville,2018-08-20,29.77208333333334
Seville,2018-08-21,29.51029166666666
Seville,2018-08-22,29.400874999999985
Seville,2018-08-23,29.070416666666688
Seville,2018-08-24,29.313750000000027
Seville,2018-08-25,28.754166666666663
Seville,2018-08-26,28.254583333333358
Seville,2018-08-27,28.780416666666667
Seville,2018-08-28,27.291250000000048
Seville,2018-08-29,24.939166666666665
Seville,2018-08-30,25.562500000000057
Seville,2018-08-31,29.38708333333335
Seville,2018-09-01,29.08125000000001
Seville,2018-09-02,28.856666666666683
Seville,2018-09-03,24.45291666666668
Seville,2018-09-04,23.339583333333337
Seville,2018-09-05,23.036250000000052
Seville,2018-09-06,22.893333333333374
Seville,2018-09-07,22.882499999999993
Seville,2018-09-08,21.702500000000043
Seville,2018-09-09,23.676666666666677
Seville,2018-09-10,25.278750000000002
Seville,2018-09-11,27.320416666666688
Seville,2018-09-12,26.830833333333374
Seville,2018-09-13,24.92041666666671
Seville,2018-09-14,23.16833333333335
Seville,2018-09-15,22.688333333333333
Seville,2018-09-16,25.466666666666697
Seville,2018-09-17,26.110000000000014
Seville,2018-09-18,26.2116666666667
Seville,2018-09-19,26.69166666666672
Seville,2018-09-20,26.22625000000005
Seville,2018-09-21,26.619166666666672
Seville,2018-09-22,28.200833333333378
Seville,2018-09-23,28.79875000000004
Seville,2018-09-24,28.459166666666704
Seville,2018-09-25,27.473749999999995
Seville,2018-09-26,27.763333333333378
Seville,2018-09-27,26.700000000000045
Seville,2018-09-28,25.134166666666715
Seville,2018-09-29,24.350000000000023
Seville,2018-09-30,24.70208333333335
Seville,2018-10-01,24.85374999999999
Seville,2018-10-02,24.572500000000048
Seville,2018-10-03,23.37833333333333
Seville,2018-10-04,24.306250000000034
Seville,2018-10-05,23.04666666666668
Seville,2018-10-06,22.6804166666667
Seville,2018-10-07,23.466250000000002
Seville,2018-10-08,20.83333333333337
Seville,2018-10-09,20.151250000000005
Seville,2018-10-10,21.095416666666665
Seville,2018-10-11,21.657500000000027
Seville,2018-10-12,23.189166666666665
Seville,2018-10-13,22.850000000000023
Seville,2018-10-14,19.372500000000002
Seville,2018-10-15,14.921250000000043
Seville,2018-10-16,18.1491666666667
Seville,2018-10-17,18.61375000000004
Seville,2018-10-18,15.693750000000023
Seville,2018-10-19,15.923750000000041
Seville,2018-10-20,15.545833333333348
Seville,2018-10-21,17.39041666666668
Seville,2018-10-22,19.375
Seville,2018-10-23,19.692499999999995
Seville,2018-10-24,19.63583333333338
Seville,2018-10-25,18.91500000000002
Seville,2018-10-26,16.627916666666692
Seville,2018-10-27,16.89708333333334
Seville,2018-10-28,11.489600000000053
Seville,2018-10-29,10.446666666666715
Seville,2018-10-30,12.367083333333369
Seville,2018-10-31,10.410000000000025
Seville,2018-11-01,11.869583333333367
Seville,2018-11-02,13.312916666666695
Seville,2018-11-03,13.989583333333371
Seville,2018-11-04,12.542916666666713
Seville,2018-11-05,14.239166666666677
Seville,2018-11-06,11.975000000000023
Seville,2018-11-07,14.68083333333334
Seville,2018-11-08,14.838750000000005
Seville,2018-11-09,12.565854166666725
Seville,2018-11-10,14.020416666666677
Seville,2018-11-11,17.55916666666667
Seville,2018-11-12,14.78125
Seville,2018-11-13,15.287500000000023
Seville,2018-11-14,17.29541666666671
Seville,2018-11-15,16.040416666666715
Seville,2018-11-16,15.622083333333364
Seville,2018-11-17,15.065416666666692
Seville,2018-11-18,14.919139322916692
Seville,2018-11-19,13.86804166666667
Seville,2018-11-20,14.213750000000005
Seville,2018-11-21,13.93958333333336
Seville,2018-11-22,13.110416666666708
Seville,2018-11-23,13.304583333333369
Seville,2018-11-24,11.827916666666681
Seville,2018-11-25,15.78208333333339
Seville,2018-11-26,12.885166666666692
Seville,2018-11-27,10.644583333333344
Seville,2018-11-28,10.287083333333385
Seville,2018-11-29,10.407083333333333
Seville,2018-11-30,14.076250000000016
Seville,2018-12-01,10.530833333333362
Seville,2018-12-02,11.340000000000032
Seville,2018-12-03,12.359166666666681
Seville,2018-12-04,13.562083333333362
Seville,2018-12-05,13.337500000000034
Seville,2018-12-06,13.822916666666686
Seville,2018-12-07,12.726249999999993
Seville,2018-12-08,11.81791666666669
Seville,2018-12-09,12.8079166666667
Seville,2018-12-10,14.205416666666679
Seville,2018-12-11,12.100000000000023
Seville,2018-12-12,14.400416666666672
Seville,2018-12-13,13.077500000000043
Seville,2018-12-14,9.749583333333362
Seville,2018-12-15,9.338750000000005
Seville,2018-12-16,9.548750000000041
Seville,2018-12-17,10.629166666666663
Seville,2018-12-18,9.586250000000007
Seville,2018-12-19,13.164583333333383
Seville,2018-12-20,11.229166666666686
Seville,2018-12-21,10.586687500000039
Seville,2018-12-22,10.840833333333364
Seville,2018-12-23,9.900000000000034
Seville,2018-12-24,9.263333333333378
Seville,2018-12-25,9.585416666666674
Seville,2018-12-26,8.802916666666704
Seville,2018-12-27,8.574375000000032
Seville,2018-12-28,8.755833333333385
Seville,2018-12-29,10.027500000000032
Seville,2018-12-30,12.483333333333348
Seville,2018-12-31,11.494166666666672
Valencia,2015-01-01,2.8055703125000377
Valencia,2015-01-02,3.588833333333355
Valencia,2015-01-03,5.894010416666674
Valencia,2015-01-04,6.216666666666697
Valencia,2015-01-05,5.590520833333358
Valencia,2015-01-06,4.959535156250013
Valencia,2015-01-07,7.218890625000029
Valencia,2015-01-08,7.636375000000044
Valencia,2015-01-09,8.45479557291668
Valencia,2015-01-10,13.831131510416697
Valencia,2015-01-11,13.406930989583373
Valencia,2015-01-12,9.829166666666708
Valencia,2015-01-13,11.520833333333371
Valencia,2015-01-14,13.03333333333336
Valencia,2015-01-15,12.393660156250007
Valencia,2015-01-16,11.433486979166673
Valencia,2015-01-17,8.12916666666672
Valencia,2015-01-18,6.84375
Valencia,2015-01-19,5.971727864583386
Valencia,2015-01-20,4.791666666666686
Valencia,2015-01-21,6.081207031250017
Valencia,2015-01-22,7.538791666666668
Valencia,2015-01-23,8.262895833333346
Valencia,2015-01-24,8.038222656250014
Valencia,2015-01-25,11.074937500000033
Valencia,2015-01-26,7.139499999999998
Valencia,2015-01-27,9.16252083333336
Valencia,2015-01-28,8.80053776041666
Valencia,2015-01-29,10.636746093750048
Valencia,2015-01-30,15.9581744791667
Valencia,2015-01-31,11.570812500000045
Valencia,2015-02-01,7.185812500000054
Valencia,2015-02-02,7.337895833333334
Valencia,2015-02-03,9.438678385416722
Valencia,2015-02-04,5.662500000000023
Valencia,2015-02-05,5.4265625000000455
Valencia,2015-02-06,4.396214843750045
Valencia,2015-02-07,3.1083333333333485
Valencia,2015-02-08,4.783104166666703
Valencia,2015-02-09,5.408375000000035
Valencia,2015-02-10,7.868750000000034
Valencia,2015-02-11,8.33114583333338
Valencia,2015-02-12,8.195833333333383
Valencia,2015-02-13,10.742541666666682
Valencia,2015-02-14,12.40833333333336
Valencia,2015-02-15,14.14698177083335
Valencia,2015-02-16,12.373347656250019
Valencia,2015-02-17,10.17024869791669
Valencia,2015-02-18,10.234770833333357
Valencia,2015-02-19,9.580354166666666
Valencia,2015-02-20,10.489041666666708
Valencia,2015-02-21,9.952083333333348
Valencia,2015-02-22,11.525000000000034
Valencia,2015-02-23,13.762500000000045
Valencia,2015-02-24,11.225000000000023
Valencia,2015-02-25,13.2928541666667
Valencia,2015-02-26,16.425708333333375
Valencia,2015-02-27,12.256837239583376
Valencia,2015-02-28,10.881937500000049
Valencia,2015-03-01,15.811833333333368
Valencia,2015-03-02,17.208125000000052
Valencia,2015-03-03,15.147916666666674
Valencia,2015-03-04,14.821375000000046
Valencia,2015-03-05,11.936916666666718
Valencia,2015-03-06,10.217104166666672
Valencia,2015-03-07,12.8938541666667
Valencia,2015-03-08,10.405500000000018
Valencia,2015-03-09,12.329499999999996
Valencia,2015-03-10,12.02596223958335
Valencia,2015-03-11,11.935744791666707
Valencia,2015-03-12,13.424334635416699
Valencia,2015-03-13,10.122063802083346
Valencia,2015-03-14,8.535199218750051
Valencia,2015-03-15,7.098618489583373
Valencia,2015-03-16,6.817033854166709
Valencia,2015-03-17,5.89847526041666
Valencia,2015-03-18,8.349522135416692
Valencia,2015-03-19,9.916216145833346
Valencia,2015-03-20,10.24112630208333
Valencia,2015-03-21,10.868384114583364
Valencia,2015-03-22,9.53484505208337
Valencia,2015-03-23,9.587748697916709
Valencia,2015-03-24,10.21981119791667
Valencia,2015-03-25,7.052377604166679
Valencia,2015-03-26,9.619037760416688
Valencia,2015-03-27,15.99243880208337
Valencia,2015-03-28,17.86772395833333
Valencia,2015-03-29,16.116039402173953
Valencia,2015-03-30,19.813458333333358
Valencia,2015-03-31,18.76969010416667
Valencia,2015-04-01,15.381000000000029
Valencia,2015-04-02,12.884102864583383
Valencia,2015-04-03,14.17623046875002
Valencia,2015-04-04,13.072751302083361
Valencia,2015-04-05,12.03943750000002
Valencia,2015-04-06,11.902291666666713
Valencia,2015-04-07,9.90177083333333
Valencia,2015-04-08,10.07214973958338
Valencia,2015-04-09,9.007834635416714
Valencia,2015-04-10,10.3395625
Valencia,2015-04-11,9.374204427083384
Valencia,2015-04-12,11.611855468750036
Valencia,2015-04-13,11.537691406250019
Valencia,2015-04-14,12.207795572916666
Valencia,2015-04-15,12.794250000000034
Valencia,2015-04-16,14.839958333333357
Valencia,2015-04-17,17.417897135416695
Valencia,2015-04-18,15.003459635416675
Valencia,2015-04-19,15.277417968750001
Valencia,2015-04-20,12.836626302083346
Valencia,2015-04-21,12.469458333333364
Valencia,2015-04-22,13.219187500000032
Valencia,2015-04-23,14.559666666666715
Valencia,2015-04-24,15.867416666666713
Valencia,2015-04-25,19.160208333333344
Valencia,2015-04-26,18.2970416666667
Valencia,2015-04-27,17.400665364583347
Valencia,2015-04-28,17.05995572916669
Valencia,2015-04-29,16.674447916666736
Valencia,2015-04-30,16.39129166666669
Valencia,2015-05-01,20.880166666666696
Valencia,2015-05-02,22.976041666666674
Valencia,2015-05-03,23.140750000000025
Valencia,2015-05-04,21.719229166666707
Valencia,2015-05-05,21.97435416666667
Valencia,2015-05-06,19.09270833333335
Valencia,2015-05-07,16.655229166666686
Valencia,2015-05-08,19.252333333333354
Valencia,2015-05-09,19.73264583333338
Valencia,2015-05-10,17.86458333333337
Valencia,2015-05-11,16.754208333333395
Valencia,2015-05-12,18.25952083333334
Valencia,2015-05-13,21.82764583333335
Valencia,2015-05-14,28.57533333333339
Valencia,2015-05-15,22.886583333333363
Valencia,2015-05-16,19.99760416666669
Valencia,2015-05-17,18.68043750000004
Valencia,2015-05-18,18.332791666666708
Valencia,2015-05-19,15.41468750000007
Valencia,2015-05-20,15.252833333333342
Valencia,2015-05-21,15.759666666666703
Valencia,2015-05-22,14.128270833333374
Valencia,2015-05-23,15.883916666666664
Valencia,2015-05-24,15.840729166666677
Valencia,2015-05-25,17.531854166666733
Valencia,2015-05-26,18.926906250000002
Valencia,2015-05-27,17.81504166666673
Valencia,2015-05-28,17.985291666666683
Valencia,2015-05-29,17.257875000000013
Valencia,2015-05-30,18.572625000000016
Valencia,2015-05-31,18.646208333333334
Valencia,2015-06-01,20.309583333333364
Valencia,2015-06-02,22.12166666666667
Valencia,2015-06-03,22.176416666666682
Valencia,2015-06-04,19.31800000000004
Valencia,2015-06-05,20.336250000000064
Valencia,2015-06-06,20.55933333333337
Valencia,2015-06-07,20.569500000000005
Valencia,2015-06-08,21.930083333333357
Valencia,2015-06-09,24.495000000000005
Valencia,2015-06-10,23.137916666666683
Valencia,2015-06-11,20.451833333333354
Valencia,2015-06-12,21.462666666666678
Valencia,2015-06-13,19.981458333333364
Valencia,2015-06-14,19.31695833333339
Valencia,2015-06-15,19.48666666666668
Valencia,2015-06-16,19.567499999999995
Valencia,2015-06-17,20.962500000000034
Valencia,2015-06-18,21.888208333333353
Valencia,2015-06-19,23.20300000000003
Valencia,2015-06-20,21.912291666666704
Valencia,2015-06-21,22.458791666666684
Valencia,2015-06-22,23.968416666666712
Valencia,2015-06-23,24.208500000000015
Valencia,2015-06-24,22.18937500000004
Valencia,2015-06-25,22.027083333333337
Valencia,2015-06-26,26.192083333333358
Valencia,2015-06-27,27.297083333333376
Valencia,2015-06-28,27.117500000000007
Valencia,2015-06-29,26.242500000000007
Valencia,2015-06-30,26.725833333333355
Valencia,2015-07-01,25.712500000000034
Valencia,2015-07-02,25.466666666666697
Valencia,2015-07-03,25.69500000000005
Valencia,2015-07-04,26.464583333333337
Valencia,2015-07-05,27.453333333333376
Valencia,2015-07-06,28.007916666666688
Valencia,2015-07-07,29.980000000000018
Valencia,2015-07-08,28.115416666666704
Valencia,2015-07-09,26.22208333333333
Valencia,2015-07-10,27.032500000000027
Valencia,2015-07-11,25.511250000000018
Valencia,2015-07-12,26.442500000000052
Valencia,2015-07-13,27.020416666666677
Valencia,2015-07-14,26.95500000000004
Valencia,2015-07-15,26.341250000000002
Valencia,2015-07-16,27.118750000000034
Valencia,2015-07-17,27.414583333333383
Valencia,2015-07-18,26.431666666666672
Valencia,2015-07-19,26.289583333333383
Valencia,2015-07-20,27.080833333333374
Valencia,2015-07-21,27.915833333333353
Valencia,2015-07-22,27.1829166666667
Valencia,2015-07-23,26.5579166666667
Valencia,2015-07-24,29.43958333333336
Valencia,2015-07-25,27.197083333333353
Valencia,2015-07-26,27.572083333333353
Valencia,2015-07-27,28.444583333333355
Valencia,2015-07-28,27.372916666666697
Valencia,2015-07-29,28.01541666666668
Valencia,2015-07-30,25.944583333333355
Valencia,2015-07-31,25.043750000000045
Valencia,2015-08-01,22.9016666666667
Valencia,2015-08-02,24.507916666666688
Valencia,2015-08-03,26.50750000000005
Valencia,2015-08-04,26.930000000000007
Valencia,2015-08-05,27.282916666666665
Valencia,2015-08-06,27.24083333333334
Valencia,2015-08-07,28.078750000000014
Valencia,2015-08-08,25.362916666666706
Valencia,2015-08-09,24.09375
Valencia,2015-08-10,25.46875
Valencia,2015-08-11,26.767083333333346
Valencia,2015-08-12,27.022916666666674
Valencia,2015-08-13,28.041250000000048
Valencia,2015-08-14,25.439166666666665
Valencia,2015-08-15,22.435000000000002
Valencia,2015-08-16,22.797083333333376
Valencia,2015-08-17,24.4329166666667
Valencia,2015-08-18,23.226666666666688
Valencia,2015-08-19,23.625
Valencia,2015-08-20,25.58375000000001
Valencia,2015-08-21,25.508333333333383
Valencia,2015-08-22,24.572083333333353
Valencia,2015-08-23,25.5891666666667
Valencia,2015-08-24,25.43083333333334
Valencia,2015-08-25,24.14625000000001
Valencia,2015-08-26,24.873333333333335
Valencia,2015-08-27,25.725833333333355
Valencia,2015-08-28,25.61250000000001
Valencia,2015-08-29,25.505833333333328
Valencia,2015-08-30,25.35041666666666
Valencia,2015-08-31,25.54916666666668
Valencia,2015-09-01,24.13079166666671
Valencia,2015-09-02,23.984583333333376
Valencia,2015-09-03,23.87166666666667
Valencia,2015-09-04,20.75208333333336
Valencia,2015-09-05,20.08000000000004
Valencia,2015-09-06,19.382083333333355
Valencia,2015-09-07,18.70416666666671
Valencia,2015-09-08,19.612916666666706
Valencia,2015-09-09,20.133333333333383
Valencia,2015-09-10,22.443333333333385
Valencia,2015-09-11,23.43625000000003
Valencia,2015-09-12,22.148750000000007
Valencia,2015-09-13,23.262500000000045
Valencia,2015-09-14,23.76458333333335
Valencia,2015-09-15,22.5
Valencia,2015-09-16,24.588333333333367
Valencia,2015-09-17,22.47208333333333
Valencia,2015-09-18,19.91833333333335
Valencia,2015-09-19,20.310000000000002
Valencia,2015-09-20,21.450833333333378
Valencia,2015-09-21,22.168750000000045
Valencia,2015-09-22,21.628750000000025
Valencia,2015-09-23,21.207916666666677
Valencia,2015-09-24,20.269166666666706
Valencia,2015-09-25,20.73666666666668
Valencia,2015-09-26,19.75
Valencia,2015-09-27,18.43625000000003
Valencia,2015-09-28,17.251666666666665
Valencia,2015-09-29,16.770416666666677
Valencia,2015-09-30,18.56916666666666
Valencia,2015-10-01,18.73541666666671
Valencia,2015-10-02,19.03666666666669
Valencia,2015-10-03,19.382083333333355
Valencia,2015-10-04,20.23416666666668
Valencia,2015-10-05,23.03666666666669
Valencia,2015-10-06,22.443750000000023
Valencia,2015-10-07,19.339583333333337
Valencia,2015-10-08,16.973333333333358
Valencia,2015-10-09,18.228750000000048
Valencia,2015-10-10,17.515000000000043
Valencia,2015-10-11,18.80916666666667
Valencia,2015-10-12,19.641250000000014
Valencia,2015-10-13,16.443333333333385
Valencia,2015-10-14,15.094583333333333
Valencia,2015-10-15,13.567083333333358
Valencia,2015-10-16,15.623333333333335
Valencia,2015-10-17,18.66500000000002
Valencia,2015-10-18,20.625
Valencia,2015-10-19,19.333333333333314
Valencia,2015-10-20,17.125833333333333
Valencia,2015-10-21,14.395000000000039
Valencia,2015-10-22,14.03791666666666
Valencia,2015-10-23,15.229583333333323
Valencia,2015-10-24,16.708333333333314
Valencia,2015-10-25,17.720000000000027
Valencia,2015-10-26,18.041666666666686
Valencia,2015-10-27,18.229166666666686
Valencia,2015-10-28,17.28268750000001
Valencia,2015-10-29,19.04695833333335
Valencia,2015-10-30,17.219833333333327
Valencia,2015-10-31,17.414583333333326
Valencia,2015-11-01,17.851791666666657
Valencia,2015-11-02,16.238541666666663
Valencia,2015-11-03,15.252416666666704
Valencia,2015-11-04,16.969562499999995
Valencia,2015-11-05,19.515104166666674
Valencia,2015-11-06,17.802666666666653
Valencia,2015-11-07,17.11612500000001
Valencia,2015-11-08,15.935249999999996
Valencia,2015-11-09,14.778875000000028
Valencia,2015-11-10,14.668583333333345
Valencia,2015-11-11,14.454208333333327
Valencia,2015-11-12,13.747000000000014
Valencia,2015-11-13,15.619208333333347
Valencia,2015-11-14,15.059583333333308
Valencia,2015-11-15,13.302750000000003
Valencia,2015-11-16,13.38985546875
Valencia,2015-11-17,13.185354166666684
Valencia,2015-11-18,12.728576822916693
Valencia,2015-11-19,14.448500000000024
Valencia,2015-11-20,17.397354166666673
Valencia,2015-11-21,16.78422916666665
Valencia,2015-11-22,10.980895833333307
Valencia,2015-11-23,7.492479166666669
Valencia,2015-11-24,8.70189583333331
Valencia,2015-11-25,14.456583333333356
Valencia,2015-11-26,16.621125000000006
Valencia,2015-11-27,14.687229166666668
Valencia,2015-11-28,13.19445833333333
Valencia,2015-11-29,9.856333333333339
Valencia,2015-11-30,9.417958333333331
Valencia,2015-12-01,8.851625000000013
Valencia,2015-12-02,8.526833333333343
Valencia,2015-12-03,9.280313802083356
Valencia,2015-12-04,10.019604166666682
Valencia,2015-12-05,11.038520833333337
Valencia,2015-12-06,13.630833333333328
Valencia,2015-12-07,13.750229166666657
Valencia,2015-12-08,12.867541666666682
Valencia,2015-12-09,13.296485677083353
Valencia,2015-12-10,13.081014322916701
Valencia,2015-12-11,12.273250000000019
Valencia,2015-12-12,12.694291666666686
Valencia,2015-12-13,12.19872916666668
Valencia,2015-12-14,11.799799479166666
Valencia,2015-12-15,14.173882812499983
Valencia,2015-12-16,13.506945312500022
Valencia,2015-12-17,11.889333333333354
Valencia,2015-12-18,10.230625000000032
Valencia,2015-12-19,9.919041666666715
Valencia,2015-12-20,9.720229166666684
Valencia,2015-12-21,9.146749999999997
Valencia,2015-12-22,9.706375000000037
Valencia,2015-12-23,8.669208333333358
Valencia,2015-12-24,10.188958333333346
Valencia,2015-12-25,8.802729166666666
Valencia,2015-12-26,10.079166666666708
Valencia,2015-12-27,8.763125000000002
Valencia,2015-12-28,11.104250000000036
Valencia,2015-12-29,11.52066666666667
Valencia,2015-12-30,9.874250000000018
Valencia,2015-12-31,12.532541666666702
Valencia,2016-01-01,12.8631666666667
Valencia,2016-01-02,12.15270833333335
Valencia,2016-01-03,10.822500000000048
Valencia,2016-01-04,16.004791666666677
Valencia,2016-01-05,11.238916666666682
Valencia,2016-01-06,8.342104166666672
Valencia,2016-01-07,13.836333333333357
Valencia,2016-01-08,14.412395833333335
Valencia,2016-01-09,14.343541666666681
Valencia,2016-01-10,15.136000000000024
Valencia,2016-01-11,16.380729166666697
Valencia,2016-01-12,11.748229166666704
Valencia,2016-01-13,9.616000000000042
Valencia,2016-01-14,12.765416666666681
Valencia,2016-01-15,11.662708333333342
Valencia,2016-01-16,8.971249999999998
Valencia,2016-01-17,6.101729166666701
Valencia,2016-01-18,11.052250000000015
Valencia,2016-01-19,10.00504166666667
Valencia,2016-01-20,9.903541666666683
Valencia,2016-01-21,9.777958333333345
Valencia,2016-01-22,10.443333333333328
Valencia,2016-01-23,11.789583333333383
Valencia,2016-01-24,11.631729166666673
Valencia,2016-01-25,12.12345833333336
Valencia,2016-01-26,12.142250000000047
Valencia,2016-01-27,12.808416666666687
Valencia,2016-01-28,12.925312500000018
Valencia,2016-01-29,13.251041666666708
Valencia,2016-01-30,13.005528645833351
Valencia,2016-01-31,14.068869791666714
Valencia,2016-02-01,14.135395833333348
Valencia,2016-02-02,11.999375000000043
Valencia,2016-02-03,12.311312500000042
Valencia,2016-02-04,9.206270833333349
Valencia,2016-02-05,9.091875000000016
Valencia,2016-02-06,12.012500000000045
Valencia,2016-02-07,13.68833333333339
Valencia,2016-02-08,14.435000000000002
Valencia,2016-02-09,15.988333333333344
Valencia,2016-02-10,17.487208333333342
Valencia,2016-02-11,16.912937499999998
Valencia,2016-02-12,17.20075651041668
Valencia,2016-02-13,19.678458333333367
Valencia,2016-02-14,14.922666666666714
Valencia,2016-02-15,10.895000000000039
Valencia,2016-02-16,7.695777343750024
Valencia,2016-02-17,7.106367187500041
Valencia,2016-02-18,10.144756510416698
Valencia,2016-02-19,8.824438802083364
Valencia,2016-02-20,7.977957031250014
Valencia,2016-02-21,9.457916666666677
Valencia,2016-02-22,13.945583333333332
Valencia,2016-02-23,14.552916666666704
Valencia,2016-02-24,13.765833333333376
Valencia,2016-02-25,14.994166666666672
Valencia,2016-02-26,12.254000000000019
Valencia,2016-02-27,8.970333333333372
Valencia,2016-02-28,11.035916666666708
Valencia,2016-02-29,12.54562500000003
Valencia,2016-03-01,12.033125000000041
Valencia,2016-03-02,16.385645833333342
Valencia,2016-03-03,14.751875000000041
Valencia,2016-03-04,14.835729166666681
Valencia,2016-03-05,12.87731770833335
Valencia,2016-03-06,11.160770833333345
Valencia,2016-03-07,8.507729166666707
Valencia,2016-03-08,10.095583333333366
Valencia,2016-03-09,10.523007812500055
Valencia,2016-03-10,10.372535156250024
Valencia,2016-03-11,10.312937500000032
Valencia,2016-03-12,9.412875000000042
Valencia,2016-03-13,9.82362500000005
Valencia,2016-03-14,10.601333333333343
Valencia,2016-03-15,10.804729166666675
Valencia,2016-03-16,11.955416666666679
Valencia,2016-03-17,10.766500000000008
Valencia,2016-03-18,11.896875000000023
Valencia,2016-03-19,12.2141666666667
Valencia,2016-03-20,12.396666666666704
Valencia,2016-03-21,11.879687500000045
Valencia,2016-03-22,13.143708333333336
Valencia,2016-03-23,13.40470833333336
Valencia,2016-03-24,13.033312500000022
Valencia,2016-03-25,16.035020833333363
Valencia,2016-03-26,17.25970833333338
Valencia,2016-03-27,17.735152173913093
Valencia,2016-03-28,16.107291666666697
Valencia,2016-03-29,18.52325000000002
Valencia,2016-03-30,14.836520833333338
Valencia,2016-03-31,15.064166666666665
Valencia,2016-04-01,12.288312500000018
Valencia,2016-04-02,12.846645833333355
Valencia,2016-04-03,14.29400000000004
Valencia,2016-04-04,14.570854166666663
Valencia,2016-04-05,13.023958333333383
Valencia,2016-04-06,15.904541666666717
Valencia,2016-04-07,16.567499999999995
Valencia,2016-04-08,15.49683333333337
Valencia,2016-04-09,16.57935416666669
Valencia,2016-04-10,16.46208333333334
Valencia,2016-04-11,16.9089166666667
Valencia,2016-04-12,17.388916666666717
Valencia,2016-04-13,18.496729166666682
Valencia,2016-04-14,18.532916666666665
Valencia,2016-04-15,17.25493750000004
Valencia,2016-04-16,20.458124999999995
Valencia,2016-04-17,20.118250000000046
Valencia,2016-04-18,16.272041666666667
Valencia,2016-04-19,14.889520833333336
Valencia,2016-04-20,15.16833333333335
Valencia,2016-04-21,17.740416666666647
Valencia,2016-04-22,15.606666666666683
Valencia,2016-04-23,16.29714583333333
Valencia,2016-04-24,16.579583333333346
Valencia,2016-04-25,14.32895833333339
Valencia,2016-04-26,15.940480468750025
Valencia,2016-04-27,14.846166666666704
Valencia,2016-04-28,13.108177083333374
Valencia,2016-04-29,12.35458333333338
Valencia,2016-04-30,15.32666666666671
Valencia,2016-05-01,13.587916666666672
Valencia,2016-05-02,14.772500000000036
Valencia,2016-05-03,17.606666666666683
Valencia,2016-05-04,16.81916666666666
Valencia,2016-05-05,14.605416666666713
Valencia,2016-05-06,15.122083333333364
Valencia,2016-05-07,15.596250000000055
Valencia,2016-05-08,14.340833333333364
Valencia,2016-05-09,14.179166666666674
Valencia,2016-05-10,13.106250000000045
Valencia,2016-05-11,16.629166666666663
Valencia,2016-05-12,16.856250000000045
Valencia,2016-05-13,16.60583333333335
Valencia,2016-05-14,18.28541666666672
Valencia,2016-05-15,19.184583333333364
Valencia,2016-05-16,18.140833333333376
Valencia,2016-05-17,17.095000000000027
Valencia,2016-05-18,18.750416666666695
Valencia,2016-05-19,20.002916666666692
Valencia,2016-05-20,19.63708333333335
Valencia,2016-05-21,19.267083333333346
Valencia,2016-05-22,20.78791666666666
Valencia,2016-05-23,17.87708333333336
Valencia,2016-05-24,18.459375000000023
Valencia,2016-05-25,19.824729166666714
Valencia,2016-05-26,19.938395833333345
Valencia,2016-05-27,20.705937500000005
Valencia,2016-05-28,21.36479166666669
Valencia,2016-05-29,20.055958333333365
Valencia,2016-05-30,20.108750000000043
Valencia,2016-05-31,19.210416666666674
Valencia,2016-06-01,19.574145833333375
Valencia,2016-06-02,20.008333333333326
Valencia,2016-06-03,20.99970833333333
Valencia,2016-06-04,19.816250000000025
Valencia,2016-06-05,21.098333333333358
Valencia,2016-06-06,22.106250000000045
Valencia,2016-06-07,22.784166666666692
Valencia,2016-06-08,23.853750000000048
Valencia,2016-06-09,24.26750000000004
Valencia,2016-06-10,23.769166666666706
Valencia,2016-06-11,22.150416666666672
Valencia,2016-06-12,23.116250000000036
Valencia,2016-06-13,25.04041666666666
Valencia,2016-06-14,23.933750000000032
Valencia,2016-06-15,23.28725000000003
Valencia,2016-06-16,19.864166666666677
Valencia,2016-06-17,20.425833333333344
Valencia,2016-06-18,21.75875000000002
Valencia,2016-06-19,21.762916666666683
Valencia,2016-06-20,22.489166666666677
Valencia,2016-06-21,22.875416666666695
Valencia,2016-06-22,22.74875000000003
Valencia,2016-06-23,22.159166666666692
Valencia,2016-06-24,22.700000000000045
Valencia,2016-06-25,23.029583333333335
Valencia,2016-06-26,22.323750000000018
Valencia,2016-06-27,22.595416666666665
Valencia,2016-06-28,24.168750000000045
Valencia,2016-06-29,24.776250000000005
Valencia,2016-06-30,24.284166666666692
Valencia,2016-07-01,24.409583333333387
Valencia,2016-07-02,24.96083333333337
Valencia,2016-07-03,23.61250000000001
Valencia,2016-07-04,23.828333333333376
Valencia,2016-07-05,25.278333333333364
Valencia,2016-07-06,25.887916666666683
Valencia,2016-07-07,24.674583333333374
Valencia,2016-07-08,26.08583333333337
Valencia,2016-07-09,26.450416666666683
Valencia,2016-07-10,27.670000000000016
Valencia,2016-07-11,27.064999999999998
Valencia,2016-07-12,25.72208333333333
Valencia,2016-07-13,23.15500000000003
Valencia,2016-07-14,23.964750000000038
Valencia,2016-07-15,22.676125000000013
Valencia,2016-07-16,22.963083333333373
Valencia,2016-07-17,23.134916666666697
Valencia,2016-07-18,23.203458333333344
Valencia,2016-07-19,17.581583333333356
Valencia,2016-07-20,18.368166666666696
Valencia,2016-07-21,25.329541666666728
Valencia,2016-07-22,24.417916666666713
Valencia,2016-07-23,25.394166666666706
Valencia,2016-07-24,25.32708333333335
Valencia,2016-07-25,26.465833333333364
Valencia,2016-07-26,26.580833333333374
Valencia,2016-07-27,26.006250000000023
Valencia,2016-07-28,26.11583333333334
Valencia,2016-07-29,27.185833333333335
Valencia,2016-07-30,28.53125
Valencia,2016-07-31,28.794166666666683
Valencia,2016-08-01,26.1516666666667
Valencia,2016-08-02,26.241666666666674
Valencia,2016-08-03,27.048333333333346
Valencia,2016-08-04,27.789166666666688
Valencia,2016-08-05,25.052916666666704
Valencia,2016-08-06,25.346249999999998
Valencia,2016-08-07,25.569583333333355
Valencia,2016-08-08,25.522916666666674
Valencia,2016-08-09,25.379875000000027
Valencia,2016-08-10,20.122083333333364
Valencia,2016-08-11,22.267083333333346
Valencia,2016-08-12,23.233750000000043
Valencia,2016-08-13,23.448750000000018
Valencia,2016-08-14,23.20958333333334
Valencia,2016-08-15,23.552916666666704
Valencia,2016-08-16,23.452500000000043
Valencia,2016-08-17,26.33375000000001
Valencia,2016-08-18,26.422291666666695
Valencia,2016-08-19,26.919583333333378
Valencia,2016-08-20,26.328333333333376
Valencia,2016-08-21,24.753750000000025
Valencia,2016-08-22,25.35458333333338
Valencia,2016-08-23,24.862083333333374
Valencia,2016-08-24,24.319583333333355
Valencia,2016-08-25,23.805812500000002
Valencia,2016-08-26,23.857500000000016
Valencia,2016-08-27,25.11041666666671
Valencia,2016-08-28,26.19958333333335
Valencia,2016-08-29,25.741250000000036
Valencia,2016-08-30,24.75333333333333
Valencia,2016-08-31,24.29791666666671
Valencia,2016-09-01,24.326145833333385
Valencia,2016-09-02,25.419166666666683
Valencia,2016-09-03,27.02125000000001
Valencia,2016-09-04,28.49083333333334
Valencia,2016-09-05,29.400416666666672
Valencia,2016-09-06,27.800416666666706
Valencia,2016-09-07,25.34041666666667
Valencia,2016-09-08,24.47958333333338
Valencia,2016-09-09,25.17500000000001
Valencia,2016-09-10,24.078750000000014
Valencia,2016-09-11,24.372500000000002
Valencia,2016-09-12,24.02083333333337
Valencia,2016-09-13,22.696666666666715
Valencia,2016-09-14,18.898750000000007
Valencia,2016-09-15,17.77458333333334
Valencia,2016-09-16,19.933333333333337
Valencia,2016-09-17,20.28666666666669
Valencia,2016-09-18,20.004097656249996
Valencia,2016-09-19,19.379166666666663
Valencia,2016-09-20,19.742250000000013
Valencia,2016-09-21,20.412208333333353
Valencia,2016-09-22,20.365520833333335
Valencia,2016-09-23,20.34041666666667
Valencia,2016-09-24,18.670604166666692
Valencia,2016-09-25,20.839208333333374
Valencia,2016-09-26,19.76541666666668
Valencia,2016-09-27,20.644583333333344
Valencia,2016-09-28,19.005833333333385
Valencia,2016-09-29,19.404166666666697
Valencia,2016-09-30,19.2429166666667
Valencia,2016-10-01,20.432958333333374
Valencia,2016-10-02,21.462500000000034
Valencia,2016-10-03,20.620020833333342
Valencia,2016-10-04,20.6006041666667
Valencia,2016-10-05,18.40927083333338
Valencia,2016-10-06,18.51912500000003
Valencia,2016-10-07,18.88785416666667
Valencia,2016-10-08,18.670291666666685
Valencia,2016-10-09,18.79600000000005
Valencia,2016-10-10,17.324041666666687
Valencia,2016-10-11,18.525375000000054
Valencia,2016-10-12,15.892041666666728
Valencia,2016-10-13,14.61239583333338
Valencia,2016-10-14,15.781250000000057
Valencia,2016-10-15,15.775375000000054
Valencia,2016-10-16,14.919201822916705
Valencia,2016-10-17,18.819187499999998
Valencia,2016-10-18,17.975833333333355
Valencia,2016-10-19,16.117604166666695
Valencia,2016-10-20,15.409833333333381
Valencia,2016-10-21,14.833562500000028
Valencia,2016-10-22,15.218541666666681
Valencia,2016-10-23,14.994875000000036
Valencia,2016-10-24,16.020125000000007
Valencia,2016-10-25,18.564416666666716
Valencia,2016-10-26,18.094916666666677
Valencia,2016-10-27,16.845041666666702
Valencia,2016-10-28,16.754666666666708
Valencia,2016-10-29,13.923041666666677
Valencia,2016-10-30,12.201200000000028
Valencia,2016-10-31,12.119875000000036
Valencia,2016-11-01,15.056583333333379
Valencia,2016-11-02,17
Valencia,2016-11-03,18.208333333333314
Valencia,2016-11-04,18.083333333333314
Valencia,2016-11-05,20.333333333333314
Valencia,2016-11-06,16.25
Valencia,2016-11-07,12.208333333333314
Valencia,2016-11-08,11.791666666666686
Valencia,2016-11-09,15.125
Valencia,2016-11-10,13.666666666666686
Valencia,2016-11-11,13.291666666666686
Valencia,2016-11-12,13.333333333333314
Valencia,2016-11-13,14.958333333333314
Valencia,2016-11-14,13.166666666666686
Valencia,2016-11-15,12.166666666666686
Valencia,2016-11-16,11.791666666666686
Valencia,2016-11-17,11.833333333333314
Valencia,2016-11-18,14.208333333333314
Valencia,2016-11-19,15.375
Valencia,2016-11-20,15.375
Valencia,2016-11-21,16.125
Valencia,2016-11-22,12.833333333333314
Valencia,2016-11-23,12.208333333333314
Valencia,2016-11-24,10.2825078125
Valencia,2016-11-25,9.959583333333342
Valencia,2016-11-26,13
Valencia,2016-11-27,12.913666666666643
Valencia,2016-11-28,12.333333333333314
Valencia,2016-11-29,12.291666666666686
Valencia,2016-11-30,13.291666666666686
Valencia,2016-12-01,13.083333333333314
Valencia,2016-12-02,11.791666666666686
Valencia,2016-12-03,11.583333333333314
Valencia,2016-12-04,14.791666666666686
Valencia,2016-12-05,16.333333333333314
Valencia,2016-12-06,13.89583463541669
Valencia,2016-12-07,11.5625
Valencia,2016-12-08,12.291666666666686
Valencia,2016-12-09,13.875
Valencia,2016-12-10,13.458333333333314
Valencia,2016-12-11,11.583333333333314
Valencia,2016-12-12,10.625
Valencia,2016-12-13,9.75
Valencia,2016-12-14,10.416666666666686
Valencia,2016-12-15,10.5
Valencia,2016-12-16,11.833333333333314
Valencia,2016-12-17,13.5625
Valencia,2016-12-18,11.729166666666686
Valencia,2016-12-19,10.708333333333314
Valencia,2016-12-20,11.5
Valencia,2016-12-21,10.625
Valencia,2016-12-22,11.708333333333314
Valencia,2016-12-23,11.333333333333314
Valencia,2016-12-24,11.25
Valencia,2016-12-25,10.416666666666686
Valencia,2016-12-26,9.708333333333314
Valencia,2016-12-27,9.541666666666686
Valencia,2016-12-28,9.416666666666686
Valencia,2016-12-29,8.875
Valencia,2016-12-30,7.5
Valencia,2016-12-31,9.583333333333314
Valencia,2017-01-01,8.083333333333314
Valencia,2017-01-02,6.166666666666686
Valencia,2017-01-03,7.916666666666686
Valencia,2017-01-04,10.458333333333314
Valencia,2017-01-05,9.916666666666686
Valencia,2017-01-06,8.041666666666686
Valencia,2017-01-07,7.916666666666686
Valencia,2017-01-08,7.166666666666686
Valencia,2017-01-09,7.416666666666686
Valencia,2017-01-10,10.166666666666686
Valencia,2017-01-11,12.625
Valencia,2017-01-12,12.25
Valencia,2017-01-13,13.666666666666686
Valencia,2017-01-14,9.5
Valencia,2017-01-15,10.291666666666686
Valencia,2017-01-16,12.458333333333314
Valencia,2017-01-17,10.625
Valencia,2017-01-18,4
Valencia,2017-01-19,6.375
Valencia,2017-01-20,6.962083333333339
Valencia,2017-01-21,10.291666666666686
Valencia,2017-01-22,11.208333333333314
Valencia,2017-01-23,9.791666666666686
Valencia,2017-01-24,7.4007916666666915
Valencia,2017-01-25,5.3382916666666915
Valencia,2017-01-26,7.833333333333314
Valencia,2017-01-27,10.166666666666686
Valencia,2017-01-28,12
Valencia,2017-01-29,9.75
Valencia,2017-01-30,14
Valencia,2017-01-31,10.75
Valencia,2017-02-01,12.291666666666686
Valencia,2017-02-02,12.958333333333314
Valencia,2017-02-03,15.083333333333314
Valencia,2017-02-04,17.208333333333314
Valencia,2017-02-05,14.843416666666656
Valencia,2017-02-06,14.708333333333314
Valencia,2017-02-07,16.541666666666686
Valencia,2017-02-08,12.083333333333314
Valencia,2017-02-09,11
Valencia,2017-02-10,8.875
Valencia,2017-02-11,11.75
Valencia,2017-02-12,14.083333333333314
Valencia,2017-02-13,13.992528645833318
Valencia,2017-02-14,9.113483072916665
Valencia,2017-02-15,7.482583333333366
Valencia,2017-02-16,8.936375000000055
Valencia,2017-02-17,6.954916666666691
Valencia,2017-02-18,6.814166666666722
Valencia,2017-02-19,8.152000000000044
Valencia,2017-02-20,6.027500000000032
Valencia,2017-02-21,7.380947916666685
Valencia,2017-02-22,11.541666666666686
Valencia,2017-02-23,13.083333333333314
Valencia,2017-02-24,12.791666666666686
Valencia,2017-02-25,11.541666666666686
Valencia,2017-02-26,12.375
Valencia,2017-02-27,14.166666666666686
Valencia,2017-02-28,15.083333333333314
Valencia,2017-03-01,14.5
Valencia,2017-03-02,12.708333333333314
Valencia,2017-03-03,10.625
Valencia,2017-03-04,10.291666666666686
Valencia,2017-03-05,12.833333333333314
Valencia,2017-03-06,19
Valencia,2017-03-07,18.833333333333314
Valencia,2017-03-08,17.041666666666686
Valencia,2017-03-09,18.125
Valencia,2017-03-10,17.333333333333314
Valencia,2017-03-11,14
Valencia,2017-03-12,15.166666666666686
Valencia,2017-03-13,11.166666666666686
Valencia,2017-03-14,14.958333333333314
Valencia,2017-03-15,12.916666666666686
Valencia,2017-03-16,12.458333333333314
Valencia,2017-03-17,11.625
Valencia,2017-03-18,12.708333333333314
Valencia,2017-03-19,14.041666666666686
Valencia,2017-03-20,14.458333333333314
Valencia,2017-03-21,13.5
Valencia,2017-03-22,15.458333333333314
Valencia,2017-03-23,12.708333333333314
Valencia,2017-03-24,10.291666666666686
Valencia,2017-03-25,12.166666666666686
Valencia,2017-03-26,11.94908695652174
Valencia,2017-03-27,15.916666666666686
Valencia,2017-03-28,14.974833333333322
Valencia,2017-03-29,15.583333333333314
Valencia,2017-03-30,15
Valencia,2017-03-31,15.291666666666686
Valencia,2017-04-01,15.291666666666686
Valencia,2017-04-02,15.208333333333314
Valencia,2017-04-03,14.416666666666686
Valencia,2017-04-04,14.25
Valencia,2017-04-05,13.75
Valencia,2017-04-06,15.5
Valencia,2017-04-07,14.916666666666686
Valencia,2017-04-08,14.791666666666686
Valencia,2017-04-09,14.416666666666686
Valencia,2017-04-10,15.25
Valencia,2017-04-11,17.083333333333314
Valencia,2017-04-12,16.541666666666686
Valencia,2017-04-13,16.9795846354167
Valencia,2017-04-14,20.083333333333314
Valencia,2017-04-15,17.708333333333314
Valencia,2017-04-16,16.875
Valencia,2017-04-17,17.458333333333314
Valencia,2017-04-18,17.625
Valencia,2017-04-19,15.708333333333314
Valencia,2017-04-20,14.25
Valencia,2017-04-21,12.416666666666686
Valencia,2017-04-22,13.333333333333314
Valencia,2017-04-23,14.541666666666686
Valencia,2017-04-24,14.541666666666686
Valencia,2017-04-25,16.708333333333314
Valencia,2017-04-26,17.125
Valencia,2017-04-27,11.583333333333314
Valencia,2017-04-28,12.25
Valencia,2017-04-29,14.125
Valencia,2017-04-30,17.791666666666686
Valencia,2017-05-01,16.25
Valencia,2017-05-02,15.977291666666702
Valencia,2017-05-03,16.54362500000002
Valencia,2017-05-04,16.916666666666686
Valencia,2017-05-05,17.875
Valencia,2017-05-06,21.333333333333314
Valencia,2017-05-07,19.458333333333314
Valencia,2017-05-08,19
Valencia,2017-05-09,18.916666666666686
Valencia,2017-05-10,19.625
Valencia,2017-05-11,21.333333333333314
Valencia,2017-05-12,21.625
Valencia,2017-05-13,22.708333333333314
Valencia,2017-05-14,22.708333333333314
Valencia,2017-05-15,21.041666666666686
Valencia,2017-05-16,21.875
Valencia,2017-05-17,21.291666666666686
Valencia,2017-05-18,19.041666666666686
Valencia,2017-05-19,18.25
Valencia,2017-05-20,18.833333333333314
Valencia,2017-05-21,18.958333333333314
Valencia,2017-05-22,21.166666666666686
Valencia,2017-05-23,21
Valencia,2017-05-24,21.958333333333314
Valencia,2017-05-25,22.625
Valencia,2017-05-26,23.166666666666686
Valencia,2017-05-27,22.083333333333314
Valencia,2017-05-28,23
Valencia,2017-05-29,21.875
Valencia,2017-05-30,20.5
Valencia,2017-05-31,21.583333333333314
Valencia,2017-06-01,22.708333333333314
Valencia,2017-06-02,23.25
Valencia,2017-06-03,23.25
Valencia,2017-06-04,20.75
Valencia,2017-06-05,19.458333333333314
Valencia,2017-06-06,23.083333333333314
Valencia,2017-06-07,22.208333333333314
Valencia,2017-06-08,23.083333333333314
Valencia,2017-06-09,23.458333333333314
Valencia,2017-06-10,23.833333333333314
Valencia,2017-06-11,25.25
Valencia,2017-06-12,25.375
Valencia,2017-06-13,25.791666666666686
Valencia,2017-06-14,26.375
Valencia,2017-06-15,27
Valencia,2017-06-16,27.916666666666686
Valencia,2017-06-17,27.5
Valencia,2017-06-18,27.375
Valencia,2017-06-19,26.416666666666686
Valencia,2017-06-20,27.208333333333314
Valencia,2017-06-21,27.79141666666669
Valencia,2017-06-22,27.458333333333314
Valencia,2017-06-23,27.979166666666686
Valencia,2017-06-24,27.083333333333314
Valencia,2017-06-25,26.666666666666686
Valencia,2017-06-26,26.958333333333314
Valencia,2017-06-27,28.958333333333314
Valencia,2017-06-28,29.125
Valencia,2017-06-29,26.875
Valencia,2017-06-30,24.041666666666686
Valencia,2017-07-01,22.416666666666686
Valencia,2017-07-02,22.41898307291666
Valencia,2017-07-03,23.916666666666686
Valencia,2017-07-04,24.458333333333314
Valencia,2017-07-05,24.75
Valencia,2017-07-06,26.833333333333314
Valencia,2017-07-07,25.541666666666686
Valencia,2017-07-08,28.791666666666686
Valencia,2017-07-09,27.75
Valencia,2017-07-10,26.895833333333314
Valencia,2017-07-11,27.041666666666686
Valencia,2017-07-12,27.375
Valencia,2017-07-13,27.458333333333314
Valencia,2017-07-14,27.583333333333314
Valencia,2017-07-15,27.166666666666686
Valencia,2017-07-16,27.916666666666686
Valencia,2017-07-17,26.875
Valencia,2017-07-18,27.583333333333314
Valencia,2017-07-19,27.416666666666686
Valencia,2017-07-20,27
Valencia,2017-07-21,26.958333333333314
Valencia,2017-07-22,27.458333333333314
Valencia,2017-07-23,27.208333333333314
Valencia,2017-07-24,27.583333333333314
Valencia,2017-07-25,26.541666666666686
Valencia,2017-07-26,25.791666666666686
Valencia,2017-07-27,28.166666666666686
Valencia,2017-07-28,27.875
Valencia,2017-07-29,27.625
Valencia,2017-07-30,27.75
Valencia,2017-07-31,27.666666666666686
Valencia,2017-08-01,27.666666666666686
Valencia,2017-08-02,28.625
Valencia,2017-08-03,29.475958333333324
Valencia,2017-08-04,29.875
Valencia,2017-08-05,29.083333333333314
Valencia,2017-08-06,28
Valencia,2017-08-07,28.25
Valencia,2017-08-08,28.166666666666686
Valencia,2017-08-09,26.583333333333314
Valencia,2017-08-10,22.541666666666686
Valencia,2017-08-11,22.625
Valencia,2017-08-12,24.625
Valencia,2017-08-13,24.625
Valencia,2017-08-14,25.333333333333314
Valencia,2017-08-15,25.875
Valencia,2017-08-16,26.659562499999993
Valencia,2017-08-17,28.041666666666686
Valencia,2017-08-18,27.583333333333314
Valencia,2017-08-19,27.25
Valencia,2017-08-20,26.416666666666686
Valencia,2017-08-21,26.833333333333314
Valencia,2017-08-22,26.208333333333314
Valencia,2017-08-23,25.541666666666686
Valencia,2017-08-24,26.208333333333314
Valencia,2017-08-25,26.125
Valencia,2017-08-26,27.041666666666686
Valencia,2017-08-27,27.25
Valencia,2017-08-28,26.666666666666686
Valencia,2017-08-29,22.916666666666686
Valencia,2017-08-30,23.333333333333314
Valencia,2017-08-31,24.458333333333314
Valencia,2017-09-01,23.666666666666686
Valencia,2017-09-02,23.541666666666686
Valencia,2017-09-03,23.375
Valencia,2017-09-04,24.25
Valencia,2017-09-05,25.583333333333314
Valencia,2017-09-06,25.166666666666686
Valencia,2017-09-07,24.166666666666686
Valencia,2017-09-08,24.375
Valencia,2017-09-09,23.75
Valencia,2017-09-10,21.958333333333314
Valencia,2017-09-11,26.666666666666686
Valencia,2017-09-12,23.708333333333314
Valencia,2017-09-13,22.833333333333314
Valencia,2017-09-14,24.833333333333314
Valencia,2017-09-15,20.791666666666686
Valencia,2017-09-16,18.541666666666686
Valencia,2017-09-17,20.166666666666686
Valencia,2017-09-18,21.875
Valencia,2017-09-19,21.375
Valencia,2017-09-20,21.541666666666686
Valencia,2017-09-21,21.769571614583356
Valencia,2017-09-22,22.291666666666686
Valencia,2017-09-23,22.041666666666686
Valencia,2017-09-24,23.222125000000005
Valencia,2017-09-25,24.375
Valencia,2017-09-26,22.541666666666686
Valencia,2017-09-27,22.5
Valencia,2017-09-28,22.881145833333335
Valencia,2017-09-29,21.791666666666686
Valencia,2017-09-30,21.208333333333314
Valencia,2017-10-01,22.75
Valencia,2017-10-02,22.5
Valencia,2017-10-03,22.583333333333314
Valencia,2017-10-04,23.291666666666686
Valencia,2017-10-05,23.125
Valencia,2017-10-06,21.875
Valencia,2017-10-07,18.875
Valencia,2017-10-08,20.833333333333314
Valencia,2017-10-09,20.333333333333314
Valencia,2017-10-10,20.666666666666686
Valencia,2017-10-11,20.833333333333314
Valencia,2017-10-12,20.375
Valencia,2017-10-13,21.083333333333314
Valencia,2017-10-14,21.85424999999998
Valencia,2017-10-15,21.375
Valencia,2017-10-16,21.1875
Valencia,2017-10-17,20.291666666666686
Valencia,2017-10-18,20.041666666666686
Valencia,2017-10-19,17.125
Valencia,2017-10-20,18.708333333333314
Valencia,2017-10-21,20.5
Valencia,2017-10-22,19.833333333333314
Valencia,2017-10-23,17.541666666666686
Valencia,2017-10-24,18.333333333333314
Valencia,2017-10-25,18.208333333333314
Valencia,2017-10-26,18.083333333333314
Valencia,2017-10-27,19.916666666666686
Valencia,2017-10-28,19.291666666666686
Valencia,2017-10-29,17.639999999999986
Valencia,2017-10-30,16.458333333333314
Valencia,2017-10-31,18.291666666666686
Valencia,2017-11-01,18.458333333333314
Valencia,2017-11-02,17.833333333333314
Valencia,2017-11-03,18.208333333333314
Valencia,2017-11-04,18.458333333333314
Valencia,2017-11-05,17.125
Valencia,2017-11-06,15.166666666666686
Valencia,2017-11-07,12.958333333333314
Valencia,2017-11-08,14.125
Valencia,2017-11-09,13.583333333333314
Valencia,2017-11-10,13.041666666666686
Valencia,2017-11-11,16.041666666666686
Valencia,2017-11-12,16.514250000000004
Valencia,2017-11-13,15.546187499999974
Valencia,2017-11-14,10.166666666666686
Valencia,2017-11-15,9.916666666666686
Valencia,2017-11-16,10.458333333333314
Valencia,2017-11-17,11
Valencia,2017-11-18,11.541666666666686
Valencia,2017-11-19,12.375
Valencia,2017-11-20,12.125
Valencia,2017-11-21,11.083333333333314
Valencia,2017-11-22,10.25
Valencia,2017-11-23,12.583333333333314
Valencia,2017-11-24,17.416666666666686
Valencia,2017-11-25,16.202708333333362
Valencia,2017-11-26,13.25
Valencia,2017-11-27,9.5
Valencia,2017-11-28,12.409875
Valencia,2017-11-29,11.625
Valencia,2017-11-30,8.958333333333314
Valencia,2017-12-01,7.375
Valencia,2017-12-02,8.375
Valencia,2017-12-03,7.166666666666686
Valencia,2017-12-04,5.916666666666686
Valencia,2017-12-05,5.813111979166649
Valencia,2017-12-06,6.140929687499977
Valencia,2017-12-07,7.333333333333314
Valencia,2017-12-08,11.291666666666686
Valencia,2017-12-09,12.625
Valencia,2017-12-10,15.666666666666686
Valencia,2017-12-11,14.583333333333314
Valencia,2017-12-12,10.125
Valencia,2017-12-13,8.458333333333314
Valencia,2017-12-14,13.25
Valencia,2017-12-15,15.583333333333314
Valencia,2017-12-16,9.833333333333314
Valencia,2017-12-17,8.291666666666686
Valencia,2017-12-18,7.8799999999999955
Valencia,2017-12-19,12.291666666666686
Valencia,2017-12-20,8.5
Valencia,2017-12-21,9.059416666666664
Valencia,2017-12-22,9.666666666666686
Valencia,2017-12-23,9
Valencia,2017-12-24,9.649499999999989
Valencia,2017-12-25,7.833333333333314
Valencia,2017-12-26,12.753166666666687
Valencia,2017-12-27,13.958333333333314
Valencia,2017-12-28,14.833333333333314
Valencia,2017-12-29,14.708333333333314
Valencia,2017-12-30,16.281749999999988
Valencia,2017-12-31,13.236208333333309
Valencia,2018-01-01,13.125
Valencia,2018-01-02,15
Valencia,2018-01-03,16.291666666666686
Valencia,2018-01-04,17.291666666666686
Valencia,2018-01-05,15.916666666666686
Valencia,2018-01-06,10.083333333333314
Valencia,2018-01-07,8.416666666666686
Valencia,2018-01-08,8
Valencia,2018-01-09,7.958333333333314
Valencia,2018-01-10,12.083333333333314
Valencia,2018-01-11,11.327249999999992
Valencia,2018-01-12,9.666666666666686
Valencia,2018-01-13,8.512333333333345
Valencia,2018-01-14,9.90054166666664
Valencia,2018-01-15,9.243875000000003
Valencia,2018-01-16,12.958333333333314
Valencia,2018-01-17,15.791666666666686
Valencia,2018-01-18,10.791666666666686
Valencia,2018-01-19,11.083333333333314
Valencia,2018-01-20,14.356083333333345
Valencia,2018-01-21,18.333333333333314
Valencia,2018-01-22,15.875
Valencia,2018-01-23,12.708333333333314
Valencia,2018-01-24,10.958333333333314
Valencia,2018-01-25,11.208333333333314
Valencia,2018-01-26,11.422041666666644
Valencia,2018-01-27,11.375
Valencia,2018-01-28,12.166666666666686
Valencia,2018-01-29,11
Valencia,2018-01-30,9.083333333333314
Valencia,2018-01-31,9.041666666666686
Valencia,2018-02-01,9.833333333333314
Valencia,2018-02-02,8.75
Valencia,2018-02-03,10.208333333333314
Valencia,2018-02-04,8.25
Valencia,2018-02-05,8.458333333333314
Valencia,2018-02-06,6.791666666666686
Valencia,2018-02-07,7.333333333333314
Valencia,2018-02-08,6.416666666666686
Valencia,2018-02-09,7.916666666666686
Valencia,2018-02-10,9.758500000000026
Valencia,2018-02-11,11.482708333333335
Valencia,2018-02-12,11.875
Valencia,2018-02-13,9.416666666666686
Valencia,2018-02-14,13.562916666666695
Valencia,2018-02-15,15.083333333333314
Valencia,2018-02-16,12.916666666666686
Valencia,2018-02-17,12.75
Valencia,2018-02-18,12.083333333333314
Valencia,2018-02-19,11.291666666666686
Valencia,2018-02-20,13.904375000000016
Valencia,2018-02-21,10.947249999999997
Valencia,2018-02-22,6.958333333333314
Valencia,2018-02-23,6.129916666666645
Valencia,2018-02-24,7.666666666666686
Valencia,2018-02-25,9.333333333333314
Valencia,2018-02-26,9.791666666666686
Valencia,2018-02-27,7.583333333333314
Valencia,2018-02-28,7.444958333333318
Valencia,2018-03-01,10.308833333333325
Valencia,2018-03-02,12.791666666666686
Valencia,2018-03-03,15.083333333333314
Valencia,2018-03-04,14.041666666666686
Valencia,2018-03-05,12.875
Valencia,2018-03-06,13.791666666666686
Valencia,2018-03-07,12.833333333333314
Valencia,2018-03-08,12.75
Valencia,2018-03-09,16.875
Valencia,2018-03-10,18.333333333333314
Valencia,2018-03-11,14.916666666666686
Valencia,2018-03-12,15.416666666666686
Valencia,2018-03-13,15.833333333333314
Valencia,2018-03-14,15.75
Valencia,2018-03-15,15.875
Valencia,2018-03-16,14.375
Valencia,2018-03-17,11.958333333333314
Valencia,2018-03-18,13.333333333333314
Valencia,2018-03-19,11.041666666666686
Valencia,2018-03-20,9.458333333333314
Valencia,2018-03-21,9.625
Valencia,2018-03-22,10.333333333333314
Valencia,2018-03-23,13.875
Valencia,2018-03-24,14.10717708333334
Valencia,2018-03-25,13.273260869565206
Valencia,2018-03-26,13.079375000000027
Valencia,2018-03-27,16.458333333333314
Valencia,2018-03-28,20
Valencia,2018-03-29,19.166666666666686
Valencia,2018-03-30,15.916666666666686
Valencia,2018-03-31,14.666666666666686
Valencia,2018-04-01,13.625
Valencia,2018-04-02,13.541666666666686
Valencia,2018-04-03,16.833333333333314
Valencia,2018-04-04,18.583333333333314
Valencia,2018-04-05,16.25
Valencia,2018-04-06,14.333333333333314
Valencia,2018-04-07,14.000833333333333
Valencia,2018-04-08,15.083333333333314
Valencia,2018-04-09,14.625
Valencia,2018-04-10,12.692958333333308
Valencia,2018-04-11,11.625
Valencia,2018-04-12,15.708333333333314
Valencia,2018-04-13,15.166666666666686
Valencia,2018-04-14,13.791666666666686
Valencia,2018-04-15,18
Valencia,2018-04-16,18.458333333333314
Valencia,2018-04-17,17.208333333333314
Valencia,2018-04-18,18.291666666666686
Valencia,2018-04-19,16.166666666666686
Valencia,2018-04-20,17
Valencia,2018-04-21,16.125
Valencia,2018-04-22,17.791666666666686
Valencia,2018-04-23,19.007499999999993
Valencia,2018-04-24,17.91520833333334
Valencia,2018-04-25,17.916666666666686
Valencia,2018-04-26,19.125
Valencia,2018-04-27,19.083333333333314
Valencia,2018-04-28,18.416666666666686
Valencia,2018-04-29,17.291666666666686
Valencia,2018-04-30,15.916666666666686
Valencia,2018-05-01,14.375
Valencia,2018-05-02,16.47045833333334
Valencia,2018-05-03,16.989374999999995
Valencia,2018-05-04,17.041666666666686
Valencia,2018-05-05,18.291666666666686
Valencia,2018-05-06,18.875
Valencia,2018-05-07,18.26504166666666
Valencia,2018-05-08,19.416666666666686
Valencia,2018-05-09,19.708333333333314
Valencia,2018-05-10,19.5
Valencia,2018-05-11,19.166666666666686
Valencia,2018-05-12,21.291666666666686
Valencia,2018-05-13,18.541666666666686
Valencia,2018-05-14,17.583333333333314
Valencia,2018-05-15,17.875
Valencia,2018-05-16,18.375
Valencia,2018-05-17,18.875
Valencia,2018-05-18,19.583333333333314
Valencia,2018-05-19,19.791666666666686
Valencia,2018-05-20,19.708333333333314
Valencia,2018-05-21,19.833333333333314
Valencia,2018-05-22,20.541666666666686
Valencia,2018-05-23,21.666666666666686
Valencia,2018-05-24,21.166666666666686
Valencia,2018-05-25,20.916666666666686
Valencia,2018-05-26,21
Valencia,2018-05-27,20.833333333333314
Valencia,2018-05-28,18.500249999999994
Valencia,2018-05-29,20.333333333333314
Valencia,2018-05-30,20.684291666666695
Valencia,2018-05-31,21.583333333333314
Valencia,2018-06-01,21.416666666666686
Valencia,2018-06-02,20.458333333333314
Valencia,2018-06-03,19.958333333333314
Valencia,2018-06-04,23.166666666666686
Valencia,2018-06-05,23.041666666666686
Valencia,2018-06-06,20.666666666666686
Valencia,2018-06-07,20.291666666666686
Valencia,2018-06-08,22.041666666666686
Valencia,2018-06-09,22.291666666666686
Valencia,2018-06-10,22.541666666666686
Valencia,2018-06-11,24.166666666666686
Valencia,2018-06-12,24.416666666666686
Valencia,2018-06-13,24.5
Valencia,2018-06-14,22.541666666666686
Valencia,2018-06-15,23.416666666666686
Valencia,2018-06-16,23.416666666666686
Valencia,2018-06-17,24.083333333333314
Valencia,2018-06-18,24.166666666666686
Valencia,2018-06-19,24.291666666666686
Valencia,2018-06-20,24.833333333333314
Valencia,2018-06-21,25.541666666666686
Valencia,2018-06-22,26.666666666666686
Valencia,2018-06-23,25.958333333333314
Valencia,2018-06-24,25.458333333333314
Valencia,2018-06-25,25.583333333333314
Valencia,2018-06-26,25.666666666666686
Valencia,2018-06-27,26.083333333333314
Valencia,2018-06-28,26.04020833333334
Valencia,2018-06-29,25.75
Valencia,2018-06-30,25.621791666666695
Valencia,2018-07-01,26.416666666666686
Valencia,2018-07-02,28.708333333333314
Valencia,2018-07-03,26.458333333333314
Valencia,2018-07-04,27.251666666666665
Valencia,2018-07-05,26.916666666666686
Valencia,2018-07-06,26.083333333333314
Valencia,2018-07-07,26.291666666666686
Valencia,2018-07-08,27.166666666666686
Valencia,2018-07-09,27.793999999999983
Valencia,2018-07-10,27.416666666666686
Valencia,2018-07-11,26.875
Valencia,2018-07-12,27.291666666666686
Valencia,2018-07-13,26.956708333333324
Valencia,2018-07-14,27.019291666666675
Valencia,2018-07-15,28.916666666666686
Valencia,2018-07-16,30.041666666666686
Valencia,2018-07-17,27.291666666666686
Valencia,2018-07-18,27.166666666666686
Valencia,2018-07-19,27.041666666666686
Valencia,2018-07-20,26.833333333333314
Valencia,2018-07-21,26.525291666666647
Valencia,2018-07-22,26.166666666666686
Valencia,2018-07-23,26.417750000000012
Valencia,2018-07-24,27.86108333333334
Valencia,2018-07-25,27.285666666666657
Valencia,2018-07-26,27.458333333333314
Valencia,2018-07-27,27.233541666666667
Valencia,2018-07-28,27.583333333333314
Valencia,2018-07-29,27.666666666666686
Valencia,2018-07-30,27.333333333333314
Valencia,2018-07-31,27.625
Valencia,2018-08-01,28.041666666666686
Valencia,2018-08-02,28.337041666666664
Valencia,2018-08-03,29.125
Valencia,2018-08-04,29.986708333333354
Valencia,2018-08-05,31.328083333333325
Valencia,2018-08-06,29.801499999999976
Valencia,2018-08-07,29.088572916666692
Valencia,2018-08-08,26.791666666666686
Valencia,2018-08-09,28.666666666666686
Valencia,2018-08-10,27.5
Valencia,2018-08-11,27.958333333333314
Valencia,2018-08-12,27.958333333333314
Valencia,2018-08-13,28.208333333333314
Valencia,2018-08-14,27.583333333333314
Valencia,2018-08-15,27
Valencia,2018-08-16,26.5
Valencia,2018-08-17,26.375
Valencia,2018-08-18,24.958333333333314
Valencia,2018-08-19,25.833333333333314
Valencia,2018-08-20,26.583333333333314
Valencia,2018-08-21,27.155708333333337
Valencia,2018-08-22,27.25191666666666
Valencia,2018-08-23,26.958333333333314
Valencia,2018-08-24,26.625
Valencia,2018-08-25,26.208333333333314
Valencia,2018-08-26,26.958333333333314
Valencia,2018-08-27,27.666666666666686
Valencia,2018-08-28,27.458333333333314
Valencia,2018-08-29,27.208333333333314
Valencia,2018-08-30,27.375
Valencia,2018-08-31,26.708333333333314
Valencia,2018-09-01,26.583333333333314
Valencia,2018-09-02,26.924687500000005
Valencia,2018-09-03,26.583333333333314
Valencia,2018-09-04,25.458333333333314
Valencia,2018-09-05,26.625
Valencia,2018-09-06,25.5
Valencia,2018-09-07,24.916666666666686
Valencia,2018-09-08,24
Valencia,2018-09-09,23.583333333333314
Valencia,2018-09-10,23.666666666666686
Valencia,2018-09-11,23.208333333333314
Valencia,2018-09-12,24.833333333333314
Valencia,2018-09-13,25.25
Valencia,2018-09-14,25.041666666666686
Valencia,2018-09-15,23.291666666666686
Valencia,2018-09-16,23.541666666666686
Valencia,2018-09-17,23.625
Valencia,2018-09-18,23.166666666666686
Valencia,2018-09-19,23.958333333333314
Valencia,2018-09-20,24.541666666666686
Valencia,2018-09-21,25.333333333333314
Valencia,2018-09-22,25.791666666666686
Valencia,2018-09-23,26.458333333333314
Valencia,2018-09-24,25.958333333333314
Valencia,2018-09-25,23.041666666666686
Valencia,2018-09-26,22.791666666666686
Valencia,2018-09-27,22.291666666666686
Valencia,2018-09-28,21.416666666666686
Valencia,2018-09-29,21.416666666666686
Valencia,2018-09-30,21.833333333333314
Valencia,2018-10-01,21.416666666666686
Valencia,2018-10-02,19.708333333333314
Valencia,2018-10-03,20.208333333333314
Valencia,2018-10-04,20.458333333333314
Valencia,2018-10-05,21.208333333333314
Valencia,2018-10-06,21.375
Valencia,2018-10-07,20.833333333333314
Valencia,2018-10-08,18.041666666666686
Valencia,2018-10-09,16.25
Valencia,2018-10-10,19
Valencia,2018-10-11,20.25
Valencia,2018-10-12,22.208333333333314
Valencia,2018-10-13,21.583333333333314
Valencia,2018-10-14,20.375
Valencia,2018-10-15,18.75
Valencia,2018-10-16,18.5
Valencia,2018-10-17,19.416666666666686
Valencia,2018-10-18,16.333333333333314
Valencia,2018-10-19,18.083333333333314
Valencia,2018-10-20,19.541666666666686
Valencia,2018-10-21,20.125
Valencia,2018-10-22,18.791666666666686
Valencia,2018-10-23,19.208333333333314
Valencia,2018-10-24,19.708333333333314
Valencia,2018-10-25,18.333333333333314
Valencia,2018-10-26,17.291666666666686
Valencia,2018-10-27,15.791666666666686
Valencia,2018-10-28,11.439999999999998
Valencia,2018-10-29,10.833333333333314
Valencia,2018-10-30,11.458333333333314
Valencia,2018-10-31,12.333333333333314
Valencia,2018-11-01,12.416666666666686
Valencia,2018-11-02,12.708333333333314
Valencia,2018-11-03,12.416666666666686
Valencia,2018-11-04,12.125
Valencia,2018-11-05,11.5
Valencia,2018-11-06,13.958333333333314
Valencia,2018-11-07,15.25
Valencia,2018-11-08,14.916666666666686
Valencia,2018-11-09,14.708333333333314
Valencia,2018-11-10,15.708333333333314
Valencia,2018-11-11,18.041666666666686
Valencia,2018-11-12,14.916666666666686
Valencia,2018-11-13,16.541666666666686
Valencia,2018-11-14,16.875
Valencia,2018-11-15,16.458333333333314
Valencia,2018-11-16,15.958333333333314
Valencia,2018-11-17,15.833333333333314
Valencia,2018-11-18,13.636395833333324
Valencia,2018-11-19,12.283458333333385
Valencia,2018-11-20,14
Valencia,2018-11-21,14.25
Valencia,2018-11-22,13.083333333333314
Valencia,2018-11-23,12.875
Valencia,2018-11-24,10.791666666666686
Valencia,2018-11-25,15.041666666666686
Valencia,2018-11-26,14.601833333333332
Valencia,2018-11-27,12.974583333333328
Valencia,2018-11-28,11.678333333333342
Valencia,2018-11-29,9.452916666666681
Valencia,2018-11-30,13.034166666666692
Valencia,2018-12-01,10.824166666666656
Valencia,2018-12-02,12.076666666666654
Valencia,2018-12-03,13.591666666666697
Valencia,2018-12-04,14.182083333333367
Valencia,2018-12-05,12.287500000000023
Valencia,2018-12-06,12.452499999999986
Valencia,2018-12-07,11.288749999999993
Valencia,2018-12-08,12.082083333333344
Valencia,2018-12-09,13.626250000000027
Valencia,2018-12-10,12.090833333333364
Valencia,2018-12-11,10.016250000000014
Valencia,2018-12-12,11.99666666666667
Valencia,2018-12-13,12.428333333333342
Valencia,2018-12-14,13.352916666666658
Valencia,2018-12-15,12.435833333333335
Valencia,2018-12-16,14.749583333333362
Valencia,2018-12-17,10.405833333333362
Valencia,2018-12-18,7.868333333333339
Valencia,2018-12-19,13.757916666666688
Valencia,2018-12-20,11.266250000000014
Valencia,2018-12-21,9.828750000000014
Valencia,2018-12-22,11.623333333333335
Valencia,2018-12-23,10.915416666666715
Valencia,2018-12-24,9.997916666666697
Valencia,2018-12-25,9.039166666666688
Valencia,2018-12-26,9.893750000000011
Valencia,2018-12-27,10.59916666666669
Valencia,2018-12-28,10.787083333333328
Valencia,2018-12-29,9.014999999999986
Valencia,2018-12-30,8.223333333333358
Valencia,2018-12-31,9.123333333333335
