date,renewable_share,fossil,nuclear,hydro,wind,solar,total_generation,price_actual,total_load_actual,temp_c,wind_speed
2015-01-01,0.37215512415466084,214102,170328,102844,89002,27443,621644,62.14875,23896.75,3.6831859103399975,1.95
2015-01-02,0.6126963362794972,119431,170540,157252,269409,30053,762913,69.32708333333333,27251.291666666664,4.486809224821087,1.575
2015-01-03,0.5851084309113888,120363,170289,160383,220018,26871,716862,65.70666666666666,25110.666666666668,5.531727537065464,1.575
2015-01-04,0.5481137087457238,145679,170007,127838,193576,57660,711502,58.26416666666667,27112.625,6.626423536554216,1.2583333333333333
2015-01-05,0.5393563280071797,129048,66847,82767,124571,18461,432332,74.56875,22559.444444444445,6.006322780866595,1.15
2015-01-06,0.352077907860633,296241,116324,98829,60726,54315,648561,68.85541666666667,27802.666666666668,4.909087838701458,1.0833333333333333
2015-01-07,0.3563803567577559,350433,143648,70413,138788,55267,779016,78.77583333333334,32105,4.9721846082566685,1.3666666666666667
2015-01-08,0.3211422072741218,292539,161795,62513,86760,55232,680577,78.81041666666667,26312.5,5.3424357665516595,1.7416666666666667
2015-01-09,0.2996636306346582,347505,164598,67139,103102,39061,742636,76.59833333333333,30511,6.33031756454502,1.7166666666666666
2015-01-10,0.2802998584149876,334382,144045,76398,54124,43800,675919,68.2725,27990.75,7.055672426188676,2.2916666666666665
2015-01-11,0.5460115083184602,152240,121013,78128,231111,15098,620247,59.51208333333333,22870.75,7.970932147878346,2.475
2015-01-12,0.22781833473045596,424120,130971,101482,30241,21301,728879,71.58958333333334,31338.416666666664,7.235787257157483,1.7833333333333334
2015-01-13,0.35953428311776303,333540,170410,97046,155037,21269,799971,69.64875,32134.75,8.47406422546015,2.816666666666667
2015-01-14,0.35048056811740563,345990,170375,108986,142224,17568,808002,74.775,32114.166666666664,8.45271574642129,2.25
2015-01-15,0.4355445331087377,269311,170280,88827,229207,13991,793129,60.33541666666667,32057.833333333336,9.432208964404428,3.8833333333333333
2015-01-16,0.45458721968886406,268809,170436,100182,243007,16257,820606,65.80875,32104.833333333336,9.084195376405946,3.8916666666666666
2015-01-17,0.39755056517169635,270708,170462,100538,158548,23884,745968,59.1375,29190.75,4.853210474182028,2.05
2015-01-18,0.37825616022669745,260922,170517,104954,142838,5990,707198,57.33541666666667,27896.75,5.76563848415136,3.3333333333333335
2015-01-19,0.3820264715476205,297389,151612,94643,158345,16471,738831,66.70625,33029.333333333336,5.9445245478655675,3.8583333333333334
2015-01-20,0.32024997313245884,395529,146293,130298,103250,11254,809527,74.39666666666666,34037.083333333336,4.279719964212701,1.7333333333333334
2015-01-21,0.40077502515105656,341814,148712,107575,196602,14563,831973,66.8475,34159.458333333336,4.492868209994915,3.6
2015-01-22,0.42352864007954044,325953,167502,95820,238589,19003,868992,63.945,33918.666666666664,6.145457238944305,4.1
2015-01-23,0.4105638962244372,322493,170387,94003,210598,29037,848986,66.74625,33456.583333333336,5.446117459100225,2.216666666666667
2015-01-24,0.44205969310557264,255981,170308,92093,204746,32015,775902,58.13,29983.875,4.439985461400842,2.7333333333333334
2015-01-25,0.5049272777727363,200106,170326,95168,242590,33737,760359,53.51708333333333,27512.291666666668,6.682385448619657,3.3916666666666666
2015-01-26,0.39905043442686583,310581,170431,116723,161767,32534,811529,70.52208333333333,32540.041666666664,4.791993881007177,1.375
2015-01-27,0.40256509375107646,298969,163375,86709,189012,27542,783831,68.08416666666666,32933.166666666664,6.487015752811885,2.0666666666666664
2015-01-28,0.39870062155409175,296755,163252,94935,174816,26540,774832,70.21041666666667,32604.391304347828,6.0573960729805965,1.625
2015-01-29,0.5376878447783907,212567,170286,94623,328227,15908,841120,57.16125,32599.541666666664,8.492856978527634,4.550000000000001
2015-01-30,0.6275001537999443,132735,170344,141321,357754,8538,828999,46.515,32186.25,12.258520098415156,9.633333333333333
2015-01-31,0.6448102160411036,99491,170443,148045,323197,17915,775408,31.1675,28893.083333333332,9.195307930726,6.741666666666666
2015-02-01,0.3279230586503298,282064,170339,130130,54976,26002,681974,31.62625,26377.46153846154,6.391021280674877,4.466666666666667
2015-02-02,0.5017590603570502,219367,170547,153666,220893,10592,794174,62.24458333333333,32887.25,6.122575840363012,4.241666666666666
2015-02-03,0.5137099694080484,193155,170341,181603,167061,29758,762292,56.5,29390.583333333336,7.046698148325679,4.591666666666667
2015-02-04,0.5043515086340212,136871,170024,115590,135520,56297,630471,53.75791666666667,23822.958333333332,3.7286475428170034,5.125
2015-02-05,0.5284037693449574,186234,95826,102569,160651,47940,609655,56.56,23652.083333333332,4.117340970092052,4.691666666666666
2015-02-06,0.3472265388579,311888,119186,101784,58017,59386,672463,60.888333333333335,29237.083333333332,2.9643567069274255,2.808333333333333
2015-02-07,0.3077180511596534,382421,143991,82530,89704,51920,770920,66.255,31534.5,2.666661889698389,1.4166666666666667
2015-02-08,0.39432784733960047,231240,161928,74630,115738,56616,661442,53.650416666666665,24769.541666666668,3.592400554383967,2.6083333333333334
2015-02-09,0.2971247410124987,339069,164562,60529,101579,40772,728317,65.58333333333334,30147.333333333332,5.910059544350744,3.433333333333333
2015-02-10,0.28598930384391225,321490,142888,68400,65374,40403,662294,73.35916666666667,27923.708333333332,7.5128863912321275,3.0083333333333333
2015-02-11,0.4623203702440919,233347,121081,76401,213937,6397,674582,76.60541666666667,26497.333333333336,7.601928201687132,2.1416666666666666
2015-02-12,0.2215474725454251,442219,131334,88546,47327,16658,746779,78.15708333333333,31239.375,8.519330106083867,1.225
2015-02-13,0.4118033233842268,314942,169747,137362,168618,25925,836256,64.39208333333333,32269.833333333332,10.93874317804195,3.075
2015-02-14,0.5824537846017173,149552,170508,143843,290932,9808,783451,51.147083333333335,28973.541666666668,11.328061892893686,5.1
2015-02-15,0.5713840534744222,137676,170511,148303,247687,12766,734856,43.281666666666666,26630.166666666668,10.91064056109409,4.358333333333333
2015-02-16,0.4540861541390181,246798,170530,145713,180295,14301,777467,65.95083333333334,31039.541666666664,10.25904664334102,2.775
2015-02-17,0.5652880241136468,196328,170578,156052,303134,13939,859928,53.40375,32287.333333333336,9.899273828923846,5.566666666666666
2015-02-18,0.48238192799807345,249483,170595,156314,200504,28269,826339,59.702083333333334,32278,9.732162992075692,4.108333333333333
2015-02-19,0.3878861794854094,300535,170607,174477,79905,35104,782214,70.78541666666666,31695.958333333332,9.525082614391641,2.591666666666667
2015-02-20,0.4048198696351303,284753,170594,166240,111127,23624,776743,65.66625,31626.541666666668,7.739334619440212,2.025
2015-02-21,0.5793392026156944,144508,170561,164307,245748,20596,765227,47.325833333333335,28594.583333333332,9.245701926763823,4.1499999999999995
2015-02-22,0.6196892906214575,117261,170557,165567,267990,34649,773649,31.28375,26496.833333333332,8.945027479550124,4.158333333333333
2015-02-23,0.6278463298286604,128246,170510,160407,328573,13945,821760,44.84625,31310.541666666664,9.732350875511269,4.216666666666667
2015-02-24,0.6335542370589031,133530,170523,166705,325284,34235,850295,41.63708333333333,32142.916666666664,10.07047915069021,5.358333333333333
2015-02-25,0.6072436049229798,145601,170434,153682,300210,33132,823485,48.73875,31953.75,10.273600667817007,4.083333333333333
2015-02-26,0.576712213172256,159105,170489,157863,260152,26331,793987,54.505,31321.5,12.041106674974472,3.0833333333333335
2015-02-27,0.5894774965178424,154565,170476,166150,257470,37850,806253,53.78666666666667,30537.625,9.799923400754116,3.075
2015-02-28,0.5584082830025885,142812,170448,165038,197368,29106,724375,47.10791666666667,27222.375,9.452804224182035,1.5
2015-03-01,0.3287592683842508,280900,170360,98382,85142,27558,681888,39.541666666666664,27608.958333333332,13.844413303617102,1.7916666666666665
2015-03-02,0.5254010411634259,234726,161311,146719,273230,12475,848666,56.295,33646.916666666664,15.351563234918217,1.425
2015-03-03,0.4107299153267608,246812,169322,194575,58263,30838,718645,66.38375,29561.166666666668,14.309945248594092,1.525
2015-03-04,0.4649286105519955,144978,168482,112320,111850,41975,595186,48.16875,21616,11.952480860173848,3.1583333333333337
2015-03-05,0.48137957705128,190702,96273,108311,131699,21270,563709,40.747083333333336,22832.083333333332,10.275155067740311,3.85
2015-03-06,0.36805857732283154,318096,119444,95505,91244,58641,705529,60.83583333333333,29519.541666666668,10.306648780994397,2.591666666666667
2015-03-07,0.39289283382714807,332561,143736,69564,172867,57810,796520,57.43875,31867.541666666664,11.55189508243867,1.8
2015-03-08,0.30772688827036254,338968,161112,66982,105604,39034,731847,51.82208333333333,30281.708333333336,11.912944505687658,1.3583333333333334
2015-03-09,0.33329534109931214,311754,165233,57416,134737,37909,728219,58.2975,29290.375,12.700343246740825,1.55
2015-03-10,0.2589640833784098,297077,137100,61895,61559,15905,597133,64.65916666666666,24958.791666666668,11.973466864775077,1.3083333333333333
2015-03-11,0.43572356547447666,273033,120924,83537,201181,10545,711995,60.059583333333336,28352.416666666668,12.435395106403398,1.3416666666666668
2015-03-12,0.26204596197406194,394044,144551,56633,101357,24080,739916,58.986666666666665,30955.125,11.90919659860688,1.825
2015-03-13,0.509429574332953,184792,170187,150466,170803,38784,735293,53.312916666666666,29181.041666666668,10.223206999297055,2.2333333333333334
2015-03-14,0.5173843125499306,159198,161788,127102,167107,42498,677191,51.33125,26837.375,7.719663766935097,2.6
2015-03-15,0.43816411259576776,184790,163889,128036,92056,43073,630823,53.632083333333334,25086.916666666668,7.1680243162065675,1.7083333333333333
2015-03-16,0.3775405578144336,282754,169326,168321,49886,46297,735370,67.595,29828,7.193566486132434,1.4166666666666667
2015-03-17,0.4211860306861317,259929,170296,151536,134704,17917,752392,58.28875,30650.833333333332,8.400341169798079,2.8249999999999997
2015-03-18,0.44555506424872676,240026,170360,158719,154988,8084,750832,58.59041666666667,30867.583333333332,9.404708485109941,3.833333333333333
2015-03-19,0.5018995867199914,182874,170344,103971,233278,11423,719367,51.385416666666664,28839.708333333332,10.705348990286327,4.383333333333333
2015-03-20,0.5549084966810043,166432,170323,122608,282267,8948,768606,51.292500000000004,29739.291666666668,10.83738291634716,4.991666666666666
2015-03-21,0.4953949261357196,171490,170349,133160,184835,10090,688154,54.25958333333333,27322.041666666668,10.192987857873232,3.8083333333333336
2015-03-22,0.5095953268442209,140290,170343,117443,184805,13148,643334,53.13666666666666,25427.958333333332,10.086661594133453,3.1666666666666665
2015-03-23,0.41201774947700964,254289,170315,144959,131713,11592,729937,65.95041666666667,30509.833333333336,9.8327124792306,2.691666666666667
2015-03-24,0.4736683245965245,233045,170357,124124,217616,12694,775264,57.498333333333335,31246.875,9.674027152032238,3.8333333333333335
2015-03-25,0.5662558197845635,177271,170308,113485,298207,36052,813604,54.2725,30929,7.86632591225718,4.65
2015-03-26,0.514553362328538,193218,169499,101995,252274,24058,759206,56.42375,30110.333333333336,8.494999193187649,2.9416666666666664
2015-03-27,0.5208104583249565,196196,170216,111521,233660,46146,775956,57.61083333333333,29666.25,12.84154160276076,2.25
2015-03-28,0.5209206794725609,152027,170212,116807,172528,53799,684060,56.04875,25983.041666666668,13.792590586656463,1.475
2015-03-29,0.5554075346927129,118747,163096,131633,172009,43071,644804,46.001739130434785,23642.782608695652,14.003703645972287,1.8782608695652174
2015-03-30,0.5298585726658679,164446,170066,120707,198725,51076,722774,55.318333333333335,27403.458333333332,14.647783790260767,2.341666666666667
2015-03-31,0.5055949267293345,167905,169998,128623,153480,56835,695094,55.614583333333336,27589.833333333332,15.020143061413627,1.5333333333333334
2015-04-01,0.3508747878410376,258481,170310,94814,99275,27977,671077,43.44083333333333,26247.125,14.169549646919759,1.9333333333333333
2015-04-02,0.5543572211244632,240250,145751,144755,308470,22372,881594,51.76875,34406.375,13.06273495015341,1.3
2015-04-03,0.593220574278618,159686,155399,184593,240033,33309,792368,53.40416666666667,29932.708333333332,13.500174375319553,1.5166666666666666
2015-04-04,0.5292677801960698,125113,170183,107893,178288,41876,637732,40.55083333333333,22762.375,13.364641000447367,1.8583333333333334
2015-04-05,0.5153582023311766,209227,96690,101262,201945,17033,642165,38.687916666666666,27856.695652173912,12.962766671459633,1.9000000000000001
2015-04-06,0.379306217197936,307141,119833,87465,102566,62346,701747,52.68208333333333,28896.666666666668,12.77901678329501,2.7083333333333335
2015-04-07,0.3453632880548787,320386,143478,69956,109803,55467,719842,58.325,28802.833333333332,11.825858136822621,3.4416666666666664
2015-04-08,0.2661397165841012,371386,160528,75576,54533,51664,735174,53.240833333333335,30699.958333333336,11.349436836975993,3.775
2015-04-09,0.32546575311074954,296703,165501,55068,125310,33641,698224,62.92958333333333,28424.125,10.43470950760483,2.1416666666666666
2015-04-10,0.5037412246214307,172833,117550,70895,205444,12112,601541,67.21916666666667,23232.083333333332,11.71922647462937,1.6833333333333333
2015-04-11,0.3405468309551302,308709,121041,81583,114866,14392,663386,60.38666666666667,28470,12.124752164813419,1.9000000000000001
2015-04-12,0.2232387252346194,418346,146155,79527,50519,21542,736512,47.95583333333333,30599,13.43164038535279,2.3666666666666667
2015-04-13,0.503114442494807,185608,170128,101084,204116,48582,725491,59.2025,27288.791666666668,14.403913303617099,2.2
2015-04-14,0.4773761982756127,204332,170133,91314,217795,26379,725939,54.757083333333334,28015.291666666668,15.815460977441237,3.1
2015-04-15,0.385300432604406,249133,170155,104340,134948,15431,690238,60.47291666666666,28377.916666666668,14.364738976227017,2.775
2015-04-16,0.34423386442750376,252481,163001,86050,102248,21163,641192,62.17375,27817.478260869564,13.663291466960661,2.1
2015-04-17,0.30477828752001684,281234,170019,95647,57216,35707,656323,67.725,27857.541666666668,14.92858025786046,1.8666666666666667
2015-04-18,0.38072470329528185,219164,158986,89481,94452,40520,618460,59.154583333333335,24973.666666666668,13.881698731467306,2.033333333333333
2015-04-19,0.39286500991248974,197102,162182,91843,85158,47601,599244,53.999583333333334,22999.333333333332,12.49625671811096,2.0583333333333336
2015-04-20,0.3263206079197305,266658,167408,92799,55643,52403,651007,67.08708333333334,27053.130434782608,13.610046811094094,1.675
2015-04-21,0.45710350449393194,228729,152396,89814,181803,42133,711515,60.335,27746.416666666668,15.101663103911068,2.8916666666666666
2015-04-22,0.39573360331870094,260436,144966,96887,123607,37380,679543,61.939166666666665,27654.458333333332,15.146651536937654,2.5416666666666665
2015-04-23,0.30619632990151313,278265,138741,98999,29577,47105,608812,73.0425,26975.260869565216,14.67089221466005,1.2416666666666667
2015-04-24,0.2874888664386554,309469,149610,88819,63684,23765,652307,69.43833333333333,27309.666666666668,15.329706392190715,1.9083333333333332
2015-04-25,0.40809276302721315,206856,144759,82430,136811,15974,604120,59.555,25045.541666666668,15.689399915324664,3.1
2015-04-26,0.46423990585186214,187652,131133,103956,150203,15782,605004,50.18541666666667,23274.875,14.205315663343582,3.566666666666667
2015-04-27,0.5335836282416567,198659,120519,95911,237126,27203,695979,56.36708333333333,27306.958333333332,12.92187546331802,3.558333333333333
2015-04-28,0.39480986813995883,282466,120572,105891,101252,48987,676399,68.0675,27639.125,14.21815094580781,1.9583333333333335
2015-04-29,0.3554630418099053,310591,112869,112360,59133,54074,665847,71.13458333333334,27739.666666666668,14.9825627076943,1.6833333333333333
2015-04-30,0.42985294074316344,284707,96950,97592,127758,55451,678774,65.39375,27803.666666666668,15.796655171587464,1.7583333333333333
2015-05-01,0.2699098573992532,328815,170302,114361,34693,24225,693124,54.90708333333333,28244.5,18.27022720155933,3.2583333333333333
2015-05-02,0.5341305795236767,252812,154262,149224,280866,31613,889144,55.69083333333333,34069.86956521739,19.57395863688653,2.3666666666666667
2015-05-03,0.6288331251941479,139773,148352,182785,260671,44527,795141,55.0975,30311.75,19.39152821446833,2.2583333333333333
2015-05-04,0.546364283344987,116365,170136,130765,165936,45126,642143,58.72833333333333,21916.208333333332,19.95246763963448,3.716666666666667
2015-05-05,0.5217178584228881,234371,96674,139136,183444,33656,703108,57.07041666666667,28205.166666666668,17.8484819705394,3.6166666666666667
2015-05-06,0.38396807323442605,306223,120088,90559,103843,62043,706116,71.65208333333334,29281.583333333332,15.941350987346649,1.6333333333333333
2015-05-07,0.3466777406204637,295498,143242,65674,102442,54915,682683,61.30083333333333,27160.958333333332,17.85696480380882,2.025
2015-05-08,0.3109340355511175,344660,160559,82421,80316,54807,745068,51.276666666666664,31005.416666666664,18.333559216832835,3.0166666666666666
2015-05-09,0.3268846564185553,256786,165805,60442,113018,22836,640183,63.287083333333335,25040.625,18.954543479997476,1.7000000000000002
2015-05-10,0.5690898247479719,174667,117100,69531,302279,9845,695855,54.78375,28133.291666666668,20.460994823619657,2.0666666666666664
2015-05-11,0.3656286061092261,295119,120965,83638,128536,16887,668137,63.87041666666667,28267.125,20.851089939608933,1.7916666666666667
2015-05-12,0.23031444566525403,360918,146197,52840,66079,21747,668955,63.6975,27493.75,20.869306564736725,1.3416666666666668
2015-05-13,0.4576641921479996,245743,121175,123253,141130,36477,687137,60.181666666666665,29083.416666666668,23.00529601226997,2.2
2015-05-14,0.5438706054010641,192265,121042,115487,207193,44263,699751,55.861666666666665,29689.708333333332,23.297014362857894,3.6166666666666667
2015-05-15,0.5844418764408634,158233,121249,107619,221820,57308,687088,54.50083333333333,27818.666666666668,19.30084151329245,3.7083333333333335
2015-05-16,0.6164337658740147,130378,121132,125852,212788,61526,671459,45.85916666666667,25094,18.776795676763832,3.2
2015-05-17,0.6022292643922417,130163,120912,116244,196885,62983,646581,43.62125,23382,19.462813554447884,2.45
2015-05-18,0.4594784878509654,229522,121069,122926,112802,54109,660464,63.562083333333334,27995.916666666668,19.449254944721385,2.4916666666666667
2015-05-19,0.5473294445262101,183417,121282,104071,213351,45379,686243,53.77875,28468.541666666668,17.64419601546526,2.9583333333333335
2015-05-20,0.5111810259158,192202,121207,96808,171809,53421,655083,57.437083333333334,27802.208333333332,15.104140640976503,2.9416666666666664
2015-05-21,0.5551590483827854,171346,121428,93639,208866,56833,673380,54.94125,27649.166666666668,15.352149635736236,2.55
2015-05-22,0.5735739401149701,161634,121518,91640,223753,59330,680003,55.94,27765.083333333332,15.507234247188169,2.4166666666666665
2015-05-23,0.5813980455944389,139040,121334,86668,211028,59548,638148,47.34458333333333,25156.833333333332,16.58737541538857,2.3833333333333333
2015-05-24,0.5445361826129189,143286,117260,88708,176347,40884,586815,45.46,22943.541666666668,17.455175405802688,2.275
2015-05-25,0.48655330035056155,194047,121135,95612,149311,45127,626994,59.989583333333336,27191.166666666668,18.247704171459628,2.275
2015-05-26,0.5235238259023037,190611,121007,80667,197790,56732,668705,58.777499999999996,28093.291666666668,18.62990176859665,2.0833333333333335
2015-05-27,0.5075080233500242,216233,120778,97551,180806,61491,698586,59.65416666666667,28391.125,18.75103315120146,2.2583333333333333
2015-05-28,0.4418567846455624,256667,120766,100849,128778,59681,688739,63.39833333333333,28715.291666666668,19.925121772750536,2.2916666666666665
2015-05-29,0.4121391018342066,266309,120646,98326,119191,43200,670099,65.18625,28553.565217391304,19.360501453859946,2.341666666666667
2015-05-30,0.3611690535621685,254724,121293,81772,68825,50969,599733,60.50083333333333,25358.583333333332,19.210980061349723,1.9083333333333332
2015-05-31,0.38064933380826615,239680,130525,97314,62916,57195,609209,58.75833333333333,23272.625,19.507561301763833,1.65
2015-06-01,0.290791713854427,293079,170325,104900,59141,15165,663131,66.37,25235.916666666668,22.319315008307797,2.3583333333333334
2015-06-02,0.45927504400231006,293543,170291,154969,203196,28879,870977,66.52875,34301.5,23.634610014059326,1.95
2015-06-03,0.487777988557415,210968,155500,192712,98663,50842,727458,66.25166666666667,29978.541666666668,24.225840394938665,2.283333333333333
2015-06-04,0.4938142747505756,138243,170125,114853,154960,26480,618925,66.89916666666667,23953.416666666668,22.71534474054195,1.9500000000000002
2015-06-05,0.39094512040444196,305780,96842,138205,56941,55575,670158,66.43458333333334,27939.958333333332,22.66182941909511,2.05
2015-06-06,0.4338255441321881,260320,111373,85170,136147,55571,671528,58.446666666666665,26608,22.77762039877303,2.025
2015-06-07,0.33172493959118876,382785,142725,93054,102188,55757,797483,57.49458333333333,32783.416666666664,23.539387877045023,1.9333333333333333
2015-06-08,0.268594226504488,372631,160476,80499,62258,42198,740418,67.26041666666667,30947.916666666664,23.828192916027625,2.2
2015-06-09,0.3050728470766478,251428,165724,57459,84651,31806,612516,67.27333333333334,22885.541666666668,23.63534621037834,2.1833333333333336
2015-06-10,0.5367890952896976,211677,117083,73891,278387,23464,727172,67.02833333333334,28489.625,21.75607090362988,2.45
2015-06-11,0.33833754226370694,298043,120953,79924,90681,32149,645057,70.52374999999999,28125.958333333332,20.99100894683029,2.95
2015-06-12,0.3068312007398512,298117,146181,68083,98219,19101,652023,68.24875,25279.375,19.601931988113517,2.658333333333333
2015-06-13,0.33921472781892575,279320,120331,80788,80916,34706,617824,65.68291666666667,25282.041666666668,18.559055949642165,2.1083333333333334
2015-06-14,0.33208356189891447,268979,120497,90891,66550,27446,596109,61.83125,22986.083333333332,18.291677706416195,2.7416666666666667
2015-06-15,0.3302721447852525,294157,115622,85825,82029,25942,624594,66.42791666666666,27381.875,17.73099174015851,2.3666666666666667
2015-06-16,0.3936422337747877,283243,120385,70112,131981,52430,680176,66.43625,27734.541666666668,19.27078356659,2.0083333333333333
2015-06-17,0.4754275081546188,247533,120338,74799,190447,62794,717998,61.759166666666665,28097.375,20.882332406697362,2.2
2015-06-18,0.45540199138059145,255740,120402,73725,170146,64916,706545,59.13583333333334,28544.666666666668,22.132037321063418,1.9666666666666668
2015-06-19,0.4455248440934832,263757,120274,67226,171239,64065,708277,61.37708333333333,28995.833333333332,23.216427354933565,2
2015-06-20,0.43766076195098275,242227,120235,72166,139461,64174,659360,56.129583333333336,26562,23.54958596945299,1.7833333333333334
2015-06-21,0.36790737591583095,266788,122370,77260,85019,56545,629210,58.38375,24432.916666666668,24.017694561605342,1.9500000000000002
2015-06-22,0.3340619656817067,324937,125434,105137,59804,52413,688962,73.19833333333334,29402.5,23.94758389251027,2.45
2015-06-23,0.32572830237818223,332813,135224,78396,81638,57157,706506,70.98166666666667,29366.583333333332,21.729148469452998,1.9749999999999999
2015-06-24,0.29272710096623633,328568,142330,79238,46141,59686,677474,71.87791666666666,27657.666666666668,21.572514139187142,1.7249999999999999
2015-06-25,0.2894480200106799,353411,143645,89981,41176,61517,711620,73.43291666666667,29651.708333333332,23.626505144427423,1.8833333333333333
2015-06-26,0.3113785125057019,349162,143479,92522,57439,63276,727828,74.35041666666666,30362.25,26.027369631901866,2.458333333333333
2015-06-27,0.3350056730573415,308591,140098,90453,63685,62937,687460,65.53208333333333,28136.75,27.446658997955026,1.9416666666666667
2015-06-28,0.30635818776261386,303402,143431,68661,56197,62428,656382,60.43291666666667,26187.291666666668,27.89340362985687,1.8250000000000002
2015-06-29,0.3349595523895071,349545,143543,97805,76863,63784,753691,71.8325,31638.666666666664,28.734928425357896,2.175
2015-06-30,0.3624805948822703,350108,143784,87301,119818,63834,785231,71.68458333333334,32639.75,28.88990286298571,3.0500000000000003
2015-07-01,0.2546475344139321,397998,170326,144878,20765,16893,771054,71.57708333333333,31607.458333333336,27.61441462167692,2.5749999999999997
2015-07-02,0.37193520594585616,306249,170572,165109,92522,15778,770688,75.64458333333333,31219.708333333336,27.097413087934584,2.966666666666667
2015-07-03,0.453098391063727,189502,164831,174761,59311,51161,658261,72.08583333333334,26304.541666666668,28.30399284253581,3.1333333333333333
2015-07-04,0.5087037293855239,165343,170099,104616,203637,33962,692232,65.69166666666666,27328.958333333332,29.024690695296545,2.3666666666666667
2015-07-05,0.4868332423149853,251533,97181,126948,138952,58299,690337,60.74458333333333,27951.916666666668,29.467589468302677,2.283333333333333
2015-07-06,0.44242152943643936,233842,114369,95304,122758,50940,638902,71.715,24411.583333333332,29.877229038854832,2.6333333333333333
2015-07-07,0.3016654510089959,412461,142337,95280,82611,51535,806148,73.08083333333333,33850.291666666664,30.086370143149303,3.0083333333333337
2015-07-08,0.29722247188563056,347684,160288,79277,98192,26611,734322,71.505,31174.333333333336,28.538821574642153,2.416666666666667
2015-07-09,0.26703188047117615,321410,165670,69494,69827,28251,675586,71.72916666666667,27228.5,27.741661554192255,2.966666666666667
2015-07-10,0.3021762567905364,341303,117460,86666,66425,34367,669682,74.64166666666667,28006.666666666668,27.666894171779163,3.5916666666666663
2015-07-11,0.35273334088731856,248071,120943,68299,88015,33796,582474,65.28958333333334,24929.375,27.307037321063426,2.3499999999999996
2015-07-12,0.3488497425282864,286090,146184,62971,151161,6757,675414,62.94291666666667,26723.416666666668,27.85370910020452,2.1583333333333337
2015-07-13,0.2938205332002798,401395,153138,75663,82249,62267,797674,75.17916666666667,32314.166666666664,28.68465235173826,2.066666666666667
2015-07-14,0.3022420137696566,401901,162620,77505,95535,61489,821226,72.42875000000001,33350.958333333336,29.136661554192255,2.1083333333333334
2015-07-15,0.2879428621685405,411003,163977,80637,83358,57562,818652,73.36583333333333,33545.916666666664,25.664038854805746,2.058333333333333
2015-07-16,0.2724492567534199,417087,164175,66101,90464,49856,809960,75.38208333333333,33437.75,28.959591002045013,2.2666666666666666
2015-07-17,0.24776876738592263,427162,164088,76352,75726,31067,796981,74.87791666666666,33354.333333333336,28.74539877300615,2.283333333333333
2015-07-18,0.30660213164481426,338479,155288,60994,97596,48932,723948,70.40291666666667,29411.333333333332,27.806592535787342,2.416666666666667
2015-07-19,0.2828114107955046,310890,161283,61676,58984,54238,669927,65.79583333333333,26683.166666666668,27.665023006134994,2.1916666666666664
2015-07-20,0.25040175328616776,430061,164356,87182,40987,58620,803976,75.97375,33061.833333333336,28.493939161554216,2.4416666666666664
2015-07-21,0.2540820385438347,442905,162145,71994,64868,57969,822077,76.81041666666667,34071.875,29.228762781186113,2.558333333333333
2015-07-22,0.27652329047383645,419019,163921,65119,87273,59039,817244,75.94833333333334,33534.791666666664,28.188655419222922,2.6833333333333336
2015-07-23,0.2713670978897978,419066,161119,79592,64893,59690,807316,76.1625,33465.958333333336,27.897369631901864,2.6833333333333336
2015-07-24,0.3280766840453796,358802,163938,54503,130178,59751,790047,72.00708333333334,33147.708333333336,27.92473159509205,2.7666666666666666
2015-07-25,0.3650750457310998,289363,164548,62243,127814,61112,727623,61.74125,28528.5,26.19821830265851,2.5
2015-07-26,0.332542574420617,280965,164432,60735,90652,60015,679516,59.64125,26344,27.004059304703496,2.7583333333333333
2015-07-27,0.31319104428828237,352631,164387,67236,97074,60955,764875,73.44416666666666,32028.375,28.09800869120657,2.7083333333333335
2015-07-28,0.28789862241190367,375605,164006,69841,78362,59618,769243,74.84541666666667,32776.041666666664,27.781978527607382,2.1
2015-07-29,0.29367812398805,390446,162012,71563,90783,57233,793641,73.75791666666666,33232,28.10933537832313,2.5833333333333335
2015-07-30,0.3400825221750093,355036,162266,51676,150380,55046,796392,70.08666666666667,32090.75,25.859734151329267,2.7916666666666665
2015-07-31,0.3454723960890065,332574,161857,64089,141357,45654,767989,68.73416666666667,30418.75,24.707586912065462,3
2015-08-01,0.2702289047970093,407728,170446,124277,57013,21096,801687,61.89833333333333,32703.541666666664,23.308131390593076,2.1666666666666665
2015-08-02,0.4924648498920114,234137,159642,140727,203546,31873,789898,55.30833333333334,28507.541666666664,25.98524028629859,2.525
2015-08-03,0.4861281511594902,158521,167161,172262,84900,43771,644723,69.54291666666667,24323.041666666668,27.552955010224967,2.8083333333333336
2015-08-04,0.5062478824959643,172287,170229,99994,223161,22935,702478,68.91583333333334,28252.083333333332,27.853036809815972,2.2583333333333333
2015-08-05,0.5845835819031896,187261,106425,145486,217438,46460,720790,69.04666666666667,28138.458333333332,26.21157464212681,2.45
2015-08-06,0.374329006477149,300939,119914,84692,110754,46875,685178,70.7525,29483.833333333336,25.390200664621695,2.15
2015-08-07,0.35075746534178104,380292,141923,68401,147380,57031,816473,70.49791666666667,33729.416666666664,28.097586912065466,2.4916666666666667
2015-08-08,0.34236834767931984,271812,160727,68177,128046,18356,670687,63.78666666666667,27468.708333333332,26.50246676891618,2.466666666666667
2015-08-09,0.2305153058332513,342279,165857,66286,29660,44344,670398,56.373333333333335,27468.833333333332,23.33841768916158,2.4916666666666667
2015-08-10,0.30771616143280694,331258,118020,81902,70095,36381,661080,68.51041666666667,27707.166666666668,26.096344580777117,2.4250000000000003
2015-08-11,0.4655594199976477,189807,120924,95608,136019,31069,595170,69.74916666666667,23190.25,27.201868609406972,2.825
2015-08-12,0.2496857706405168,315849,146169,73610,59597,9360,626135,67.885,25653.333333333332,26.928849693251554,2.3333333333333335
2015-08-13,0.4367943962110025,260502,158084,65816,200355,50033,757773,60.86958333333333,29242.416666666668,25.52589212678939,3.9583333333333335
2015-08-14,0.3534731592972541,270506,158651,61461,111048,51495,676603,64.21625,27599.75,23.449437627811886,3.3083333333333336
2015-08-15,0.321545209777189,244830,158586,55392,76950,47830,606882,58.007083333333334,24094.541666666668,22.357379856850738,2.308333333333333
2015-08-16,0.28644852011734123,251858,158638,55807,49023,48225,587006,61.59791666666666,23056.833333333332,22.598632413087962,2.5999999999999996
2015-08-17,0.2860454052125303,313312,158762,58156,69242,50078,672610,68.77083333333333,27180.25,24.516523517382435,2.475
2015-08-18,0.3004709014566864,309387,159475,48144,89077,53071,682096,64.16625,27456.5,23.168082822085918,2.6083333333333334
2015-08-19,0.29621017145227585,313895,160096,70191,65368,52386,684622,65.23875,27663.25,23.947717280163623,2.5
2015-08-20,0.28994558160903794,329250,160128,70015,65199,52971,700866,65.52666666666667,28642.291666666664,25.781722903885505,2.533333333333333
2015-08-21,0.28276837262280985,345253,160069,69698,75158,43156,716392,69.23,29218,26.24235685071577,2.6
2015-08-22,0.32717099593196425,283379,160189,55560,105803,43767,671823,61.698750000000004,26326.916666666668,24.89052147239266,2.825
2015-08-23,0.5481360451896692,135642,160332,88523,222997,42823,672012,44.12583333333333,23945.75,23.94115286298571,4.3500000000000005
2015-08-24,0.43429529695297514,237371,160424,68840,187251,40446,716174,62.02125,27752.958333333332,23.064961656441742,4.583333333333333
2015-08-25,0.2874138293746485,328443,161367,55590,76228,54249,698759,68.275,28534.583333333332,22.70673824130882,2.2083333333333335
2015-08-26,0.374892755072472,273507,158513,52041,143953,53494,703996,62.95666666666666,28577.625,24.73944657464215,2.6166666666666667
2015-08-27,0.3777570619001343,286998,161007,56587,154781,51049,732664,59.64208333333333,29940.208333333336,25.262300613496954,2.7
2015-08-28,0.3097684431886121,329938,160892,72364,83873,52820,720903,67.94083333333333,30069.333333333336,25.685462678936627,1.8333333333333335
2015-08-29,0.35036982820691337,268651,161537,44431,135656,41919,672204,60.342083333333335,27319.958333333332,27.09967280163602,2.041666666666667
2015-08-30,0.3737369154878886,245666,162065,59381,142452,31811,661278,55.945,25504.708333333332,26.257621980444807,2.225
2015-08-31,0.27495441737112547,375719,163505,80309,90970,22605,754125,71.10208333333334,30671.333333333336,24.36267638036812,2.4583333333333335
2015-09-01,0.29651907369917435,376488,170514,108036,83846,27189,787865,66.34,32297.75,22.16811963190187,2.35
2015-09-02,0.4576817390720333,298170,163243,141053,209768,31109,863587,65.79916666666666,33652.375,21.079978511630898,2.2416666666666667
2015-09-03,0.4203412785144282,248616,167050,181240,64837,46273,726562,62.6975,28984.333333333336,20.174445296523544,3.2583333333333333
2015-09-04,0.419793792542085,218757,170331,127540,131270,15608,678152,63.270833333333336,28607.166666666668,18.590741308793476,2.7583333333333333
2015-09-05,0.4103880565617255,234580,118335,131661,51812,53752,608468,59.87,25326.791666666668,17.86693762781188,2.3666666666666667
2015-09-06,0.3663944745283344,313733,119683,84876,115243,41138,695832,59.85208333333333,29838.958333333332,15.807791411042965,2.158333333333333
2015-09-07,0.34244890072665285,387822,141745,77388,129791,59530,817722,67.87583333333333,33042.083333333336,13.859266359918223,2.1166666666666667
2015-09-08,0.39218685327466474,240139,161099,80140,140911,28564,674069,69.57875,24437.875,15.448494376278145,1.8
2015-09-09,0.25583245724396647,344624,165687,70380,53387,39710,696276,68.88791666666667,28234.791666666668,19.191612985685087,2.158333333333333
2015-09-10,0.2604685978284491,332356,118845,81342,33446,31735,621215,67.24083333333333,27071.375,19.695754089979573,2.3
2015-09-11,0.27319850888037156,328003,120940,89021,36431,31191,628521,63.65375,27013.583333333336,19.857885991820062,2.1666666666666665
2015-09-12,0.2609157161401751,380218,145515,82183,81215,10558,722582,59.15875,29873.916666666664,20.579920756646242,1.975
2015-09-13,0.5194346937746325,141495,165406,83735,201836,40579,654371,46.53625,23295.875,19.97070296523519,3.7083333333333335
2015-09-14,0.4058019574993387,230478,165964,68603,155132,37744,680460,59.59,27463.75,19.07543711656444,3.5166666666666666
2015-09-15,0.44619895938224563,208133,165861,58713,206098,27203,689206,55.465833333333336,28221.916666666668,17.43400817995913,3.175
2015-09-16,0.5448774836904609,162934,165441,70929,297264,19382,738065,44.69625,28656.458333333332,19.558874616564434,5.633333333333334
2015-09-17,0.40347839383380785,247342,165967,71394,154505,44060,706303,57.361666666666665,27981.458333333332,17.9500102249489,3.808333333333333
2015-09-18,0.2857155822723347,298093,166110,65691,57788,50156,661091,62.31791666666667,27633.75,17.762857873210656,2.2083333333333335
2015-09-19,0.3413326251765726,237745,165941,60296,87840,50767,625097,54.932916666666664,24893.375,19.508486707566483,2.225
2015-09-20,0.3204129782750348,235649,166039,67382,60178,51664,603131,54.91416666666667,22969.083333333332,20.43231339468305,1.975
2015-09-21,0.26148999483800445,312475,165907,65299,49440,43306,658660,62.70125,27790.583333333336,21.11174079754603,2.075
2015-09-22,0.35286210095672804,270415,165938,58363,120520,49746,686611,57.151666666666664,28580.708333333332,20.40870598479041,2.841666666666667
2015-09-23,0.35461705978239944,278359,166040,60679,126062,47858,701193,58.15208333333333,28384.458333333332,19.516620654396753,2.4499999999999997
2015-09-24,0.3028130726622787,296262,165945,75561,67147,47609,675027,60.35166666666667,28043.625,19.78280419222907,2.1166666666666667
2015-09-25,0.26436350380485135,310079,166007,66108,50224,43614,658370,60.42916666666667,27955.708333333332,20.474639570552167,1.775
2015-09-26,0.24511376223968415,282273,159959,55952,39027,37393,596727,58.39875,25128.5,20.56508283806239,1.625
2015-09-27,0.33595258901148706,234956,143940,57693,83321,40962,582481,54.83708333333333,23113.75,20.35189481083846,1.65
2015-09-28,0.33408736611215006,284899,144054,67758,104369,33290,655586,59.830416666666665,27559.458333333332,19.054331943379374,2.2
2015-09-29,0.28877789355330347,314832,144134,78090,72656,24932,655483,61.84375,28082.666666666668,18.46618737218816,2.4583333333333335
2015-09-30,0.2772531489264202,317937,144006,79333,47772,39107,650301,63.9075,27989.125,18.531074897750532,2.533333333333333
2015-10-01,0.3061120844728088,326338,170462,92241,92259,23461,726577,65.3525,28737.833333333332,18.12730772303172,2.216666666666667
2015-10-02,0.33173108538072044,359738,161893,143990,91045,14595,790764,65.37166666666667,33754.09090909091,18.57323491820043,2.1333333333333333
2015-10-03,0.3737863943776961,280850,167458,181326,26870,49452,725112,58.395,29430.041666666668,19.381290021088983,2.1083333333333334
2015-10-04,0.37498601616605787,247811,166669,115605,97283,27545,670417,48.19708333333333,28229.291666666668,18.90415092983132,2.15
2015-10-05,0.5097615580663097,173923,120955,137607,107465,55666,613273,51.041666666666664,23289.208333333332,21.84412057451434,4.3
2015-10-06,0.3585816766932169,309746,120139,87896,112716,30595,682355,54.126666666666665,29846.041666666668,20.53007149475974,5.15
2015-10-07,0.3034923037330908,396187,142002,72083,91220,61058,784926,67.10583333333334,32600.833333333332,18.111339468302685,1.9749999999999999
2015-10-08,0.2646598017570489,342157,160943,62655,66066,40747,695712,64.82541666666667,28839.875,17.113925102249514,1.7
2015-10-09,0.24052098535204422,345710,165372,67862,40409,41360,683167,64.3825,28524.166666666668,16.466398261758716,1.7083333333333333
2015-10-10,0.3129918973894085,233044,125944,57436,73819,20553,533902,57.68833333333333,24499.791666666668,16.784492666794506,2.3833333333333333
2015-10-11,0.26241883602002647,352267,120959,94930,30363,30961,652537,58.062916666666666,28032.083333333332,18.264031186094098,2.2583333333333333
2015-10-12,0.22155338422893708,414434,146178,75183,60461,11505,730122,58.49791666666667,30617.083333333332,18.96530674846628,2.1166666666666667
2015-10-13,0.3929724375748979,246736,142806,67878,158549,16270,654224,59.662083333333335,27230.958333333332,16.100276073619654,2.05
2015-10-14,0.3996848716635497,263389,143066,55290,170586,34841,689243,59.3025,27613,14.346268452837446,2
2015-10-15,0.2986281328063612,327760,143356,78795,69761,40558,682136,63.28,27625.333333333332,13.133959611451964,1.9916666666666667
2015-10-16,0.24214927524723445,349398,139392,86422,31771,25436,654844,66.42625,27736.75,13.822537784381414,2
2015-10-17,0.4134954171334809,205854,119244,55374,149343,14461,566785,54.817083333333336,25107.833333333332,15.84332806109408,1.9666666666666668
2015-10-18,0.32971581901641367,221533,119148,69891,77345,8763,519141,60.27041666666667,23036.458333333332,17.89914302147238,1.6166666666666667
2015-10-19,0.35107412899351725,296325,119152,91687,110154,12143,652808,64.68625,27676.583333333336,17.812911634074634,2.158333333333333
2015-10-20,0.4524427464470122,253034,119744,55878,232422,12125,696245,57.51541666666667,28127.791666666668,16.752088445807786,2.0083333333333333
2015-10-21,0.4312533200718831,262408,131510,64203,196654,31284,707816,58.55166666666666,27927.708333333332,14.159345603272001,1.6083333333333334
2015-10-22,0.3731657828728455,280118,142907,60548,142580,40303,688509,61.38458333333333,27827.583333333332,13.982686605317,1.7750000000000001
2015-10-23,0.2823088096649275,315021,143669,96481,53921,18671,651262,65.99625,27858.375,15.139927386886509,1.5583333333333333
2015-10-24,0.26226907623679035,280794,143769,71159,59483,8731,586882,60.23583333333333,24877.083333333332,16.027591944657463,1.0833333333333333
2015-10-25,0.31151706878505675,252253,149424,65768,88892,16325,596176,55.3188,22846.72,16.903433895705515,1.544
2015-10-26,0.33047075214500726,282641,143092,64675,125542,9647,648133,59.607083333333335,27581.375,16.89277128067484,2.0166666666666666
2015-10-27,0.4049984552594351,251368,142875,62426,181217,16218,676489,56.774166666666666,28209.791666666668,16.687622651457037,2.6416666666666666
2015-10-28,0.4640733587797868,236430,142932,66007,239682,16327,723349,53.19041666666667,28194.083333333332,15.742564800613497,3.625
2015-10-29,0.3792561040320412,275687,142885,78377,140852,28349,687865,60.06458333333333,28177.125,15.854804064417184,2.3583333333333334
2015-10-30,0.4232425593707834,225476,136485,65837,159824,31246,641814,56.43958333333333,27929.541666666668,16.375590874233147,1.975
2015-10-31,0.41333178357645145,224044,120955,76589,141790,16020,602245,55.209583333333335,24898.541666666668,16.88051508179959,2.283333333333333
2015-11-01,0.3917419608788875,260933,170082,100485,146163,21787,721503,46.130833333333335,26627.416666666668,17.083204387142136,4.316666666666666
2015-11-02,0.3086296766249647,392658,170605,159729,66155,16017,825141,56.66166666666667,33680,15.870576735046006,4.816666666666666
2015-11-03,0.39063108289479775,272485,169733,173498,48037,51403,734642,58.85333333333333,29239.833333333332,15.07634368609406,2.441666666666667
2015-11-04,0.307266797302254,253256,161177,108250,41607,25192,605246,60.39125,25539.125,15.497618353783228,2.175
2015-11-05,0.4229647896260035,250077,120941,125126,82250,57229,654097,59.54,27871.791666666668,16.444143788343563,1.575
2015-11-06,0.3198781165592796,325587,120039,94833,85176,20599,667523,62.721666666666664,29229.875,16.299565311860956,1.8166666666666667
2015-11-07,0.3318747318747319,322504,143983,62122,97596,62440,710955,60.01875,28955.791666666668,16.252867203476494,1.775
2015-11-08,0.26727482863847457,353528,159763,62797,74107,39033,712091,53.91083333333333,29610.25,16.216938011247446,2.2
2015-11-09,0.2700764263410795,310977,165495,47572,72057,45292,663253,68.285,27403.166666666668,15.102490669734163,1.6583333333333334
2015-11-10,0.28261415802845324,219230,132645,55220,57550,14039,501454,68.43541666666667,22727.25,14.852717791411042,1.8333333333333333
2015-11-11,0.25698563402864594,354494,121130,103908,17709,30815,651122,68.24875,28239.541666666668,13.775559560327196,1.0666666666666667
2015-11-12,0.21367404004593799,413058,146253,71058,56163,11617,720972,68.64625,30545.083333333332,13.437031441717796,1.1833333333333333
2015-11-13,0.2919173969185252,322289,121144,84355,60003,27315,638136,63.833333333333336,28254.041666666668,13.902244631901844,1.2916666666666665
2015-11-14,0.29580357479607616,280387,121964,66804,63062,27787,583306,59.42333333333333,25088.958333333332,13.603299591002056,2.025
2015-11-15,0.2766068766015196,269699,126901,72160,41919,26071,560015,59.02375,23261.125,12.574445424335384,1.6333333333333333
2015-11-16,0.2892849595356213,327161,131745,90270,59605,25727,657739,66.03583333333333,28100.583333333336,11.883224309815962,1.425
2015-11-17,0.298689237023797,336665,135400,87194,79857,24327,684792,64.57708333333333,29016.666666666668,11.809355412832335,1.7333333333333334
2015-11-18,0.27426498663612064,344172,141817,99402,49231,25544,680940,66.71875,29045.291666666668,12.064255160403896,1.8583333333333334
2015-11-19,0.27046694877942107,345071,145549,88779,58137,24717,683651,66.25166666666667,28903,13.096924335378322,1.5583333333333333
2015-11-20,0.3973572870265213,256388,145044,57296,177634,21440,679756,58.06875,28871.916666666668,13.913264442740292,2.408333333333333
2015-11-21,0.6343754172625922,113604,143847,90741,343267,14415,726461,37.922916666666666,26152,14.07170373210634,5.466666666666667
2015-11-22,0.5049510313212434,147269,146040,85490,188771,20265,609267,48.86333333333334,24528.791666666668,8.3855327198364,2.9166666666666665
2015-11-23,0.37467779924312594,317957,146060,111307,129428,27746,755740,68.17041666666667,30129.916666666664,7.172517510224955,2.3833333333333333
2015-11-24,0.3475144098653038,356741,146130,97504,135044,25119,783838,68.19583333333333,31484.208333333336,7.250531058282211,1.7083333333333333
2015-11-25,0.47576136558203247,268501,146068,67237,279933,20814,805986,59.07583333333333,31186.708333333336,10.850647239263797,3.2916666666666665
2015-11-26,0.4639380191418696,282610,146181,64412,273095,25309,814445,57.85541666666666,30867.875,12.134254729038854,3.8833333333333333
2015-11-27,0.3881841485427345,310571,146246,78221,176719,26728,759539,62.58875,30335.75,12.086002428425378,2.85
2015-11-28,0.3889831202405044,263822,146245,75124,150808,27348,683896,55.21625,27244.5,10.194941717791426,2.1
2015-11-29,0.3098613619420408,281896,146256,82822,70956,29453,631789,59.00333333333333,25330.25,8.091428041922317,2.2416666666666667
2015-11-30,0.2712387598980003,382850,136131,101191,53471,28050,722747,69.13541666666667,30618.708333333336,7.979505879345609,1.7916666666666667
2015-12-01,0.3595803754778074,320824,170427,100656,145340,20113,780126,73.8475,31675.583333333336,7.68383537832312,1.4833333333333334
2015-12-02,0.2921439312068463,378420,163497,153065,43990,17494,775426,74.99458333333334,33152.391304347824,8.268735940695287,1.3916666666666666
2015-12-03,0.4161026416770173,244967,170205,156479,80320,48585,720565,70.02458333333334,29085.166666666668,9.01879346402097,1.6916666666666667
2015-12-04,0.4726126350383708,160977,169211,108715,143304,37434,634727,72.45375,23460.041666666668,9.835045501022503,1.3416666666666666
2015-12-05,0.4125759472505098,269181,120994,129889,82897,52975,675798,67.77416666666667,28775.416666666668,10.69560736196319,1.4
2015-12-06,0.3072031022483279,319908,120464,87450,66055,32729,648304,58.844166666666666,28415.833333333332,10.754518532719846,1.5833333333333333
2015-12-07,0.3108583345322834,306061,149907,61038,70868,63411,674201,57.40875,26562.708333333332,10.45118238752556,1.9
2015-12-08,0.26724762335898594,351977,157644,56159,85813,32566,706880,62.764583333333334,29835.375,11.518295133563395,1.45
2015-12-09,0.3088155074379741,257871,165260,53162,94472,30266,623288,68.93,25383.75,11.447075608703983,2.5083333333333333
2015-12-10,0.34776861187136054,221479,142092,59319,107395,16760,569623,71.82375,23192.583333333332,10.37225969772496,1.7333333333333334
2015-12-11,0.25708547809046156,359511,121132,99220,27154,28484,658777,70.50208333333333,28378.708333333332,10.543802914110419,1.9666666666666666
2015-12-12,0.21730831584678728,357477,146214,64395,52291,10644,653836,67.35208333333333,27743.833333333332,10.445112985685066,1.7333333333333334
2015-12-13,0.2812181323356522,284800,149927,54395,96273,8211,615828,56.410833333333336,25924.625,9.38243960090746,2.058333333333333
2015-12-14,0.3588244285453785,316187,154030,68588,177548,7254,745816,61.374583333333334,30878.166666666664,10.258402607361973,2.725
2015-12-15,0.3814711314020807,294395,154500,72469,180264,15112,738588,59.11416666666667,31042.25,11.712588685455014,2.1833333333333336
2015-12-16,0.32088914142349917,330987,156033,72522,132423,14904,728613,64.66333333333333,30675.458333333332,10.969147478911047,1.8333333333333333
2015-12-17,0.30376332087262176,330837,160380,70129,120847,12568,716920,64.35708333333334,30567.208333333332,10.516731083844586,1.7
2015-12-18,0.2981256325179783,331225,159163,73383,108553,14787,709466,64.19916666666667,29905.125,10.16279396728017,1.325
2015-12-19,0.36290242309247567,247864,154086,53869,144250,20738,642980,55.84458333333333,27337.958333333332,10.088730700409013,1.6916666666666667
2015-12-20,0.33164132234960103,262259,165175,69500,120070,11929,650902,56.11708333333333,25312.541666666668,10.232024667689185,1.45
2015-12-21,0.28475244860540777,321866,170117,74160,92878,17082,698663,65.64416666666666,29424.25,9.76939097648264,1.725
2015-12-22,0.3428021662771659,292086,170282,69289,143439,18197,714590,63.87875,29769.583333333332,8.979822085889591,2.191666666666667
2015-12-23,0.2529736827218241,325055,170289,81407,61823,13500,671726,65.65625,29173.125,9.055435327198385,1.45
2015-12-24,0.3244844110901962,234327,170401,61349,111989,12708,608285,58.44416666666667,25600.458333333332,9.325664621676914,1.825
2015-12-25,0.3465940471698629,182303,170469,65255,95830,18020,548613,57.47291666666667,21792.25,8.336649923312905,1.9666666666666668
2015-12-26,0.42820474506483375,168462,170445,78524,151397,15918,602310,53.315416666666664,24095.916666666668,7.919904396728041,2.6166666666666667
2015-12-27,0.5171344886895771,123830,170406,83596,211529,14004,620357,40.66708333333333,23885.125,9.126320296523541,2.7583333333333333
2015-12-28,0.5380902671890028,139750,169943,75474,270445,9209,682064,48.135416666666664,27401.708333333336,10.639967535787338,2.65
2015-12-29,0.40788300891787277,206428,170191,87740,150624,13148,645109,57.2375,27238.041666666668,11.118123849693276,2.0833333333333335
2015-12-30,0.43744340311396457,184054,170257,63052,190343,14559,638286,51.55708333333333,27041.166666666668,9.955309560327219,2.7416666666666667
2015-12-31,0.3644282163147644,203957,169999,86931,112330,6306,594578,58.144999999999996,25006.625,11.060970603272008,2.3083333333333336
2016-01-01,0.514821760542709,123270,169510,92499,203564,8902,613220,40.93083333333333,21755.208333333332,11.504512908997981,2.8000000000000003
2016-01-02,0.3829470621711711,270977,146344,146647,74887,28236,688808,41.97208333333334,29964,10.731230828220875,3.158333333333333
2016-01-03,0.5750098743058943,151497,170465,198214,188208,45567,774738,31.34875,31188.5,9.400953093047061,4.55
2016-01-04,0.5624851580007588,145455,170288,193145,154103,51997,732718,41.64333333333333,29200.916666666668,12.651368609406978,5.733333333333333
2016-01-05,0.6816485072206834,95072,122077,191648,216201,62266,700003,42.345416666666665,22105.041666666668,8.986331927402885,3.975
2016-01-06,0.5273300366162093,148133,145901,123832,135881,65545,635784,27.638333333333335,27861.666666666668,7.578442356850735,4.941666666666666
2016-01-07,0.3219234518614799,296095,163994,89781,62723,59260,689344,38.46958333333333,30700.833333333332,13.07975536809819,6
2016-01-08,0.35104158025036347,270162,167083,78809,93347,57724,687081,43.08,30443.125,14.206064544989795,4.941666666666666
2016-01-09,0.30735259546172017,319279,166663,73695,86939,47945,714632,37.11416666666667,31560.958333333336,12.667449130879374,4.366666666666666
2016-01-10,0.25834675065022383,243397,166931,40161,56598,38642,565190,21.74625,25495.958333333332,12.990838701431509,6.45
2016-01-11,0.27043937659593204,260733,144772,66604,57754,19075,567850,35.2625,23257.041666666668,12.96211630879347,6.216666666666667
2016-01-12,0.2497252772380595,444793,120687,96244,76678,7528,765317,45.336666666666666,31267.791666666664,9.776194401840511,3.8083333333333336
2016-01-13,0.4905554985111408,221260,143925,192388,135212,18486,730425,48.77625,31672.25,7.323421651329275,2.425
2016-01-14,0.5076883529335786,235862,146126,198799,183262,6089,789701,45.76083333333333,31914.5,9.16285812883438,2.5
2016-01-15,0.5376919996020337,209423,146087,185490,209473,13036,783986,47.547916666666666,31682.458333333336,8.778609774412088,3.15
2016-01-16,0.5680850565625039,160134,146218,187098,182908,28088,726011,42.235,28875.166666666668,6.883612730061365,3.8833333333333333
2016-01-17,0.5181010096729423,164441,146276,184608,128834,13773,660709,45.474583333333335,27418.541666666664,5.085587295501043,2.225
2016-01-18,0.5338241018947378,232638,146018,179385,234611,13645,829719,51.18416666666667,32258.833333333336,8.24874527096117,3.1166666666666667
2016-01-19,0.36851580904523873,348954,146192,181862,85307,11264,797613,59.71625,32509.041666666664,7.42482135097139,1.9833333333333334
2016-01-20,0.3334449472751927,366698,146135,170433,64124,11144,782459,60.74166666666667,32372.166666666664,7.716748482234175,1.5250000000000001
2016-01-21,0.3571642409305247,371107,146248,160443,105645,10652,818377,58.78875,32215.375,8.105263180598183,1.575
2016-01-22,0.3594676549865229,320510,146262,155036,88120,9171,742000,55.00541666666667,31617.333333333332,9.741719948236224,1.6
2016-01-23,0.378353844172733,236387,146276,140383,68040,15414,629017,49.29708333333333,27785.75,11.953904907975485,1.4666666666666668
2016-01-24,0.4942603726491952,147921,146269,139025,121293,21537,597774,43.2325,25646.375,11.392592407975481,1.8916666666666666
2016-01-25,0.38355027019624177,277369,146255,151219,90518,12813,700972,54.90083333333333,30291,11.928484390976504,1.6333333333333333
2016-01-26,0.3048045487055195,330125,146242,142425,45162,10695,697693,56.85041666666667,31057.083333333332,11.217391743353804,1.5416666666666667
2016-01-27,0.37151127829260555,283487,146118,133760,98122,12972,696781,51.49041666666667,31097.791666666668,10.570100332310863,2.275
2016-01-28,0.3461332926177571,290875,146300,147155,65160,9294,681148,55.235416666666666,31064.958333333332,10.521565056237243,2
2016-01-29,0.32577211088479013,301502,146267,139843,57478,9522,676522,53.47833333333333,30794,10.6657847648262,1.6166666666666667
2016-01-30,0.4552602434627032,201217,146262,122835,140416,20898,652831,45.42541666666666,27735.958333333332,9.83233874137272,1.9666666666666666
2016-01-31,0.5629923406713739,143186,146353,142549,204521,21972,678519,40.911249999999995,25786.75,10.476258179959114,2.1166666666666667
2016-02-01,0.5395547994887386,127559,169326,92332,236850,13048,654851,52.184583333333336,24353.666666666664,11.49586349693254,1.975
2016-02-02,0.3345176013819101,293861,146330,143916,50018,17105,673271,50.51416666666667,30579.625,9.902867586912084,1.3083333333333333
2016-02-03,0.6108069413730737,139485,170599,195654,246984,41873,814421,42.19916666666667,31129.875,10.992802147239285,2.966666666666667
2016-02-04,0.5347031710403561,127263,170420,184857,105108,45288,649566,42.925,26374.625,8.354927275051146,2.7916666666666665
2016-02-05,0.622791591052241,113665,122034,169508,157216,64855,641412,46.07,25278.75,7.86360046012273,2.816666666666667
2016-02-06,0.44454665362282864,189413,145695,153044,54104,56773,616383,35.89,28110.333333333332,9.28778885480575,2.9499999999999997
2016-02-07,0.3792472299536863,211092,167145,72706,93805,59026,621199,26.315833333333334,27571.166666666668,10.392121676891636,4.983333333333333
2016-02-08,0.321853875134936,301097,166886,83423,74133,57426,703111,39.41708333333333,31090,11.08777862985687,4.666666666666667
2016-02-09,0.27513597350008073,340487,166985,84507,51147,49248,712455,33.04958333333333,31832.25,12.15102249488755,6.825
2016-02-10,0.25882245383068203,212308,167996,42964,40736,41562,525024,35.99041666666667,23494.583333333332,12.651781186094091,5.716666666666667
2016-02-11,0.21361762193083467,375613,144750,74727,33315,25368,673025,40.51083333333333,27686.833333333336,13.004358512269954,4.283333333333333
2016-02-12,0.2181822965311304,464529,121394,105330,36795,12711,760190,33.35666666666667,30933.125,13.221773780994397,5.541666666666667
2016-02-13,0.7467478358711979,94237,91201,199162,345667,7238,753652,18.900416666666665,27738.875,15.437320807770979,5.675
2016-02-14,0.7347954049998993,89387,89637,193142,295284,11296,694494,18.2625,26083.583333333332,11.580980828220879,6.258333333333333
2016-02-15,0.7099112474758863,124136,99290,201751,325748,21725,789386,29.992083333333333,31457.625,8.13502760736198,5.1
2016-02-16,0.6043233486086091,187479,129937,216030,226317,38014,815479,43.24166666666667,32124,6.27781190887017,3.3916666666666666
2016-02-17,0.4996377038474957,241416,144514,203617,137658,36148,782509,47.19208333333333,32565.041666666664,5.098914893277119,3.033333333333333
2016-02-18,0.43969485729317376,270636,144644,208154,96166,12469,752697,46.181666666666665,32737.958333333336,7.448357505751558,2.775
2016-02-19,0.43395578677957447,253730,144712,197476,73844,25388,716573,46.68125,32138.416666666668,7.167957031250019,2.35
2016-02-20,0.507900406445432,170301,146694,203462,80082,36666,658637,41.36,28482.541666666668,7.706788055981619,2.6333333333333333
2016-02-21,0.560748039973541,129901,146892,207693,119179,22355,645527,34.628750000000004,26395.5,9.261938746165665,2.475
2016-02-22,0.4554837785875267,206263,151528,182755,82099,25996,670441,48.596666666666664,30577.75,11.287366947852778,1.8666666666666667
2016-02-23,0.5488386955312641,170563,159452,191625,172224,32085,747952,42.317083333333336,30746.25,11.141504345603291,1.8083333333333333
2016-02-24,0.5291744218927394,161656,165944,193320,150511,17858,710811,39.29875,31071.666666666668,9.732118098159528,3.125
2016-02-25,0.5807686315517073,139716,170272,201939,202707,21226,757398,36.67375,30805.625,11.174001533742349,3.5666666666666664
2016-02-26,0.57670999901214,139527,170328,203385,206518,8090,749094,34.906666666666666,31364.333333333332,9.589749105316999,3.65
2016-02-27,0.6792454331254699,79533,155223,192416,293591,15822,754181,14.482916666666666,29003.458333333332,8.132814928425383,6.391666666666667
2016-02-28,0.6743505519171465,78030,154621,186591,277376,22508,736433,14.507083333333334,26612.958333333332,9.388203987730087,4.508333333333334
2016-02-29,0.6530789629844852,112104,162399,198853,282717,36442,812254,30.16375,30535.666666666664,10.285545117586935,4.958333333333333
2016-03-01,0.5935274646251822,120417,164770,96347,312580,4394,714774,38.759166666666665,24499.875,10.142756262781216,1.9583333333333335
2016-03-02,0.4941376345906561,192588,146360,120963,187126,16179,685133,33.00625,30727.25,11.756030339340509,3.475
2016-03-03,0.5842617053133713,146364,170610,195719,201229,45033,779411,35.46625,30774.416666666668,11.552621421267911,2.691666666666667
2016-03-04,0.6237216334849767,107780,170307,206450,228209,23000,750665,29.059583333333332,24772.875,10.77581464084869,3.8583333333333334
2016-03-05,0.6223790213408581,123065,121978,179830,159837,64755,664828,19.45916666666667,27594.208333333332,9.921527096114547,4.733333333333333
2016-03-06,0.432707925226653,192810,145649,150718,51444,51749,609522,22.645,28248.541666666668,8.679355316973435,3.0583333333333336
2016-03-07,0.4535607683715139,182986,167395,81101,149758,56494,655308,35.73416666666667,25572.416666666668,8.733082694274058,3.4916666666666667
2016-03-08,0.309701604911537,305907,166498,87525,61668,55713,697297,39.5625,31433.416666666664,8.823685950281202,3.1833333333333336
2016-03-09,0.26864226497731897,291882,166730,56962,58352,44973,639300,30.9775,28896.583333333332,8.43901990669736,4.175
2016-03-10,0.29327402733501656,273972,167789,54408,79322,42461,636473,30.5775,28054.25,8.671904684304724,4.516666666666667
2016-03-11,0.1970405428106079,396378,144621,69904,37754,16554,684585,39.48083333333334,28254.25,9.047605444785301,2.5083333333333333
2016-03-12,0.3252111652376931,294536,121443,63912,121857,7986,628773,36.03541666666666,28071.875,8.825668711656458,2.058333333333333
2016-03-13,0.571149192978699,110883,170331,163328,157262,51401,672411,32.910833333333336,25705.541666666668,9.435749872188154,2.45
2016-03-14,0.439250644057342,218615,170578,185572,74173,38601,706847,45.29958333333333,30968.291666666664,9.400693890593068,2.316666666666667
2016-03-15,0.37274314028571065,268312,170486,186092,47100,20123,710999,49.159166666666664,31505.416666666668,9.4885466513292691,1.975
2016-03-16,0.4781592323792438,206092,170472,155719,152604,31831,735780,42.65416666666667,31061.625,10.069135991820072,2.5
2016-03-17,0.3784436134551907,258794,170431,178919,42786,32382,702242,48.52041666666667,31145.125,9.992053425357891,2.1
2016-03-18,0.36988237292702786,252808,170449,178992,45934,15080,682836,50.58,30787.208333333332,10.226250894683051,2.033333333333333
2016-03-19,0.39477730200469896,206928,170433,151782,67832,17876,635457,44.44125,27326.458333333332,11.5334051635992,2.5
2016-03-20,0.3877386016100116,187933,170480,145161,49359,23318,597387,42.62291666666667,25326.041666666668,11.01204545309307,2.091666666666667
2016-03-21,0.4279242555779324,211688,170473,156626,104710,16213,680763,44.037083333333335,29810.416666666664,10.975759074642149,1.85
2016-03-22,0.4814685972706172,186061,170472,157597,148891,17578,701404,42.8125,29857.791666666668,11.356585122699403,2.775
2016-03-23,0.6005992770012952,132407,170413,154350,267604,30482,775935,38.54208333333333,29221.708333333332,10.9697579243354,2.975
2016-03-24,0.5579164561099923,117108,170403,164408,141511,52678,666883,37.812083333333334,25466.25,11.335659125766892,2.075
2016-03-25,0.5558299101701801,117656,170389,158271,160396,37176,664590,38.42166666666667,23628.708333333332,12.028486835378342,2.033333333333333
2016-03-26,0.6045807647390347,109916,155182,154611,220586,28202,688444,31.77125,24468.666666666668,13.017473159509226,3.075
2016-03-27,0.6440019061473251,88187,132278,149038,215670,34671,637936,24.04478260869565,23317.260869565216,13.48412950120035,3.591304347826087
2016-03-28,0.6439356378519945,104937,127067,154846,239253,26538,671637,25.301666666666666,25830.458333333332,13.177411170756667,4.041666666666667
2016-03-29,0.570090952664696,132492,155403,165290,170518,42854,686401,39.9375,28461.916666666668,15.242976993865046,3.025
2016-03-30,0.5625567987982306,129984,167913,169556,161673,48243,697638,39.495,28583.666666666668,14.110861707566478,2.0666666666666664
2016-03-31,0.616892754060533,118289,170214,173475,255327,32961,768803,31.69875,29130.5,12.62352800677405,5.391666666666667
2016-04-01,0.5620511923247964,148167,145862,109576,260090,4351,685845,40.83375,27936,10.280505368098183,2.9583333333333335
2016-04-02,0.4825496425847521,210386,146309,149531,146106,29645,704083,35.60375,30816.083333333332,11.236602760736211,2.216666666666667
2016-04-03,0.62555459911775,115949,170598,198210,248367,31237,782998,22.965416666666666,30938.875,12.247467024539901,2.816666666666667
2016-04-04,0.5453409046155552,136851,170300,196916,158991,6964,685573,36.36291666666666,29604.541666666664,11.714362474437651,2.925
2016-04-05,0.5460914844877583,146081,122069,186515,92554,41100,604168,29.636666666666667,27884.875,12.578615797546028,3.808333333333333
2016-04-06,0.4410989096042178,150435,145594,113996,61786,53649,542647,36.87125,25298.166666666668,13.47906237218816,2.25
2016-04-07,0.3605133095601588,279869,167222,84158,110751,51646,712007,32.494166666666665,30317.5,13.992569529652368,2.441666666666667
2016-04-08,0.3526693079426407,285826,166363,77386,108060,54249,712282,29.80625,31359.041666666664,11.594252044989801,3.691666666666667
2016-04-09,0.2773494276979333,281361,166650,57999,61958,44099,632271,25.994166666666665,27258.375,12.56468200409001,2.783333333333333
2016-04-10,0.27053997283080294,311879,167757,67424,65537,37451,668404,18.616666666666667,28985.916666666668,12.801225460122726,3.816666666666667
2016-04-11,0.2429799676181978,386003,144654,69122,88478,4920,712746,27.104166666666664,28779.125,12.625306492842554,3.8916666666666666
2016-04-12,0.430357664976954,218306,121235,75278,171240,5192,608782,30.93125,26070.833333333332,13.214992203476505,3.3166666666666664
2016-04-13,0.5932666023849661,130111,170283,201787,206161,32132,753973,31.2,29302,14.522364391615557,4.141666666666667
2016-04-14,0.5909610849138356,118582,170294,180753,193309,44945,721237,33.089166666666664,29168.708333333332,15.12736579754603,2.85
2016-04-15,0.5653922350914303,124233,170281,203384,145643,35858,693041,33.026666666666664,28814.666666666668,15.11052888548059,2.716666666666667
2016-04-16,0.624502179884924,97908,169881,220247,209729,20756,731690,25.990833333333335,25930.25,15.540081288343583,4.066666666666666
2016-04-17,0.5510300210066434,106513,170290,211767,95912,34825,632657,28.39875,23916.875,15.475301124744394,3.275
2016-04-18,0.5581764938752936,131458,170203,221525,119692,42564,699707,34.733333333333334,28230.958333333332,14.614327198364027,2.408333333333333
2016-04-19,0.6011152727331602,118342,170167,226750,197901,13860,741164,28.5225,29166.25,13.874853783231101,2.875
2016-04-20,0.5239529063541529,139006,170221,227513,100742,12681,664888,37.53208333333333,29296.708333333332,14.294904141104311,3.816666666666667
2016-04-21,0.5287647232059701,142244,166050,226183,87981,31708,668927,39.21791666666667,28842.666666666668,13.99606211656441,2.683333333333333
2016-04-22,0.45110483309457305,166308,169938,225870,23737,24374,624755,43.876666666666665,28452.458333333332,13.955237602249518,1.5583333333333333
2016-04-23,0.5396523001034705,106381,170219,212029,86417,26102,614668,30.34958333333333,25084.75,14.15943468813908,2.2083333333333335
2016-04-24,0.6136830516267553,98608,170155,220169,159797,50450,711201,20.554583333333333,23119.791666666668,14.142250766871182,2.8666666666666667
2016-04-25,0.5601835572641339,121194,170227,212317,99713,60552,676846,34.8975,27955.227272727272,13.353668967280182,2.4833333333333334
2016-04-26,0.5281392804468193,135246,170115,214602,67915,59381,661744,37.62375,28018.458333333332,14.476314904460661,2.075
2016-04-27,0.5161941762511059,149884,169785,217114,85563,38462,675922,40.291666666666664,28302.458333333332,14.51338931492845,2.575
2016-04-28,0.5298439518092697,156436,169476,212300,117604,37733,708435,39.782916666666665,28266.583333333332,13.5015850827582,2.45
2016-04-29,0.5177111803115289,142392,154312,198241,97206,22394,630054,39.38666666666667,28058.5,14.305904907975492,1.6916666666666667
2016-04-30,0.6331579751111831,107092,122103,172179,178158,47820,641734,32.865,25031.5,14.308875255623747,2.975
2016-05-01,0.5970195956258617,141885,145952,119669,292310,13335,731847,23.1925,27767.75,12.800713190184076,3.875
2016-05-02,0.4271033745384207,233598,146147,145638,110332,18285,676211,33.876666666666665,30826.041666666668,14.60026073619634,3.058333333333333
2016-05-03,0.6541338221576354,88700,170624,174470,283236,34168,768647,34.67666666666667,27778.208333333332,16.970125255623742,2.6333333333333333
2016-05-04,0.6205636078802222,115845,170255,192264,246478,30378,769826,39.30458333333333,30119.583333333332,17.899537321063413,2.125
2016-05-05,0.5097202199709037,168473,122238,185403,98582,14924,606262,43.48166666666667,27942.208333333332,16.57356339468305,2.2416666666666667
2016-05-06,0.40450714042256597,157829,145451,112886,32726,55742,522238,43.20791666666667,23356,15.427461656441734,3.75
2016-05-07,0.3365136693693681,297383,167348,83800,94531,51780,713237,28.971249999999998,31382.375,15.439642126789382,3.3666666666666667
2016-05-08,0.4074155349802922,245529,167002,69885,152759,55508,710886,15.940833333333334,30522.208333333332,14.162430981595115,4.591666666666667
2016-05-09,0.2972562948572374,351636,166339,94977,72105,44584,749461,33.18541666666667,33194.291666666664,14.596385480572614,3.875
2016-05-10,0.2995180046467458,293406,168009,60809,96751,32864,669716,39.32625,28942.956521739132,14.034337934560348,2.908333333333333
2016-05-11,0.41766164209851603,224675,144606,56376,195322,8990,649011,37.09125,25765.416666666668,14.398706543967304,3.25
2016-05-12,0.3086746625921653,358981,121025,94809,101324,11085,705526,32.88041666666667,29136.416666666664,14.878916155419251,3.7249999999999996
2016-05-13,0.6304419358284962,132222,122283,230721,176584,25639,702025,28.4725,27937,14.861968302658507,3.0833333333333335
2016-05-14,0.652683758543703,105786,122328,231536,162740,35149,670962,20.724583333333335,24859.916666666668,16.13602249488755,2.675
2016-05-15,0.6346196846570582,101663,122025,228090,119840,40811,626112,21.77125,22490.041666666668,17.901883946830296,1.9083333333333334
2016-05-16,0.5897837724481784,124564,122312,209881,91345,52491,615139,33.71083333333333,25448.458333333332,17.503680981595117,1.8333333333333333
2016-05-17,0.5233431041916649,157894,122240,202683,54120,46862,598378,41.00625,27103.125,17.75707822085892,2.033333333333333
2016-05-18,0.5436627807531945,163831,122067,196506,88053,52246,637259,40.287083333333335,27853.5,18.71924846625769,2.8833333333333333
2016-05-19,0.573000427558347,162682,121940,193438,124618,60646,678270,39.99583333333333,27755.041666666668,19.14969325153377,2.475
2016-05-20,0.5499756625115644,151394,122091,203897,63722,63655,620442,39.51708333333333,27799.5,19.939905419222924,1.9416666666666667
2016-05-21,0.6323877878069827,113932,121990,186643,162807,56845,657081,29.03875,25071.166666666668,20.148788343558305,2.7583333333333333
2016-05-22,0.6559171535862034,103361,122022,194880,192481,44001,670542,20.607083333333332,23080.083333333332,19.30501533742333,4.075
2016-05-23,0.5289430300104009,157557,122079,186075,76469,47716,604757,40.3975,27091.708333333332,16.388151840490817,2.7
2016-05-24,0.5474914361249525,160422,122169,171908,121103,45465,636978,40.63041666666667,27704.125,18.35922162576689,2.658333333333333
2016-05-25,0.48324996889386584,183550,122090,173314,70269,37344,602775,43.225833333333334,28119.541666666668,18.90107898773008,2.466666666666667
2016-05-26,0.4938628406672616,166735,122069,174594,57141,45685,582680,44.09458333333333,28017.791666666668,19.131275306748485,2.6333333333333333
2016-05-27,0.4977031729924472,162181,126312,160451,70180,51808,587332,44.1275,27988.125,19.484732873210653,2.3833333333333333
2016-05-28,0.5523132271209016,111254,143397,127001,152380,32864,582606,32.0325,25130.958333333332,18.162880879345618,3.2083333333333335
2016-05-29,0.6076853475175357,105371,145404,156359,196771,36755,655377,22.77375,22797.375,17.88437576687119,4.391666666666667
2016-05-30,0.48516123683992374,146248,145575,134026,87363,49890,579024,43.15833333333333,27071.583333333332,18.063420245398806,2.7666666666666666
2016-05-31,0.48203750257572636,161967,145834,117474,105740,59236,606625,44.72541666666667,27603.416666666668,18.038830521472413,2.875
2016-06-01,0.6396248067324,116636,145962,124372,333502,9750,747668,44.805,24618.041666666668,18.880922034764843,2.725
2016-06-02,0.5855239050669915,130081,117148,109259,223904,12762,614033,46.9,27991.75,19.31127172801638,1.8
2016-06-03,0.6060691977902072,97514,170652,159706,214573,38211,698346,47.0425,25927.333333333332,20.690477505112504,3.0416666666666665
2016-06-04,0.5590361076727934,139417,170301,197909,147275,48770,718213,46.16416666666667,29469.166666666668,20.496633435582833,1.9333333333333333
2016-06-05,0.5450242462748608,150897,122134,188357,120381,14917,612259,47.33625,27953.5,21.732960122699406,2.25
2016-06-06,0.39182983737692395,222640,145410,126241,50074,55600,617809,50.80083333333333,27943.958333333332,22.06529141104297,2.3333333333333335
2016-06-07,0.3341844412434575,299010,167275,95017,86900,46674,714363,51.958333333333336,31639.208333333336,23.734591002045015,1.9916666666666667
2016-06-08,0.4987982191865135,150742,158070,72337,175346,57707,633643,49.01416666666667,27092.416666666668,24.33175230061352,1.5083333333333333
2016-06-09,0.26734786401151706,382019,161976,94896,52446,43279,754358,48.0675,34076.75,25.42043711656444,1.5166666666666666
2016-06-10,0.26210013709585284,340606,168051,69510,68455,35646,700240,47.147083333333335,28913.625,24.28853399795503,2.0166666666666666
2016-06-11,0.45320743434187555,191339,140727,86236,157644,28491,622086,45.21125,23576.083333333332,22.87588573619634,2
2016-06-12,0.2310572586193716,372960,121354,86506,33870,20228,654050,44.41125,26870.708333333332,23.069084867075688,1.3666666666666667
2016-06-13,0.5316756423047454,163867,168707,109964,205769,60613,725668,43.999583333333334,29703.708333333336,24.188540388548073,2.3666666666666667
2016-06-14,0.5303748808052646,153328,169032,90272,211673,60332,701583,44.1125,30190.791666666668,23.281509458077732,2.7083333333333335
2016-06-15,0.5450952353715037,141604,169091,105636,222674,43158,699320,39.763333333333335,29602.541666666668,20.22846421267896,3.275
2016-06-16,0.5081838132278965,142686,169617,106351,179941,33984,650247,44.60166666666667,28148,18.161749744376305,2.941666666666667
2016-06-17,0.4281561521589231,179991,169665,114091,90071,53135,625057,51.25541666666667,27933.291666666668,18.676552914110456,2.2083333333333335
2016-06-18,0.46396350630184446,145071,158672,88079,112467,59022,580703,43.44375,25358.666666666668,18.961099182004116,2.066666666666667
2016-06-19,0.5092520004101709,127931,161991,103559,130862,63798,604626,39.69708333333333,23407.875,19.727064161554217,2.0416666666666665
2016-06-20,0.41233576937053334,189577,167276,107297,73986,63927,619175,48.583333333333336,28070.291666666668,22.588392126789387,1.6666666666666665
2016-06-21,0.39854477657483917,217920,168188,102626,84629,63819,655432,49.471666666666664,29328.625,24.569824897750532,2.1166666666666667
2016-06-22,0.4637350704186709,195894,167875,93997,152783,64115,692501,46.0175,29749.375,25.665362985685096,2.4833333333333334
2016-06-23,0.4456121129785043,203839,167868,110637,121939,62229,684555,46.4525,29547.958333333332,25.20808921267896,2.325
2016-06-24,0.42832793511534306,190740,167634,104931,101593,57840,641261,45.36708333333333,28134.958333333332,24.986007157464233,2.716666666666667
2016-06-25,0.49014824368075377,149331,167447,80080,164096,57570,636587,42.34708333333333,26793.791666666668,24.903921267893686,2.6083333333333334
2016-06-26,0.5521436690156853,121190,167639,108593,191131,55216,659850,33.54833333333333,24364.375,23.632799079754623,2.783333333333333
2016-06-27,0.43486421945366,205034,167686,107140,119463,55372,671267,45.41916666666667,29375.916666666664,24.55083844580779,2.2
2016-06-28,0.36250172990139917,272408,167564,129092,84475,30573,700907,50.15833333333333,30763.875,25.607517893660553,2.683333333333333
2016-06-29,0.3325523673209742,300265,162489,93388,83084,47231,704256,52.399166666666666,30765.458333333332,26.19239519427405,2.7083333333333335
2016-06-30,0.3226940727998034,307986,158673,95818,64741,54868,699892,52.49375,30952.625,25.746860940695317,2.425
2016-07-01,0.6242074974150991,128671,145737,123290,326965,6845,748578,50.09291666666667,29908.166666666664,25.92125766871169,2.191666666666667
2016-07-02,0.6954752772882762,111318,93031,134033,316757,20387,694584,45.49041666666667,25830.458333333332,25.97899284253581,1.9833333333333334
2016-07-03,0.5910964183116445,143379,170673,193391,239700,18924,784965,41.69916666666667,31687.875,26.190910020449916,2.5083333333333333
2016-07-04,0.6007935809750647,126187,170308,204591,190333,55263,761611,48.54125,29178.583333333332,25.964074642126807,2.525
2016-07-05,0.5965135491838597,110952,122117,176277,152335,14346,589482,48.9625,25034.875,26.150127811860962,2.2
2016-07-06,0.3677500529892714,267231,145795,111924,62328,60429,665229,49.05083333333333,29164.583333333332,26.555396216768944,2.658333333333333
2016-07-07,0.2814966152783673,323229,167330,105946,59059,19895,695035,50.29083333333333,31178.416666666668,25.557344069529673,2.7083333333333335
2016-07-08,0.5262382814458314,131525,162255,90827,177504,57786,638304,49.24375,24952.416666666668,26.92684304703479,2.05
2016-07-09,0.26907934460986144,364056,162766,75239,68734,42760,732022,47.13625,33760.04347826087,28.02725971370145,2.0416666666666665
2016-07-10,0.22873637261755514,357399,168095,79883,30551,38139,692356,45.572916666666664,28208.708333333332,28.838660531697364,2.5416666666666665
2016-07-11,0.3448387570074858,321653,120999,64802,134233,28515,688371,49.714166666666664,28511.75,28.426211656441733,2.6833333333333336
2016-07-12,0.25058143749471423,366066,121462,82079,56519,16940,662152,48.445,29275.833333333332,26.08588445807774,2.6916666666666664
2016-07-13,0.43305458486339776,238252,168183,75638,171507,59080,731723,46.38583333333333,31008.583333333332,23.23979166666669,2.7916666666666665
2016-07-14,0.4643730333477911,211113,168321,75309,191462,59020,723946,45.17125,30398.791666666668,22.650654907975486,2.5416666666666665
2016-07-15,0.44089017732874686,210734,168622,80527,154111,60609,693345,46.315,29989,23.23599207566467,2.291666666666667
2016-07-16,0.39038988717431444,197283,168479,64633,103426,61999,614665,45.2975,27110.791666666668,24.49816641104298,1.9583333333333333
2016-07-17,0.36688468741146146,189545,167863,55867,86430,60291,578844,46.681666666666665,25089.375,26.067086912065463,2
2016-07-18,0.37079917607863194,278144,167965,75422,123297,59865,723370,49.446666666666665,30674.083333333336,26.65942714723931,2.3916666666666666
2016-07-19,0.33927030312746315,318028,167545,79478,126904,38037,748530,48.42583333333334,31794.25,21.04389161554194,1.4333333333333333
2016-07-20,0.3339678367812888,325438,167288,97224,117796,26898,753345,48.90708333333333,32395.375,21.600413599182023,1.5166666666666666
2016-07-21,0.3061049034534557,335077,167068,93422,71359,51325,736277,51.03958333333333,32314.958333333336,25.989221881390627,2.2666666666666666
2016-07-22,0.39056380885197534,259374,167267,65831,144502,59248,714462,47.64125,31439.875,25.712039877300644,2.8833333333333333
2016-07-23,0.4495285341244072,176694,167673,56610,160328,60762,641828,44.96958333333333,27573.416666666668,24.586894171779164,2.658333333333333
2016-07-24,0.4464321034128539,170469,167639,68140,139192,61147,626924,43.66291666666667,25299,25.834695807770984,2.408333333333333
2016-07-25,0.376301384107196,261756,167332,68830,122579,61399,702041,47.79125,29491.166666666664,27.518310327198385,2.4166666666666665
2016-07-26,0.38249925665774653,287479,166856,74613,141664,59445,749991,48.075833333333335,32187.208333333336,27.971467280163626,2.5083333333333333
2016-07-27,0.38081240939171135,290055,166797,74960,144204,56056,751173,48.67458333333333,32293.708333333336,27.91552147239266,2.6166666666666667
2016-07-28,0.34619366135717483,308278,166958,90663,97678,56457,738991,49.45875,32240.125,27.718133946830292,2.25
2016-07-29,0.3265225970452049,322244,166527,88700,89709,51274,738393,51.01541666666667,32038.25,28.43083588957057,2.408333333333333
2016-07-30,0.3660923559583535,242452,166465,66221,113722,50061,659167,46.98708333333333,28695.083333333332,28.16574897750513,2.9083333333333337
2016-07-31,0.4206024337247525,178276,166502,63527,131976,50219,610258,42.375416666666666,26135.458333333332,26.99179447852763,2.433333333333333
2016-08-01,0.5972120860325341,133939,145741,142211,261072,9817,709778,49.08166666666666,30042.166666666668,26.728819018404938,2.4250000000000003
2016-08-02,0.645419320482907,140505,105259,125682,309537,12459,713595,48.19583333333333,30349.208333333336,27.4518174846626,2.2916666666666665
2016-08-03,0.5593272901067795,167477,170715,202267,186670,38430,783577,50.54625,31846.708333333332,27.77060710633949,2.191666666666667
2016-08-04,0.6178546170751553,124044,170242,215770,211733,52965,789006,49.0775,29360.583333333332,27.962552402863004,1.7833333333333334
2016-08-05,0.6495615667023844,92709,122038,167745,220538,10259,626207,46.78333333333333,23204.375,25.870901073619653,2.1416666666666666
2016-08-06,0.37055055396482034,264143,149404,113316,64077,60022,668454,45.170833333333334,29893.083333333332,25.77146855828223,1.7750000000000001
2016-08-07,0.2951766439053336,303763,167438,99949,39678,50357,680833,40.52583333333333,31423.625,26.452423312883464,1.75
2016-08-08,0.4629799718214407,186151,166495,93545,148098,59000,672852,47.95125,29364.958333333336,27.071354805725996,1.575
2016-08-09,0.2831701336133703,338109,166509,59959,86146,45552,716096,45.98,31840.291666666668,25.56909279141106,2.216666666666667
2016-08-10,0.26842382478163546,267179,157528,40465,72542,35779,592358,43.110416666666666,25284.625,22.327472648261796,2.3583333333333334
2016-08-11,0.4201534900527344,313590,120978,47664,231729,31567,763828,46.082499999999996,29836.458333333332,22.75736963190186,2.125
2016-08-12,0.33091747080534084,274035,121414,56452,116385,16697,604477,48.12875,26214.958333333332,24.332057770961164,1.8666666666666667
2016-08-13,0.39424256237797484,175887,167169,71776,88471,57723,581335,47.33125,26146.375,25.235605828220883,1.65
2016-08-14,0.4053135176232624,157275,165345,58117,103363,53713,557672,46.23791666666666,24118.958333333332,25.710383435582845,1.425
2016-08-15,0.3896664717847103,172737,167133,75284,102965,33700,571286,48.00666666666667,24765.625,25.961428936605344,1.6833333333333333
2016-08-16,0.31075585780370074,262708,166871,83991,63683,39133,636416,51.5775,28461.333333333336,26.057170245398797,1.7416666666666667
2016-08-17,0.3054821384189182,282488,166679,70158,70109,50387,659852,49.9025,29023.291666666664,26.242405419222926,1.7916666666666665
2016-08-18,0.31109187911440156,283736,166783,73580,65798,56677,666713,49.96541666666667,29522.25,25.906418711656464,1.4083333333333332
2016-08-19,0.33269192852833174,274568,166624,74555,80879,57605,674561,48.791666666666664,29717.791666666668,26.343958333333358,1.575
2016-08-20,0.3994917445842248,186583,166746,61562,111767,56188,602453,46.42583333333334,27444.041666666668,26.372677658486733,2.075
2016-08-21,0.4308938755929855,165363,167466,66709,125197,55738,600352,44.5375,24950.541666666668,25.096408486707592,2.6083333333333334
2016-08-22,0.3332837027268473,263203,167125,75033,77365,55899,658196,47.805416666666666,29937.958333333336,26.28822085889573,2.05
2016-08-23,0.33024441165664564,283961,167208,69340,93222,53529,685892,48.07833333333333,30710.333333333336,27.042313394683053,2.175
2016-08-24,0.3779028385556154,255955,167183,68302,129905,53586,692641,48.169583333333335,30642.291666666664,26.796347137014337,2.1166666666666667
2016-08-25,0.3779477925723344,256538,167345,70855,131709,48419,693273,47.73875,30395.458333333336,26.305321319018425,2.2583333333333333
2016-08-26,0.3455014088814137,274608,167280,76969,109868,39159,686715,47.63875,30374.583333333332,26.317822085889595,2.075
2016-08-27,0.3129660077237793,256519,167047,64868,78578,41576,627672,47.39833333333333,27609.791666666668,26.831917177914132,2.6083333333333334
2016-08-28,0.3215696678724551,224482,166718,55101,79703,43201,587997,47.28375,26049.041666666668,27.15759458077712,2.375
2016-08-29,0.38082671895145437,276105,166969,77415,139988,49251,729849,48.395833333333336,31087.583333333336,26.50985429447855,2.125
2016-08-30,0.3338781331159651,306885,166976,76492,103537,50739,725037,49.73916666666667,31345.458333333336,24.519059304703497,2.808333333333333
2016-08-31,0.3106599013083132,318641,166784,72368,92464,46747,717183,50.01416666666667,31423.75,24.89092280163601,2.158333333333333
2016-09-01,0.6255171517384042,117748,145839,142574,286350,12552,723192,49.562083333333334,27212.041666666668,26.16924417657211,1.9
2016-09-02,0.6555055687498164,134590,116499,137644,332361,8548,748642,52.24541666666667,30971.125,26.444309815950945,2.25
2016-09-03,0.6155887103467208,123524,170566,172236,283376,15435,783195,48.983333333333334,32322.791666666664,27.334662576687137,2.4916666666666667
2016-09-04,0.5889563703926738,102399,170150,200140,138084,55891,680845,48.534166666666664,26130.125,28.268686094069555,2.25
2016-09-05,0.5985257413045244,135130,122086,197859,168848,15961,652667,54.28625,27773.25,28.901324130879374,1.675
2016-09-06,0.3434672951914849,277355,152552,119638,46774,52649,666110,55.622083333333336,30245.875,28.613075153374254,2
2016-09-07,0.36257249068286734,228150,167276,95363,66758,57119,634047,55.67458333333333,28727.083333333332,27.66619120654399,2.875
2016-09-08,0.498794549190357,171255,166884,71368,208111,54093,690613,51.93833333333333,29668.625,25.314041411042968,2.1750000000000003
2016-09-09,0.26448518951179173,333092,166845,63521,59206,49241,691672,53.122083333333336,31388.833333333332,25.025452453987757,2.2666666666666666
2016-09-10,0.37664926291992706,201290,160710,50331,125961,37837,594508,48.76208333333334,23323.333333333332,24.897129345603297,2.1
2016-09-11,0.4308328388492238,316687,120875,71307,246056,10308,783645,47.07333333333333,29956.625,25.24581799591005,2.2666666666666666
2016-09-12,0.3610798684595103,286949,121385,66614,140102,18631,653487,50.42166666666667,28207.041666666668,25.445051124744396,2.4166666666666665
2016-09-13,0.38528466288808055,260459,167022,64879,173739,24313,709260,49.900416666666665,30692.458333333332,23.028739775051143,3.441666666666667
2016-09-14,0.39145432737037067,249039,167792,69584,156778,36142,698646,49.705,28885.5,18.449647239263825,3.5083333333333333
2016-09-15,0.39065293691591874,237876,168136,60807,163811,30521,680663,50.88375,28335.541666666668,17.72785787321066,2.8833333333333333
2016-09-16,0.3903099562638401,220921,168444,57006,138127,48702,652092,48.69,28267.333333333332,19.608522494887538,2.591666666666667
2016-09-17,0.4433826244884124,152518,168751,54099,152234,45554,593007,46.78125,25462.75,19.08678169734154,2.558333333333333
2016-09-18,0.4283318748002159,149505,168754,55556,129479,49798,572493,43.224583333333335,23486.125,19.091045996293477,2.1666666666666665
2016-09-19,0.3307792527118812,241769,168507,50759,101575,44382,626318,49.36833333333333,27824.916666666668,19.313898261758716,1.5666666666666667
2016-09-20,0.3115484203514081,279723,168355,64175,92191,40063,663502,50.53,28798.208333333332,20.279193251533773,1.5
2016-09-21,0.26348871970817617,298471,168293,73416,36281,49850,645595,52.22291666666666,28757.416666666668,20.433365541922313,1.5
2016-09-22,0.25231456831265153,300649,168101,69745,41147,39656,638564,53.089166666666664,29016.458333333332,19.792124488752574,1.3833333333333333
2016-09-23,0.25392995014300673,301131,167524,73093,37100,41772,639830,52.91625,28775.125,20.84532592024542,1.2
2016-09-24,0.33729692089493907,211410,167972,49737,92373,44679,585917,47.776666666666664,25434.875,20.23382719836403,1.4583333333333333
2016-09-25,0.30676587461305976,202135,167960,57832,67501,31864,546596,45.2175,23451.708333333332,20.41281850715749,1.0083333333333333
2016-09-26,0.25259843658335784,277959,167912,65958,47457,29771,608539,53.27166666666667,28178.875,20.172430981595117,1.25
2016-09-27,0.3103639989340097,273638,167810,47686,100986,43582,652914,50.625416666666666,29027.166666666668,21.140802658486727,1.6583333333333334
2016-09-28,0.3463665443241717,272676,167794,56110,130939,40630,687142,49.974583333333335,29118.043478260868,20.856343302658505,2.283333333333333
2016-09-29,0.3165246667686904,274156,168067,55869,100228,42068,659977,50.17333333333333,28692.791666666668,19.933702709611474,1.9583333333333335
2016-09-30,0.2938776447533605,284599,167683,53380,85048,43102,653180,51.59166666666667,28562.666666666668,19.776118353783254,1.3916666666666666
2016-10-01,0.6595995658865564,96019,145964,156125,309012,7572,731606,51.92541666666666,25914.583333333336,20.181559560327223,1.7083333333333333
2016-10-02,0.6516860553884396,131299,121791,141333,326200,6532,746654,52.26541666666667,30919.333333333332,19.79102249488755,1.5583333333333333
2016-10-03,0.62521307381273294,124765,170666,179256,278383,35960,807232,56.45666666666666,31995.5,19.67568583844583,1.3666666666666667
2016-10-04,0.6219332151155348,101153,170144,208166,217993,24119,734238,60.54625,24332.25,20.325573108384475,1.3
2016-10-05,0.5730063771684004,147611,122124,207609,140179,11759,643389,58.302083333333336,28377.625,19.355794222903913,1.35
2016-10-06,0.4298878660023708,204724,164441,108365,115739,50243,660549,60.51916666666666,29719.458333333332,17.882630623721894,1.3416666666666666
2016-10-07,0.35914289690650775,206743,167053,73809,73934,56004,596381,62.72208333333333,26718.083333333332,17.092082566462203,1.3083333333333333
2016-10-08,0.5629112922604335,135877,167146,73395,272150,44952,711629,56.21375,28474.958333333332,17.18790465235176,1.45
2016-10-09,0.24648423935314942,281726,167169,45234,44029,49516,607621,50.5125,27966.083333333332,16.607680981595113,2.0583333333333336
2016-10-10,0.2903178298525555,325948,166646,84052,71967,39137,706164,61.65833333333333,27603.625,15.364500000000024,1.4666666666666668
2016-10-11,0.3233509527231696,374484,120925,70428,130653,29357,744445,63.28625,29999.916666666668,15.65368916155423,1.9333333333333333
2016-10-12,0.31672561969059493,279112,111634,69123,88229,17710,584929,58.30583333333333,26744.708333333332,14.516121676891652,2.591666666666667
2016-10-13,0.21689007667767393,383053,168501,70826,60810,13137,714680,64.13166666666666,27550,15.038128578732149,1.8583333333333334
2016-10-14,0.31491919697920046,319954,159722,56229,131471,26455,712659,62.12625,27340.25,14.708353655419241,2.2666666666666666
2016-10-15,0.38064118964127736,205649,160275,55634,124095,39686,604283,53.43833333333333,24618.208333333332,14.510565567484697,2.125
2016-10-16,0.3367777361787096,199046,164724,64351,91023,23563,560910,53.42541666666667,22952.166666666668,15.454074130879377,1.5833333333333333
2016-10-17,0.21145897928120652,354618,168763,94523,20957,17156,674074,67.10375,27965.958333333332,16.73176457055217,1.0833333333333335
2016-10-18,0.22266448105805872,378325,168790,85037,51478,13421,713760,64.48375,28569.125,16.10865081799594,1.4
2016-10-19,0.20990229368282606,400053,168725,69374,61806,12825,730659,66.13291666666666,28433.125,16.191099182004123,1.4666666666666666
2016-10-20,0.23704381081291578,391183,168785,63282,89147,14583,744702,66.03,28318.875,15.47806010352763,1.3416666666666668
2016-10-21,0.2209474534280513,391959,168793,72974,64608,13830,730590,65.64333333333333,28147.208333333332,14.46311336912068,1.4916666666666667
2016-10-22,0.27242357831879466,280256,168319,66904,86020,8043,628323,59.26083333333334,25515.833333333332,14.854165899795518,2.1
2016-10-23,0.45717932354818125,197756,167875,79496,214511,11170,689480,48.545833333333334,23686.041666666668,15.838369376278152,2.591666666666667
2016-10-24,0.28337300041830743,320460,167810,86683,90088,9262,693270,62.02333333333333,28137.291666666664,15.456941206543988,2.075
2016-10-25,0.24318628371897896,359678,167728,85739,66340,10240,707947,65.52083333333333,28687.25,16.29577530674849,1.7666666666666666
2016-10-26,0.21438025493458027,383425,167470,79329,42422,20770,711712,66.75583333333333,28551.333333333332,17.531228016359943,1.3166666666666667
2016-10-27,0.2703139933659414,343583,167279,75479,85159,21272,711480,63.36,28473.25,17.338523261758716,1.6583333333333334
2016-10-28,0.2559183902214566,335684,160166,72134,64450,26253,678056,63.87041666666667,28248.541666666668,16.768342535787365,1.425
2016-10-29,0.260142719554704,278185,144679,52224,55976,33133,583522,60.169583333333335,24964.75,15.13125357873215,1.275
2016-10-30,0.25466109674878873,275659,150794,62221,40695,35209,584090,59.3592,22664.28,13.579083435582845,1.064
2016-10-31,0.2556561204359892,273559,144730,45450,58228,32027,573317,61.59458333333333,25106.583333333332,12.894292177914139,1
2016-11-01,0.6617179174960689,114360,145731,174738,328146,8932,789223,57.49166666666667,30182.333333333336,13.69136860940699,1.5833333333333333
2016-11-02,0.6332669923071261,135716,121835,158957,273310,10516,720017,68.18,30926.458333333332,15.40688139059306,1.225
2016-11-03,0.5779282044134478,136947,170688,183394,188988,47856,746174,69.66458333333334,31316.25,14.822586912065457,1.275
2016-11-04,0.588017405007595,127466,170282,203019,201798,22944,738638,67.64875,29094.875,14.912464212678941,1.5083333333333333
2016-11-05,0.5598589158864662,158197,122118,227171,103247,22638,648124,57.17541666666666,28284.958333333332,15.852722392638043,3.7333333333333334
2016-11-06,0.40958711556699634,172767,168353,95029,79831,57305,590480,53.795833333333334,26208.666666666668,11.916372699386493,2.8583333333333334
2016-11-07,0.3598807342247309,286410,167039,102014,91119,55734,721414,64.62291666666667,32249.083333333336,9.299442740286308,1.8583333333333334
2016-11-08,0.5210070753349185,154758,167412,85279,211059,53023,689720,60.946666666666665,28342.458333333332,9.559148773006147,2.816666666666667
2016-11-09,0.2765131429437164,244614,166783,50670,52168,47502,580844,58.78125,25822.5,12.281763803680999,4.416666666666667
2016-11-10,0.2679657280821899,346100,168279,70101,75016,36071,714054,66.11958333333334,27871.666666666668,10.968208077709619,2.066666666666667
2016-11-11,0.30079622203315143,375153,120941,68394,111706,26281,721658,67.14750000000001,29856.875,10.67707055214725,1.525
2016-11-12,0.2672037670106605,310133,115421,68606,61436,19157,592937,64.79041666666667,25620.583333333332,11.028292433537842,1.125
2016-11-13,0.3781328518477172,255330,120666,57062,143922,22157,618087,58.68125,24541.375,12.73832566462168,1.475
2016-11-14,0.4321458601976338,303447,120874,56610,233498,28987,762319,60.84458333333333,29322.666666666664,11.86901584867076,2.475
2016-11-15,0.34125618023410587,380204,121190,60751,162528,30323,773838,65.24958333333333,30359.041666666668,10.38111707566464,2.4166666666666665
2016-11-16,0.22561367063159657,448425,121072,76376,50053,31344,746125,69.93125,30228.166666666668,9.599504089979558,1.9333333333333333
2016-11-17,0.22373298112995463,422900,121085,69509,48281,30395,711710,68.3175,30297.208333333332,10.77449130879345,1.1583333333333334
2016-11-18,0.2825570561969897,390199,121102,61905,112287,18873,724505,64.46166666666666,30098.625,11.214217791411048,1.6083333333333334
2016-11-19,0.35906725501383946,262337,121198,40442,145235,22531,611657,59.5775,26830.583333333332,11.16040132924336,1.9083333333333334
2016-11-20,0.5505153075540523,166696,121175,82972,264467,4750,659315,48.85,25332.541666666668,12.33360173824131,3.9
2016-11-21,0.45900355193408404,263287,120202,84479,230913,6401,723831,52.04875,30038.166666666664,14.31616820040899,4.233333333333333
2016-11-22,0.21124371398830033,409530,120830,84356,43865,4571,682070,68.90875,30771.458333333336,11.702663599182015,1.4416666666666667
2016-11-23,0.31493692522674904,370813,120743,77446,131148,10209,727787,63.36083333333333,30874,11.495224948875252,2.375
2016-11-24,0.29658070187971736,353524,121081,72606,107317,12729,685901,63.23375,31022.791666666664,8.612979933537831,2.4916666666666667
2016-11-25,0.3080217841840536,345430,121316,80362,111616,8572,687104,62.081250000000004,31276.666666666664,7.611280674846624,1.95
2016-11-26,0.40184023656610107,252379,121509,90432,151495,4192,639483,55.205,28257.125,10.05072085889569,2.2916666666666665
2016-11-27,0.3475178974340006,258597,121479,80072,111641,4235,594778,57.795833333333334,26097.083333333336,12.014953476482608,2.0583333333333336
2016-11-28,0.24917249746742998,380188,121423,94721,52151,11303,679152,68.20458333333333,30485.208333333336,10.804000511247445,1.5
2016-11-29,0.2574411716772823,421543,121479,98712,66876,14302,742457,71.07041666666667,31361.666666666664,10.233923824130883,1.6
2016-11-30,0.3858716142728059,350619,121388,73038,206687,11162,782439,63.24458333333333,31197.208333333336,11.578177402862982,2.925
2016-12-01,0.55299603057828,188365,146152,198302,192439,20519,764595,70.76666666666667,31080.583333333332,10.371290899795495,1.6666666666666665
2016-12-02,0.6922511129589436,120291,121117,170410,367275,5065,802141,72.7825,30836.291666666668,9.37554959100206,1.2083333333333333
2016-12-03,0.5645643659663896,118359,170683,166070,154036,51764,680445,62.87875,27845.75,8.783072597137021,1.5166666666666666
2016-12-04,0.5799004339376514,139194,170367,210075,195910,22730,751260,55.04,29772.833333333332,12.445221114519418,2.7583333333333333
2016-12-05,0.5874035113712127,151532,122157,237032,129292,20286,674950,67.89708333333334,28229.25,13.774314928425353,3.1083333333333334
2016-12-06,0.44711805146997025,152609,168849,100677,99228,56595,594910,69.82,24048.5,11.234084994887539,1.4833333333333334
2016-12-07,0.3825915318942557,279898,167224,87840,124050,59722,738158,70.1075,32263.166666666664,9.882714723926377,1.575
2016-12-08,0.4142757781255434,200727,167413,98090,101868,56107,644112,60.8375,28590.583333333332,9.91633435582823,3.0416666666666665
2016-12-09,0.35865923699962776,273835,166849,61068,132849,47016,701153,63.30583333333333,30936.625,10.409171779141108,2.375
2016-12-10,0.2755535863109367,304222,168424,62211,104597,6038,663537,63.94875,24242.541666666668,11.074688139059297,1.3
2016-12-11,0.24122882827453113,348956,121115,58532,64561,18047,630617,66.95291666666667,26578.75,9.238657975460132,1.0583333333333333
2016-12-12,0.2278331296588837,440725,120615,91560,48682,18647,738106,71.7925,30546.958333333336,8.241048057259714,1.0166666666666666
2016-12-13,0.21438214311090292,467214,121336,92979,47300,13262,759998,72.75041666666667,31661.583333333336,7.672188139059321,1.225
2016-12-14,0.24446259939412085,465717,121377,97868,78873,6028,788276,71.48708333333333,31954.5,8.955892126789376,1.7916666666666667
2016-12-15,0.24316899794806043,458285,121385,101742,70638,6223,776826,73.96791666666667,32057,9.25653374233128,1.45
2016-12-16,0.2942297409371658,387134,121579,77670,123945,3949,733104,71.55875,31837.708333333336,9.858177402862973,1.9166666666666667
2016-12-17,0.418460548084937,239348,125686,58737,192871,7331,643112,62.39083333333333,28348.041666666668,11.208233640081815,3.7416666666666667
2016-12-18,0.40574733503992666,230747,133646,74340,159520,10886,628152,60.80833333333333,26882.416666666664,8.805713190184052,3.533333333333333
2016-12-19,0.3514468807670603,360828,141250,91843,163341,10775,786796,72.18625,32121.083333333336,7.828375511247437,2.9416666666666664
2016-12-20,0.32268196026661133,384321,152825,83822,149337,16217,805217,71.33375,32199.291666666664,8.022024539877318,1.7916666666666667
2016-12-21,0.29474412477866535,373390,159829,83181,114306,18193,767503,71.27291666666667,31825.166666666664,9.098803680981593,1.5250000000000001
2016-12-22,0.2317146657405895,385182,166521,96125,42799,19359,728521,72.73291666666667,31201.625,8.713755112474448,1.5499999999999998
2016-12-23,0.22692120280882586,339711,169442,72018,46764,22360,669034,72.00458333333333,29620.208333333332,8.945838445807762,1.3
2016-12-24,0.26839376830204575,252795,170091,54596,72654,20559,588732,64.11208333333333,25432.416666666668,8.803519938650318,1.425
2016-12-25,0.29397295055843836,222932,170366,76726,58287,22117,567923,58.93125,22321.375,8.278913599182019,1.8833333333333333
2016-12-26,0.251868055855778,254496,170305,52777,61467,21441,578275,64.31458333333333,24458,8.212124233128844,0.925
2016-12-27,0.2440954726154002,301368,168244,73284,50930,19809,631888,69.67708333333333,28284.333333333336,8.412781186094069,1.2166666666666666
2016-12-28,0.2696366660966092,291429,170349,69856,76925,16431,643210,66.36708333333333,28545.958333333336,8.066569529652352,1.7666666666666666
2016-12-29,0.2721460492294717,280385,170429,82391,55616,23377,630801,66.27916666666667,28649.958333333332,6.497395194274046,1.9416666666666667
2016-12-30,0.2267601441328529,314805,170420,75098,39323,20142,638300,70.26875,28549.458333333332,5.9201354805726,1.6833333333333333
2016-12-31,0.23212345579654742,279483,170477,65343,43023,19747,596424,66.87541666666667,26196.791666666668,4.408287321063398,1.1666666666666667
2017-01-01,0.24655322906240415,268944,170454,69651,49173,17180,593454,60.825833333333335,23483.291666666668,3.8516053169734144,1.7333333333333334
2017-01-02,0.34466861554286504,312645,170598,71149,162888,13531,750518,68.56208333333333,31486.041666666668,4.98584355828221,1.9583333333333333
2017-01-03,0.42169526586590855,217453,170436,105351,141611,30719,684518,73.46333333333334,30232.041666666668,6.051835378323102,1.1333333333333333
2017-01-04,0.5583663724497179,127602,170160,93697,235591,48537,691100,73.72916666666667,25603.291666666668,7.192847648261771,1.3916666666666666
2017-01-05,0.46154002824245055,140248,169135,91925,116500,55877,589184,72.00583333333333,22535.625,7.054524539877299,1.3
2017-01-06,0.2960825186995209,360362,106883,79284,58256,51947,676889,73.05416666666667,29320.75,4.948519938650317,1.2833333333333332
2017-01-07,0.4034504054998456,216488,141719,47199,132847,57491,615290,72.30708333333334,25868.458333333332,4.577331288343561,1.3666666666666667
2017-01-08,0.2160449822928029,382336,157118,45379,59639,35742,698586,67.55708333333334,31667.625,5.5398517382413175,1.3
2017-01-09,0.3854925572460601,207367,164365,41399,136780,49067,619999,79.73291666666667,29185.333333333332,5.926776584867089,1.3166666666666667
2017-01-10,0.2468182992741223,264951,143367,34378,66870,24471,553399,74.07791666666667,23841.416666666668,7.217630368098156,2.408333333333333
2017-01-11,0.35533221760209804,245097,120423,32770,136291,26042,579590,80.72791666666667,24263.916666666668,10.346669222903909,3.7
2017-01-12,0.3715742830477331,409841,121169,39189,245914,22042,858251,83.27541666666667,32993.166666666664,9.722004089979556,1.9416666666666667
2017-01-13,0.41324711997371677,325437,163753,86439,229815,23732,849211,76.28625,31931.75,9.418908486707581,3.775
2017-01-14,0.3965498670263921,291572,170319,83689,188219,26410,779854,72.54625,29467,5.870733640081804,3.525
2017-01-15,0.4257380102847254,277730,170122,83571,221066,22823,793993,69.78958333333334,27753.25,6.543951942740304,3.7583333333333333
2017-01-16,0.456968493216511,296251,170451,90169,274184,24963,874034,77.23791666666666,32615.041666666664,8.115432004089985,3.816666666666667
2017-01-17,0.46454435229215674,308249,170476,84932,302645,25034,908882,80.99041666666666,33569.916666666664,7.00008435582823,3.8833333333333333
2017-01-18,0.3996370988761378,363332,170449,110989,215568,23286,901623,86.55541666666667,35047.208333333336,2.2804447852760816,2.6166666666666667
2017-01-19,0.3483450815264862,395898,170512,128621,156084,11484,881554,93.76833333333333,35315.166666666664,3.874994887525563,3.45
2017-01-20,0.2902894962006811,447730,170532,115983,121647,7632,882395,97.01666666666667,34766.916666666664,6.848300102249473,3.1083333333333334
2017-01-21,0.2781148488530744,334046,170519,92305,76777,17235,710203,86.33375,30553.75,8.319665132924321,2.908333333333333
2017-01-22,0.34961548849893126,297516,168775,94731,129385,19680,729367,79.755,28149.541666666664,6.982597137014324,2.325
2017-01-23,0.34267560275045694,379502,170614,114750,141327,24469,850186,91.51375,33185.083333333336,7.4303246421267914,1.75
2017-01-24,0.34235373231645116,399366,170537,108143,153843,28511,880338,95.315,33427.333333333336,5.483856595092044,1.4583333333333333
2017-01-25,0.29784800455247246,439727,170520,116947,104305,30219,882158,99.205,33725.875,4.494410020449917,1.6333333333333333
2017-01-26,0.32322077824342565,395953,170530,106576,146864,10327,850428,95.4075,34054.791666666664,4.7730521472392695,2.3000000000000003
2017-01-27,0.3806637245655841,336393,170573,89072,209208,7543,833418,83.69791666666667,33348.125,7.958039366053173,3.4
2017-01-28,0.4180662520800444,256500,170546,77899,202543,21949,749984,68.43041666666667,29346.291666666668,8.458688650306755,2.1750000000000003
2017-01-29,0.36808018616730254,253210,170637,79923,148138,13127,685405,69.97916666666667,27267.541666666668,7.876163087934572,1.575
2017-01-30,0.3443979452082741,302564,170583,81408,143027,17656,735257,79.13166666666667,31668.541666666664,10.38288854805727,1.6833333333333333
2017-01-31,0.31537183082323195,354109,170543,96734,116569,21057,779185,81.97583333333333,31733.458333333332,10.337024539877309,1.625
2017-02-01,0.2918448825110192,298996,170432,81575,91204,13888,674276,77.64708333333333,28996.583333333336,9.587101226993873,1.8416666666666668
2017-02-02,0.4977147111526134,218960,170550,86036,291234,5956,792460,58.365833333333335,31583.125,10.763870143149283,3.5416666666666665
2017-02-03,0.3854798049161616,224154,170184,116637,89008,36371,655308,57.465833333333336,30154.291666666668,11.210015337423304,4.833333333333333
2017-02-04,0.47750707516097346,135509,170290,78804,147578,52117,599633,53.43541666666667,23913.5,13.138169734151324,5.4
2017-02-05,0.3265218064380128,232093,168469,79129,53681,57365,607206,40.129583333333336,26867.708333333332,11.08671676891616,7.483333333333333
2017-02-06,0.3042518393765955,365457,96799,68484,78864,47631,678083,60.73791666666667,29542.333333333332,11.018417689161563,3.5833333333333335
2017-02-07,0.4684613076168152,174564,144106,65510,151017,61670,616465,63.8375,24118.25,11.543366564417187,3.066666666666667
2017-02-08,0.2431220538869318,386836,161726,39944,77041,51032,735503,63.74333333333333,31892.458333333336,8.754148773006136,4.558333333333334
2017-02-09,0.41517169438278567,163554,164649,54202,123970,49870,577101,69.19916666666667,26228.875,6.725043456032722,2.3166666666666664
2017-02-10,0.26839307202768314,337288,143046,44644,84273,40358,668132,72.10708333333334,28762.333333333336,6.621012269938641,1.9916666666666667
2017-02-11,0.24667760761254331,383502,120115,45795,97034,13742,679405,61.23416666666667,28038.791666666668,8.545981595092016,2.75
2017-02-12,0.4036225787688075,344685,124312,37745,249228,25406,801142,50.33416666666667,30361.083333333332,11.575475460122703,4.016666666666667
2017-02-13,0.4700378677541509,229684,170519,112031,228612,12359,772425,59.77166666666667,30948.375,12.328445759841514,4.8999999999999995
2017-02-14,0.3597910391292327,261186,170606,106480,110868,19286,687210,64.01208333333334,31196.333333333332,9.33313387493611,1.9583333333333333
2017-02-15,0.3412512619107623,273679,170619,93814,106411,23521,686459,64.40041666666667,30599.5,9.003812883435607,2.033333333333333
2017-02-16,0.2997312799923636,305070,170618,97074,76310,22970,691426,64.38666666666667,30736.041666666668,9.485569785276091,1.8
2017-02-17,0.26079230564481715,318193,170557,96185,37502,30338,672493,66.73375,30490.041666666668,8.940876533742376,1.425
2017-02-18,0.2476151992746666,272254,170550,80563,37136,19479,598897,60.11875,27658.5,8.415853783231121,1.45
2017-02-19,0.4061040480917545,207901,170487,96524,137841,19352,650257,53.64208333333333,25521.125,9.107272239263828,2.525
2017-02-20,0.363173239349672,276038,170443,80544,141549,26408,712748,60.705416666666665,29987.541666666664,8.12275817995912,2.1333333333333333
2017-02-21,0.3625322051576304,272838,170475,85483,135076,25520,707573,58.77125,30444.5,9.466341353527636,1.725
2017-02-22,0.31414351576033656,270477,170445,97829,76683,20147,654618,59.469166666666666,30482.791666666668,11.390028118609411,1.5
2017-02-23,0.28734908816629107,287118,166945,102834,63705,8369,648309,62.77291666666667,30653.5,12.0389391615542,1.6333333333333333
2017-02-24,0.3920045320746767,248205,170391,75189,174001,14834,702548,58.184583333333336,30229.083333333332,12.021891615541927,1.6
2017-02-25,0.3263312343135606,225131,170493,73258,85168,25409,600439,56.88875,27123.041666666668,10.18661554192229,1.3916666666666666
2017-02-26,0.3138629379171632,211532,170481,71110,74796,21151,569771,54.76,25185.583333333332,9.69363752556238,1.4333333333333333
2017-02-27,0.5058086499432783,181960,170075,85624,253240,18526,728999,53.670833333333334,29250.916666666668,11.610276073619627,3.4166666666666665
2017-02-28,0.543709974728323,176604,170406,87797,309364,14739,777946,48.932916666666664,29554.458333333332,12.06894683026585,4.516666666666667
2017-03-01,0.2780846872332708,356009,170458,97570,87049,10922,741623,56.18833333333333,31280.625,11.086352249488773,2.025
2017-03-02,0.5034849156667823,191913,170484,81190,273463,10634,746503,57.63041666666667,31122.75,11.010633946830279,1.2666666666666666
2017-03-03,0.5258871486079632,157216,170454,86419,264769,11624,709464,49.110416666666666,30546.958333333332,10.027668711656453,3.341666666666667
2017-03-04,0.39613760330777803,197532,170246,108871,76946,52677,622049,43.8625,28108.541666666668,8.499823619631899,5.016666666666667
2017-03-05,0.3543779670494164,232118,167766,76774,79975,58989,631309,37.345,28159.25,10.327699386503067,3.2416666666666667
2017-03-06,0.3594903608185911,265569,95596,55822,93065,47592,578213,51.39541666666667,26433.291666666668,15.236781697341524,4.075
2017-03-07,0.35492427910361485,287094,143498,45242,122834,63110,681582,55.904583333333335,29163.625,14.301477505112498,2.783333333333333
2017-03-08,0.23955221728256704,383459,162349,48326,55764,58924,728121,56.1475,32539.5,13.971574642126793,1.825
2017-03-09,0.3100832685863176,178040,164634,40035,65935,40684,509676,56.677083333333336,24466.125,14.676697341513304,1.7750000000000001
2017-03-10,0.2344334088739589,373793,143024,35634,72047,43467,686165,56.15541666666667,28905.166666666668,15.391843047034786,1.5
2017-03-11,0.20962976048654614,394980,120413,45190,68930,13448,662301,54.073750000000004,28548.625,14.41134202453988,1.9749999999999999
2017-03-12,0.36077004358737286,344519,130658,51262,183720,27509,757100,32.82666666666667,28407.25,13.171848159509207,3.5166666666666666
2017-03-13,0.5745446664344237,142363,170162,99826,311289,12500,752086,41.656666666666666,29128.291666666664,12.391270449897743,5.125
2017-03-14,0.5459728093545233,145859,170371,98274,266172,16379,713922,46.7325,29724.875,13.835393660531707,3.725
2017-03-15,0.49605526821844254,147226,168743,103557,169187,36886,643263,52.05458333333333,29014.125,13.28196063394683,2.0083333333333333
2017-03-16,0.476097605367291,163397,162867,108022,147099,38078,637342,52.54875,28962.25,12.721053169734166,2.375
2017-03-17,0.43532574138183155,172777,163002,110660,109133,35193,608627,53.560833333333335,28574.416666666668,12.718645194274036,2.025
2017-03-18,0.4054241026147836,168791,166160,103526,75660,45500,576759,50.700833333333335,25265.875,13.096002044989785,1.7833333333333334
2017-03-19,0.37997243081835386,157405,170067,101106,49186,46308,541184,53.18083333333333,23280.375,13.907893660531705,1.35
2017-03-20,0.3828131081186269,178245,170379,102273,67176,43057,578115,54.60125,27324.083333333332,14.645529141104298,1.8833333333333333
2017-03-21,0.4771795899472132,157997,170373,110068,166415,22387,643722,52.889583333333334,28937.416666666668,12.390089468302666,2.408333333333333
2017-03-22,0.5206295645197447,146581,170415,110686,210569,24362,678056,46.22958333333333,29678.208333333332,11.30394683026586,3.375
2017-03-23,0.43253399479807,188690,170566,115092,130277,26383,647452,52.83708333333333,30313.458333333332,8.215132924335384,3.0666666666666664
2017-03-24,0.34806542089219,243943,170595,141721,48687,27006,648539,58.48083333333334,30633.416666666668,7.200779652351743,1.9166666666666667
2017-03-25,0.45277485879416784,154567,170628,105969,139208,22238,609040,47.50375,27742.125,8.027328732106351,3.0083333333333333
2017-03-26,0.49893113452435484,130785,163506,93162,172526,27401,602508,44.127826086956524,25119.260869565216,11.31348332888771,2.982608695652174
2017-03-27,0.44669536037350455,200706,170551,116091,163392,20031,685400,52.31791666666667,29709.583333333336,11.856873721881389,3.4583333333333335
2017-03-28,0.3641108417389994,226350,170488,103727,81604,39635,636872,54.91291666666667,29502.708333333332,12.222624744376276,1.825
2017-03-29,0.3721764471526778,216992,170427,93328,84627,49639,630013,55.10375,29131.208333333332,13.57923568507158,1.6666666666666665
2017-03-30,0.44510312404518326,183320,170431,85104,158998,38409,651303,52.89833333333333,28647.125,14.459135991820052,2.125
2017-03-31,0.49171161649294165,156742,170361,92763,182298,40441,658512,49.817083333333336,28522.583333333332,14.795690184049079,2.625
2017-04-01,0.30249150667666835,349899,170453,70882,135229,12619,758537,40.1475,31093.291666666668,13.209706032719838,3.066666666666667
2017-04-02,0.5600194789383979,148258,159933,104613,278532,8730,718725,44.05583333333333,27751.458333333332,12.709153885480582,2.3666666666666667
2017-04-03,0.5369314294213893,132175,170554,101161,237148,12554,672300,56.219166666666666,27762.375,13.422883435582811,1.8833333333333333
2017-04-04,0.4537347898635622,176063,170109,82212,148912,55089,647841,53.115,28661.333333333332,14.12051635991821,1.9333333333333333
2017-04-05,0.3534886366688841,234313,167289,72844,105791,36938,632869,47.454166666666666,28305.416666666668,13.997783742331293,2.3249999999999997
2017-04-06,0.4272651969440613,215657,115776,78408,119780,44514,595169,46.77916666666667,23609.75,14.087448875255628,2.4083333333333337
2017-04-07,0.3361213625798712,325754,143305,41218,127474,62298,720222,52.62,30777.125,15.022292944785288,2.225
2017-04-08,0.24883746342411034,384192,164681,51088,63309,58894,741267,55.23625,33085.375,15.437290388548078,2.3666666666666667
2017-04-09,0.27367789424410593,288666,164068,49048,62550,51208,636617,52.882083333333334,29521,15.42383179959101,2.25
2017-04-10,0.2322916377948391,402454,142936,35472,82179,39952,721580,55.53,29622.583333333332,16.26740541922292,2.283333333333333
2017-04-11,0.2644268419729138,281152,120440,30846,94273,11280,556740,54.88875,25474.666666666668,17.326536298568513,1.9000000000000001
2017-04-12,0.23533185138882548,504156,140553,60512,103869,26212,854283,58.6875,33417.541666666664,17.28978527607364,1.6416666666666666
2017-04-13,0.3377820500402961,203290,150342,68961,58295,48750,547199,56.34375,23575.041666666668,17.111836512653394,1.8166666666666667
2017-04-14,0.36371654398046066,170418,159037,76161,64265,43621,530622,55.51583333333333,21681.291666666668,17.523721881390607,1.7083333333333335
2017-04-15,0.42304810456953973,145421,168457,66627,116064,44616,557868,51.60041666666667,22704.666666666668,17.38362474437629,1.8166666666666667
2017-04-16,0.41741375443740053,142614,169101,78088,102359,40297,548463,49.89666666666667,21511.416666666668,17.040490797546017,1.7000000000000002
2017-04-17,0.34638800902016076,171739,169744,71957,56404,49243,534802,56.6175,23825.5,17.435089468302674,1.575
2017-04-18,0.4782176102353793,149960,169553,71719,171291,49504,627158,50.795833333333334,27157.833333333332,18.19621421267896,2.175
2017-04-19,0.5676257638111283,123220,169567,74682,280343,32448,695689,47.03875,28044.5,16.058361451942744,2.5583333333333336
2017-04-20,0.5304083932011194,132107,169808,72733,233985,35698,660344,48.13,28154.125,13.809639570552154,3.6416666666666666
2017-04-21,0.48239504631706315,145700,170080,69432,178591,45951,626443,51.45375,28008.208333333332,12.97050357873212,3.3083333333333336
2017-04-22,0.39093331882954424,157573,170071,70363,98803,38512,551580,53.28333333333333,25367.708333333332,13.95975204498978,2.908333333333333
2017-04-23,0.3288847033999049,183548,170056,68987,57187,42962,538368,55.555416666666666,23173.125,16.046354805725976,1.6
2017-04-24,0.32707500260787925,209601,170003,94422,52584,33285,575180,60.71625,26591.583333333332,16.841848159509212,2.175
2017-04-25,0.37939786999390956,199877,169866,82333,113326,26687,607510,56.28583333333333,28189.958333333332,16.690843558282225,2.3333333333333335
2017-04-26,0.4408666415387873,195237,169726,68173,193877,22478,665927,54.053333333333335,28465,15.052280163599184,2.4
2017-04-27,0.45626998191627144,205153,147798,80495,186363,26879,662474,51.845,28775.208333333332,10.212211145194264,2.3916666666666666
2017-04-28,0.4564902031672367,197950,153909,85950,191001,16326,661081,54.272083333333335,28590.958333333332,10.896674335378322,2.5583333333333336
2017-04-29,0.4132555173076587,167306,160771,60881,148891,18478,572290,52.10916666666667,25689.541666666668,12.247967791411046,2.5333333333333337
2017-04-30,0.5883550873333192,115500,169010,116345,271327,21533,709065,28.409166666666668,23447.333333333332,13.943680981595096,4.316666666666666
2017-05-01,0.3338262609991986,320547,170417,72628,147259,19370,749941,48.08625,29713.375,13.359550102249507,2.1166666666666667
2017-05-02,0.6184747029562617,123763,164138,141598,310761,17900,775980,58.40083333333333,25942.625,15.513238752556262,1.7583333333333333
2017-05-03,0.5312036094875253,118587,170516,104062,212708,10172,633885,55.32625,25650.708333333332,17.271904907975475,1.6
2017-05-04,0.5190821349204701,146862,170008,75104,212085,55221,674086,54.51541666666667,28523.25,17.886661554192248,1.8
2017-05-05,0.47763547359688197,179808,160766,65078,217445,26779,666569,50.33708333333333,28187.125,17.888167177914124,3.5833333333333335
2017-05-06,0.420028073517524,240044,120832,58608,138185,59930,638324,48.19166666666666,27404.791666666668,17.717827198364017,2.9250000000000003
2017-05-07,0.31504343350639386,349884,143133,51323,115116,53373,732499,53.415416666666665,31246.5,17.980529141104306,1.7833333333333332
2017-05-08,0.35804589031168377,261626,164413,39439,133758,57897,676134,55.05375,29865.708333333332,19.241901840490815,1.9166666666666667
2017-05-09,0.251696242558971,330186,163764,48729,55037,53980,672958,57.08291666666667,31034.833333333336,18.913210633946854,2.5583333333333336
2017-05-10,0.25331625174762096,378373,142955,39336,86812,42991,709536,53.72083333333333,29799.708333333332,18.648182515337435,3.15
2017-05-11,0.5125973029635655,166710,120569,61909,213007,24982,604812,48.066250000000004,23376.208333333332,16.64525051124745,5.383333333333333
2017-05-12,0.18210842727527438,555635,145032,60589,60976,25665,867291,50.03125,33835.833333333336,17.09742331288344,4
2017-05-13,0.46465181486997686,177039,121879,71816,152464,31463,572052,49.55291666666667,25133.875,18.416771472392647,2.9583333333333335
2017-05-14,0.4060957108831852,178217,121890,74177,73167,51885,518102,51.51375,22921.083333333332,19.039120654396744,1.9666666666666668
2017-05-15,0.3443084743532475,249353,121762,72287,69156,46610,577578,55.60625,26969.416666666668,20.045056237218823,1.866666666666667
2017-05-16,0.3449102304075337,275596,118359,89333,67341,43731,613348,57.52375,28569,21.783762781186102,1.9416666666666667
2017-05-17,0.3623752579467116,262898,121366,61237,109686,40453,614468,54.005833333333335,28463.625,21.339537321063407,1.7333333333333332
2017-05-18,0.45223401028648724,208777,121373,68618,150078,49100,616537,50.17,28239.333333333332,18.089672801636002,2.908333333333333
2017-05-19,0.3835648416360526,233045,121300,66302,84765,63372,586876,53.13166666666667,27762.833333333332,16.185598159509222,2.575
2017-05-20,0.3787020137797305,214287,121247,60542,74041,64029,552841,52.310833333333335,25126,18.012157464212677,2.3666666666666667
2017-05-21,0.4675139031996711,182766,118998,86560,149856,24620,581341,48.17041666666667,23361.666666666668,19.363803680981597,2.025
2017-05-22,0.36304026248196175,257820,121541,73023,82729,54064,607737,55.2875,27844.041666666668,20.78495143149285,2.1333333333333333
2017-05-23,0.4213481524468704,251409,121507,61127,144855,60142,658249,53.22375,28856.625,22.534588445807785,1.9166666666666667
2017-05-24,0.3796559695572413,270316,121403,73587,101914,57837,645408,54.64458333333334,29299.833333333332,23.592160020449917,1.95
2017-05-25,0.3333914807182286,321225,121140,91686,69101,53107,676442,58.99333333333333,29713.833333333332,24.316914621676908,1.925
2017-05-26,0.31231088671393203,335098,121361,76025,80997,42539,676182,58.620416666666664,29545.375,22.81876533742333,2.316666666666667
2017-05-27,0.40247422748008765,234231,121279,66529,123285,43811,610049,54.185,26413.5,22.97139314928427,2.1500000000000004
2017-05-28,0.42502528205985035,196627,121145,67815,134664,27464,568585,51.580416666666665,23892.75,22.237653374233147,2.5
2017-05-29,0.31677221451010734,294655,121150,90813,61339,33544,621677,58.18333333333333,28159.583333333332,21.488133946830285,2.2666666666666666
2017-05-30,0.2864433337668692,330182,121210,78424,48110,47439,645852,58.747083333333336,28704.166666666668,20.712528118609423,1.5416666666666665
2017-05-31,0.30228955858630296,326306,121110,68151,63039,55769,654624,59.2725,28913.166666666668,21.4379601226994,1.8166666666666667
2017-06-01,0.2858734533513165,307502,170383,74994,87187,21839,682120,60.401666666666664,25356.291666666668,22.810846114519453,2.0583333333333336
2017-06-02,0.5165579116062923,213244,169448,101248,279923,26473,809311,58.045833333333334,30676.958333333336,23.503609406952986,2.3833333333333333
2017-06-03,0.5527751754631145,140468,170395,108136,252497,22288,711973,54.47625,29223.833333333336,22.578070040899814,2.1083333333333334
2017-06-04,0.5264905835044985,149992,169843,83510,215349,57312,691340,50.47625,28370.625,20.358767893660545,2.3000000000000003
2017-06-05,0.47240495662378146,169414,142665,69560,158782,50092,607591,54.560833333333335,25244.416666666668,19.362057770961165,2
2017-06-06,0.35280644272284656,283201,130307,55273,102826,61990,653140,53.377916666666664,28933.916666666668,21.61339212678937,2.8583333333333334
2017-06-07,0.28828678524884066,368325,142888,50145,127008,21988,731251,55.236666666666665,30771.291666666668,21.897471881390608,1.775
2017-06-08,0.4593234630134999,185282,164792,57795,178768,56972,661782,53.76416666666667,26937.5,23.905020449897776,2.325
2017-06-09,0.36518402413450146,268402,163375,41502,150599,49754,694773,56.62833333333333,31221.541666666664,24.039182004089994,2.2083333333333335
2017-06-10,0.3514307155208979,325529,142951,28447,175791,43703,735576,54.18375,29487.333333333332,24.858450920245417,1.7416666666666667
2017-06-11,0.3809399324142141,324159,120690,37002,197879,32919,730627,50.549166666666665,28152.708333333336,26.496451942740304,1.8666666666666667
2017-06-12,0.19404879246185439,482462,145750,59284,59467,23495,790327,55.00833333333333,30140.916666666668,27.121431492842547,2.125
2017-06-13,0.3297598662697454,341400,144642,64644,110268,58980,737006,56.169583333333335,32383.25,27.185761758691232,2.2333333333333334
2017-06-14,0.2696937035855909,390122,144321,81947,51540,57401,743169,59.159166666666664,32978.75,27.521007157464236,2.1666666666666665
2017-06-15,0.28377327952466647,385310,144148,64772,84762,53539,751304,59.13333333333333,33160.916666666664,27.978448364008198,1.9916666666666667
2017-06-16,0.32968302561373697,362429,144147,70804,120369,52117,768611,57.757083333333334,33165.541666666664,28.232617586912085,1.8416666666666668
2017-06-17,0.32911436010644557,314192,144144,61516,105620,51660,696694,55.53,30545.375,29.002126789366066,2.1416666666666666
2017-06-18,0.3211102291909388,285630,144073,55410,90881,50480,646317,56.312916666666666,28141.958333333332,28.590283742331298,2.2583333333333333
2017-06-19,0.314463901133441,384435,143943,55451,136996,43435,784249,59.639583333333334,33142.75,27.431132413087948,2.6
2017-06-20,0.2566546232806482,445329,143964,60529,86425,49838,804591,59.975833333333334,33739.916666666664,26.758466257668733,2.2333333333333334
2017-06-21,0.2153252480705623,471545,139671,66483,39461,53744,789090,62.742916666666666,33743.75,27.504944274028645,2.275
2017-06-22,0.2113599510018023,477678,142768,54818,46721,55894,796764,61.76541666666667,33802.5,28.04301124744378,2.375
2017-06-23,0.24307121814441157,428760,144042,51567,64700,59514,767487,58.843333333333334,32883.416666666664,27.959389059304723,2.3166666666666664
2017-06-24,0.2792649862409292,345493,144041,49605,84661,48549,690817,56.85541666666667,29280.958333333332,27.072602249488774,2.3916666666666666
2017-06-25,0.2796876788936531,298508,140064,52360,85592,25693,620131,53.1875,27060.208333333332,25.693108384458096,2.425
2017-06-26,0.2694263264048806,378882,124002,57528,65772,54537,699579,60.66,31625.666666666664,24.852177914110445,2.658333333333333
2017-06-27,0.3832055331724765,296447,132042,53540,157801,49098,707876,57.784166666666664,31815,24.093660531697356,2.841666666666667
2017-06-28,0.5640396054605643,176483,137089,68673,297136,40229,739191,51.437916666666666,30764.625,23.36830010224951,5.216666666666667
2017-06-29,0.5217034239748432,196380,135910,74634,233996,52335,712330,51.95291666666667,29228.708333333332,20.57419989775052,5.333333333333333
2017-06-30,0.4553432214638135,208816,139481,58492,173523,55829,655466,52.13041666666667,28570.041666666668,19.756963190184063,3.2333333333333334
2017-07-01,0.29013010916092,289784,170408,75737,82517,22645,660676,50.83,27692.583333333336,19.867714723926394,3.091666666666667
2017-07-02,0.4414669941148276,272982,170535,108088,224555,13587,809492,49.62083333333334,30900.041666666668,21.93109632221372,2.35
2017-07-03,0.5039551863076795,173486,170291,105327,207807,32646,709069,54.596666666666664,29574.416666666668,24.75652862985686,2.341666666666667
2017-07-04,0.43151905532179796,175037,169649,96199,105417,57602,620063,55.50625,28186.25,25.8198619631902,2.4583333333333335
2017-07-05,0.37184110127533004,182657,145111,61382,68566,60390,535234,54.943333333333335,23000.25,25.700570040899823,2.9583333333333335
2017-07-06,0.3092276899717027,299681,142423,51629,76653,63350,652005,58.66375,29415.416666666668,23.010536809815974,2.4
2017-07-07,0.3001038322680206,362181,142821,50040,124487,34178,734839,56.55916666666667,30317.541666666668,22.432211145194284,2.475
2017-07-08,0.33821814124346183,298913,164393,55314,126443,48264,711594,53.725833333333334,31226.291666666664,23.07605061349695,2.8833333333333333
2017-07-09,0.32466852316443356,285790,159924,46938,113987,46285,674029,52.544583333333335,30852.708333333332,24.498341002045006,2.5166666666666666
2017-07-10,0.31513578915144536,269931,143392,28599,112593,42296,617391,55.19625,25830.25,25.177690439672816,2.283333333333333
2017-07-11,0.3322214535806769,375843,120582,39875,167123,33378,754578,56.72625,29278.75,25.764151329243376,1.925
2017-07-12,0.24306894300416917,425157,154935,69098,88302,20614,778092,56.75416666666666,31038.25,27.345986707566475,1.975
2017-07-13,0.26253539874978793,422437,134944,62311,77472,49579,766270,59.74625,34013.583333333336,28.51461145194276,2.1083333333333334
2017-07-14,0.32932987718511425,381787,139335,39181,155750,53162,789318,56.385,33655.458333333336,28.186265337423333,2.441666666666667
2017-07-15,0.37895718661803623,287962,141881,41845,158903,55422,705457,53.014583333333334,29900.291666666668,27.585048568507172,2.2833333333333337
2017-07-16,0.3811690262240691,259930,141725,53201,130421,58004,662483,53.38791666666667,27279.625,27.918123721881408,2.1
2017-07-17,0.3267350999106139,364144,141612,41036,156527,41007,762982,56.13166666666667,32670.416666666664,27.67163599182005,2.2666666666666666
2017-07-18,0.36503600852317636,352855,141518,45009,191853,41094,790785,56.077083333333334,33621.125,28.12669478527609,2.683333333333333
2017-07-19,0.3215952943086748,368959,141685,43674,138009,52643,763671,55.8775,33198.041666666664,26.886551635991836,3.0166666666666666
2017-07-20,0.2873631417351725,373053,141734,45089,96912,57087,733149,56.147083333333335,32173.25,25.56860173824133,2.691666666666667
2017-07-21,0.27965398082379245,353535,141943,46015,79974,57626,698574,56.1275,31394.583333333332,25.000531697341525,2.7583333333333333
2017-07-22,0.29512224986036495,271157,141731,40726,64900,59194,596197,54.34708333333333,28143.708333333332,25.132292944785295,2.0083333333333333
2017-07-23,0.3201938421808662,237598,138918,41720,72864,55528,564583,52.8125,25744.166666666668,25.679902862985706,2.166666666666667
2017-07-24,0.37387215091161935,272633,142102,51836,130083,59027,674514,55.505,30180.75,25.381653885480585,2.4166666666666665
2017-07-25,0.38000570976548326,267485,142587,42954,141937,58920,672532,54.84791666666666,30193.5,24.432073108384476,2.533333333333333
2017-07-26,0.2798250140213124,331920,142481,48581,70596,56215,668625,57.47625,31284.125,24.722816973415146,1.975
2017-07-27,0.24750021438984648,377154,141902,50029,55961,55773,699660,60.76,32372.333333333336,26.90155163599184,2.1833333333333336
2017-07-28,0.24479324783338394,378222,141452,41790,60688,56486,698324,57.64458333333333,32481.166666666668,27.839555214723944,2.2333333333333334
2017-07-29,0.32747405164243276,286688,141671,41585,102527,56454,648885,54.717083333333335,29395.25,27.555490797546035,1.9333333333333333
2017-07-30,0.32735649071601874,254367,145862,42754,89940,54927,607121,51.01625,27130.75,27.315731083844597,2.1916666666666664
2017-07-31,0.28998265263738837,334031,151801,40140,97044,53306,695783,55.141666666666666,30800.458333333336,26.68395961145195,2.683333333333333
2017-08-01,0.3201821964452989,263776,170538,58585,116171,23406,652263,56.53791666666667,27146.041666666664,26.098356339468324,2.025
2017-08-02,0.4581071744627424,284369,170518,106363,241709,33320,855409,56.99375,31214.958333333332,27.11565184049082,1.7333333333333334
2017-08-03,0.3801908383288499,219748,170430,110985,82683,39474,642743,57.272083333333335,29096.291666666668,28.00379831288344,1.8166666666666667
2017-08-04,0.4027221595332441,176620,156596,78435,84893,58249,571605,56.51,25438.083333333332,29.549491308793478,1.85
2017-08-05,0.3898163203954285,213783,145130,73439,91959,60319,602081,52.8625,27370,29.962489775051143,2.3333333333333335
2017-08-06,0.36288664385341124,276515,144170,56194,124074,53849,673585,49.18666666666667,29983.083333333332,28.04813905930472,2.658333333333333
2017-08-07,0.30473945960833654,302540,132577,44458,94309,44327,639018,54.757083333333334,27046.083333333332,27.627425869120668,2.708333333333333
2017-08-08,0.36856578203620094,281754,165241,49882,150688,54132,720037,52.89541666666667,30700.583333333332,25.53658231083846,2.7
2017-08-09,0.266413240229833,298153,162469,45343,66362,47044,640291,52.4725,29836.416666666668,22.658113496932533,3.125
2017-08-10,0.270025126321893,270270,143503,35474,67413,42264,579472,51.840833333333336,23833.541666666668,20.64571830265848,2.7083333333333335
2017-08-11,0.33585163645280414,370693,120417,52669,160540,28052,750373,50.49208333333333,29772.25,21.94474437627813,2.533333333333333
2017-08-12,0.30527993525503655,332714,162893,58194,134081,17620,726543,50.809583333333336,28580.708333333332,23.910345092024553,2.0583333333333336
2017-08-13,0.39314786878989605,163936,164191,38536,111658,57122,555506,49.38708333333333,24239.75,24.766063394683037,2.0416666666666665
2017-08-14,0.38832445826100886,200359,165090,42705,133313,50194,611826,52.67875,27490.25,26.194867075664646,2.3333333333333335
2017-08-15,0.32225688560906385,211560,164889,47428,81712,43037,568323,50.602916666666665,26058.625,26.251262781186117,2.15
2017-08-16,0.258523362303368,271031,164458,46297,47684,50114,599470,55.45916666666667,29348.208333333336,26.285446958077724,1.7333333333333334
2017-08-17,0.26056978354394184,286850,164503,42273,57362,51840,622482,54.705416666666665,30032.583333333336,27.289723926380386,1.7
2017-08-18,0.3041083695097533,275614,164296,38282,96062,51609,644757,53.5,30501.416666666664,27.589527096114537,2.05
2017-08-19,0.40379952032633754,185207,164938,38789,144563,49549,602076,50.85541666666667,27594.166666666668,26.87461145194276,2.341666666666667
2017-08-20,0.44668577313599256,157424,164791,48853,158016,50949,599099,48.245416666666664,25666.333333333332,26.73025817995911,2.066666666666667
2017-08-21,0.31120387522591186,284241,164319,41605,103063,52288,664529,54.944583333333334,30710.5,26.862906441717815,1.9666666666666666
2017-08-22,0.2758303230231103,333055,163876,36699,93809,51632,698433,56.45,31495.208333333336,27.472842535787343,2.1833333333333336
2017-08-23,0.259619675920628,344997,163740,39715,82862,47857,699088,56.11541666666667,31562.083333333336,27.158957055214746,1.8666666666666667
2017-08-24,0.297959671921817,313944,164130,41164,106501,47495,693859,55.56875,31393.5,26.76890848670758,1.9583333333333333
2017-08-25,0.2640033559064981,328666,164087,44123,89633,34438,681783,57.00791666666667,31097.125,25.948928936605338,1.7583333333333333
2017-08-26,0.29263468491107475,263185,164035,39942,109107,20097,616810,55.624583333333334,28191.583333333332,26.129713701431513,1.8333333333333333
2017-08-27,0.31807407737488236,224434,164429,40362,117003,16600,583471,54.20166666666667,25772.583333333332,25.45421267893662,2.1999999999999997
2017-08-28,0.25138531307255507,329182,163794,48712,87509,20953,670787,57.75125,30187.958333333336,23.279358384458092,2.033333333333333
2017-08-29,0.20525015273501535,352404,164172,44395,55536,24054,661276,59.34166666666667,30102.083333333332,22.713328220858916,1.725
2017-08-30,0.2234875919495396,327445,164395,42527,53397,36112,644783,57.940416666666664,29601.666666666668,22.758003578732122,1.9916666666666667
2017-08-31,0.3038660770688566,267381,164215,41704,91623,47099,633200,53.60333333333333,29615,22.579923312883448,1.6583333333333334
2017-09-01,0.34057385101334503,344172,170477,108566,124826,26420,794004,54.19958333333334,32391.333333333336,22.30478783231085,2.1833333333333336
2017-09-02,0.36510740676211656,315983,170627,119441,132758,22015,780584,50.23166666666667,31738.25,21.694376278118618,2.2333333333333334
2017-09-03,0.3778575165390724,217497,170307,108595,75342,45865,636523,53.975833333333334,28882.666666666668,22.787533231083863,2.0500000000000003
2017-09-04,0.430125042338407,158472,159785,74453,106117,56874,572766,56.14083333333333,23296.875,23.688752556237244,1.9749999999999999
2017-09-05,0.3815917009404553,224851,144893,74175,97370,52699,610768,57.384166666666665,28245.583333333332,24.30776073619633,1.7416666666666667
2017-09-06,0.27745823442399675,321595,138396,78166,43540,47331,648321,54.48833333333333,29893.458333333332,25.137382413087952,1.675
2017-09-07,0.2820318029456401,269847,135883,43895,56381,51546,577871,54.85958333333333,25149.833333333332,23.6649846625767,1.85
2017-09-08,0.39852129317640816,244025,165367,53019,157255,55212,693579,57.194583333333334,29305.416666666668,22.364821063394707,1.9166666666666665
2017-09-09,0.4786382063373873,142394,163710,52461,196028,28990,604350,47.84291666666667,26263.375,20.3944938650307,3.3
2017-09-10,0.1872368255491732,402995,143437,34190,40556,41558,683482,45.665416666666665,27828.458333333332,19.152382413087945,2.3916666666666666
2017-09-11,0.35794728700821016,364050,120471,49054,182909,30616,764783,53.67458333333333,29769.666666666668,22.021099182004097,2.6999999999999997
2017-09-12,0.36332366252153875,312736,168402,59256,200556,8553,770704,56.257083333333334,28343.875,22.258305214723936,2.0583333333333336
2017-09-13,0.30062247560548694,303434,163740,50572,87950,54675,679866,56.48708333333333,30172.666666666668,22.389746932515344,1.6500000000000001
2017-09-14,0.3622856612384483,253479,163558,49585,137091,45142,667868,54.39083333333333,30171.333333333332,22.735784764826192,2.625
2017-09-15,0.39520285109143344,213854,164035,52464,145046,44983,639755,53.4175,28762.625,17.298159509202442,2.7
2017-09-16,0.3425483671177082,202779,164090,58421,77773,48787,571566,55.028333333333336,25394.083333333332,15.938364008179956,1.9416666666666667
2017-09-17,0.30059527100495753,206190,164292,52636,48539,50242,542610,55.14458333333334,23508.833333333332,16.984133435582827,1.95
2017-09-18,0.35711768326971244,237528,163816,53935,111886,50526,638417,54.87625,28105.291666666668,18.275432004089993,2.075
2017-09-19,0.2937036073767821,300066,163692,58307,78135,48516,669018,57.9475,28915.458333333332,18.902349182004095,1.4666666666666668
2017-09-20,0.23851309652381347,340697,163749,69500,32674,47072,674072,59.93375,29089.958333333332,19.23082822085891,1.7083333333333335
2017-09-21,0.23745211214194215,338729,163361,53122,54150,40348,669794,57.97708333333333,29143.041666666668,19.78988592791412,1.5333333333333332
2017-09-22,0.29573451959413216,305459,159268,46326,101043,40406,672140,56.790416666666665,29082.625,20.788732106339484,1.5333333333333334
2017-09-23,0.29435683923998013,269815,143572,45234,75738,44348,596616,56.93833333333333,26100.041666666668,20.817482106339465,1.6916666666666667
2017-09-24,0.2903434334963406,255414,143356,44012,66405,46461,572367,55.97625,24071.791666666668,21.62045398773007,1.625
2017-09-25,0.2900991879755575,327301,142569,40778,98726,46370,672763,58.41125,28518.041666666668,21.284775051124758,2.45
2017-09-26,0.22080516194638306,366534,140521,42727,44947,48381,660836,58.73708333333333,29276.625,20.134425869120665,1.875
2017-09-27,0.21202302795890038,377358,143164,47107,60286,24566,670663,60.80291666666667,29362.625,19.799350715746428,1.5250000000000001
2017-09-28,0.22120954378143742,379878,143063,37469,71915,31185,681910,60.620416666666664,29280.25,20.614360301636005,1.4166666666666667
2017-09-29,0.20916524590553473,381129,143124,35809,54611,39671,673348,60.17666666666667,29180.708333333332,20.90138803680983,1.3666666666666667
2017-09-30,0.19747735773018757,302310,143211,37286,35840,27226,565756,58.92583333333333,26013.5,20.787625255623727,1.4916666666666667
2017-10-01,0.4153848549942434,308856,170143,79150,246564,10395,834691,57.23,33462.125,20.88540388548059,1.2916666666666667
2017-10-02,0.35390110571170547,331541,170619,135120,122306,11660,790622,62.62291666666667,32107.666666666664,21.45947597137016,1.4166666666666667
2017-10-03,0.38085968439154,200438,170332,106489,67121,48723,612341,65.15083333333334,28426.583333333332,22.119836400818002,1.5416666666666667
2017-10-04,0.39892518614542016,199904,148660,86426,84776,56417,593219,66.1025,27202.041666666668,22.08243865030676,1.625
2017-10-05,0.38169150454667955,219289,144698,61387,133118,25899,601098,65.69833333333334,28435.375,22.10653629856851,1.7833333333333334
2017-10-06,0.29072746503701963,269238,144413,51829,58257,52398,595630,60.5925,27150.541666666668,21.728248977505128,1.425
2017-10-07,0.28059635068980865,367590,140900,47776,84523,58212,719040,59.9025,30575.708333333336,19.102027096114533,1.9833333333333334
2017-10-08,0.4488472174980405,199388,165310,51175,186072,55637,676190,60.865,28035.875,18.570388548057277,1.5
2017-10-09,0.5042484990332756,138234,164603,70101,183464,52129,628928,68.4025,23818.541666666668,18.845122699386515,1.35
2017-10-10,0.1464604360184225,452644,143173,32188,22910,37068,708915,71.18916666666667,28957.791666666668,18.986203987730082,1.4416666666666667
2017-10-11,0.3418786305962199,385675,120809,34171,190081,30486,779142,70.00458333333333,30059.916666666668,19.25798568507159,1.5999999999999999
2017-10-12,0.5375520841186789,189311,169832,89932,321178,5928,795828,65.7475,27095.166666666668,19.761418711656454,1.3916666666666666
2017-10-13,0.19432391620154446,353790,142568,35889,44358,30559,627792,68.16250000000001,26488.208333333332,20.43810582822087,1.4916666666666667
2017-10-14,0.231284407379861,285767,142148,32216,66656,21549,568737,65.74458333333334,25197.333333333332,20.0781469836401,1.325
2017-10-15,0.39593226640528617,206501,141938,45465,146676,31493,591730,58.194583333333334,23484.041666666668,21.017599693251544,1.8583333333333334
2017-10-16,0.33804378998132983,301842,141868,47957,141856,30578,683444,61.43208333333334,28301.333333333332,20.47089723926383,2.066666666666667
2017-10-17,0.3117247632365815,333785,141813,48143,147981,12836,703656,64.90208333333334,28812.666666666668,18.002062883435595,1.9666666666666668
2017-10-18,0.269221139856048,360765,141155,48074,121061,8605,698983,65.08625,28837.375,16.40810838445807,1.9916666666666667
2017-10-19,0.27788482456412966,360927,141500,41135,125811,19471,707894,67.61041666666667,28262.208333333332,14.681081288343552,1.8083333333333333
2017-10-20,0.33088791822069835,290290,141686,42907,142596,21987,657966,61.58291666666667,28316.375,17.136927402863005,1.5083333333333333
2017-10-21,0.3392654606720106,230660,141613,37811,124541,22874,575735,59.39333333333333,25274.5,18.252027096114528,2.158333333333333
2017-10-22,0.3072101581139553,227196,141742,39002,83895,34317,544038,60.18333333333333,23177.041666666668,16.359544989775056,1.8333333333333333
2017-10-23,0.2276233655920587,340244,141684,35096,62694,36525,634557,73.48625,27803.875,15.362487218813904,1.5166666666666666
2017-10-24,0.2344647598131755,360503,140351,34880,72856,37750,664795,67.89916666666667,28675.916666666668,16.42781697341514,1.6583333333333334
2017-10-25,0.2281452008121164,386027,135577,41149,65662,39160,685616,68.13125,28932.833333333332,16.830168711656455,1.2
2017-10-26,0.2257421202764645,384098,135745,38954,66853,37487,680449,66.13916666666667,28661.041666666668,17.33226993865032,1.5416666666666667
2017-10-27,0.3129363449691992,322040,132673,32413,131071,36647,672060,63.63125,28377.083333333332,18.25884713701432,1.9583333333333333
2017-10-28,0.4565986162411006,195640,121534,43040,184953,34586,597792,57.61666666666667,24912.208333333332,17.36512525562374,1.5666666666666667
2017-10-29,0.4481625073304229,190956,139474,55364,174585,34281,613880,56.4164,22890.48,15.75384539877302,1.584
2017-10-30,0.390174588486342,284289,133979,36228,191445,34464,699187,58.9275,27665.708333333336,14.924895194274033,1.5333333333333334
2017-10-31,0.2839253477636393,360667,120257,47710,104006,31402,683007,63.94875,28465.041666666668,14.451717791411038,1.675
2017-11-01,0.35841669919968766,346399,170375,95241,167892,19866,819680,56.26625,32550.208333333336,14.427410531697351,1.8083333333333333
2017-11-02,0.42577037970945353,224857,170568,98865,182295,7860,704328,63.21666666666666,28915.791666666668,15.79286042944786,1.9416666666666667
2017-11-03,0.43143562954175974,152713,170221,93839,111476,36104,582511,65.05666666666667,25377.791666666668,15.554900306748465,1.475
2017-11-04,0.42099863974591356,205595,144330,105541,89258,57108,619002,59.79416666666667,27610.083333333332,14.933453476482626,1.7833333333333332
2017-11-05,0.5563815847836109,153242,144445,81579,265481,25826,687627,48.93958333333333,28282.791666666668,14.061365030674843,2.4333333333333336
2017-11-06,0.3696942633648788,217322,139473,60320,84938,59003,580009,61.6325,25587,11.682034764826184,3.475
2017-11-07,0.22673236116440984,414862,141626,45711,47552,60378,729640,64.28291666666667,31833.875,9.69338445807772,2.1166666666666667
2017-11-08,0.40213040326580446,217033,165649,49014,147214,57044,655275,63.24166666666667,28102.958333333332,9.582691717791409,1.85
2017-11-09,0.4292908733890753,192392,164311,48313,160493,54783,641169,63.779583333333335,27763.291666666668,9.147277607361975,2.6333333333333333
2017-11-10,0.18974642084781257,415736,142825,31018,54439,35956,701004,64.5075,28757.75,9.95920756646218,2.1166666666666667
2017-11-11,0.351158672188395,301791,120949,34802,155532,30314,662353,61.955416666666665,26872.25,11.409841513292434,1.4833333333333334
2017-11-12,0.4395710311060278,265860,162688,77269,247172,7949,778145,58.704166666666666,31916.083333333336,11.948689161554196,1.8916666666666668
2017-11-13,0.4600835970666724,300589,121115,48283,276407,29507,794047,59.093333333333334,29663.416666666664,11.660990797546015,3.1666666666666665
2017-11-14,0.3304778753459704,381582,111065,34490,174159,27494,745006,63.77708333333334,30512.818181818184,8.696646216768922,1.8416666666666668
2017-11-15,0.19946227140822434,502820,121168,57584,58563,30041,787758,70.7075,31367.708333333332,7.889654907975462,1.3166666666666667
2017-11-16,0.1656905329980334,532586,121135,62079,28263,30161,791729,73.43,31351.25,8.918100715746423,1.0416666666666667
2017-11-17,0.18450414758589231,507212,121095,41593,61515,29668,780454,72.65166666666667,30856.833333333332,9.946451942740289,0.9916666666666667
2017-11-18,0.26325384150151343,386150,121135,44613,99395,29272,699401,65.22625000000001,27542.75,10.497272494887529,1.175
2017-11-19,0.22489851962691249,361643,121170,45877,57130,29176,632881,64.95791666666666,25534.25,9.750421779141117,1.2583333333333333
2017-11-20,0.16696021549937837,498668,121090,47620,38326,29083,752856,73.53708333333333,30615.833333333336,9.382482106339477,1.375
2017-11-21,0.18851623062655556,485716,121019,43506,58906,29121,756964,70.32458333333334,31345.625,9.37606339468304,1.1916666666666667
2017-11-22,0.29544758903880886,403266,121064,50361,136844,24698,754699,65.64875,31672.333333333332,9.450419222903886,1.6500000000000001
2017-11-23,0.3252561368459162,381619,121081,41844,180324,13276,756822,64.075,31149.125,11.646455777096119,1.925
2017-11-24,0.2609114231100281,399779,120990,38359,121658,15956,715672,67.30541666666667,30786.375,13.324961656441726,1.9083333333333334
2017-11-25,0.36127506273882287,309093,121065,42457,188620,6171,686178,61.73833333333333,27627.791666666668,12.133591513292444,2.0416666666666665
2017-11-26,0.3443442131189764,296297,121074,49927,141704,20723,648389,62.26875,25703.5,9.079043967280176,1.8166666666666667
2017-11-27,0.18818401329612092,466797,120811,61265,52600,12798,733447,72.01916666666666,31271.166666666664,6.374210122699391,1.125
2017-11-28,0.19069395767921524,513740,121180,59373,73300,7161,794645,75.30125,32275.625,7.2009693251533875,1.875
2017-11-29,0.2543393141062439,479895,121135,52342,134717,9455,817007,74.35375,32438.916666666664,8.326196319018413,1.8916666666666666
2017-11-30,0.2740943599645608,482748,121104,47688,147963,24113,843133,75.12666666666667,32626.875,5.659557770961156,2.125
2017-12-01,0.344354669240381,346435,165935,75960,164418,22291,794701,72.46541666666667,32116.5,4.275759202453997,3.1
2017-12-02,0.579934478423476,139214,170561,112465,310722,6532,758834,67.17958333333333,26591.083333333332,4.577880879345614,3.525
2017-12-03,0.5603385097575742,127440,169111,111708,227283,39272,690438,66.96583333333334,23514.166666666668,4.946894171779148,2.175
2017-12-04,0.35664388736727065,227002,145700,99463,46387,57489,592936,78.7625,27146,4.54068762781188,1.8166666666666667
2017-12-05,0.521516482831682,162518,137400,84809,212541,27302,641880,82.78041666666667,27968.375,4.638322916666667,1.6416666666666666
2017-12-06,0.39695720010076785,281644,143547,86362,128831,60380,718483,81.41416666666666,31096,4.365417872891105,1.8083333333333333
2017-12-07,0.2419200097935243,420943,141301,58629,54337,56960,751517,77.91583333333332,33113.458333333336,5.478668200409008,1.4416666666666667
2017-12-08,0.37700984829969675,187546,165439,41854,107492,58832,581014,71.97749999999999,25954.666666666668,7.129184560327201,1.6083333333333334
2017-12-09,0.31454334472443124,277607,164029,46976,96635,51682,657531,74.37458333333333,29640.166666666668,8.692420756646225,1.45
2017-12-10,0.20111798344741055,344358,142697,38062,46068,29613,621655,56.052083333333336,24675.166666666668,11.954915644171784,4.5
2017-12-11,0.42440489889345717,242071,121025,58908,172287,30144,643084,58.322500000000005,24731.375,10.990040899795495,5.791666666666667
2017-12-12,0.296562917516773,404541,170049,74549,135804,24531,829308,75.06541666666666,32849,6.486405930470346,1.9833333333333334
2017-12-13,0.3493516838060603,386866,170057,67082,204751,21320,870023,75.83458333333333,33371.458333333336,5.4063011247443855,3.1583333333333337
2017-12-14,0.40881805810015787,326280,169763,79535,250163,8510,853113,68.04166666666667,32907.833333333336,9.483187627811866,3.7083333333333335
2017-12-15,0.4050250978630482,316804,169759,80082,238324,7281,832541,66.52291666666667,31944.625,11.154097648261766,3.9
2017-12-16,0.3578112202265225,286340,170138,57498,166461,24175,725226,63.477916666666665,28883.416666666668,7.234833844580789,2.3916666666666666
2017-12-17,0.33584367526930475,274685,170185,69602,123065,25813,683705,62.36708333333333,27520.666666666664,5.712896216768934,2.0583333333333336
2017-12-18,0.31526452419296686,390590,170070,71365,157031,22659,832060,71.82541666666667,32962,5.586134969325158,2.1666666666666665
2017-12-19,0.3048656509727365,421845,170098,66173,162938,22905,863646,69.92708333333333,33179.833333333336,8.15196574642127,2.2666666666666666
2017-12-20,0.2721740518112666,436968,170217,68986,127548,22326,845955,72.89541666666666,33246.666666666664,6.201996421267904,1.4416666666666667
2017-12-21,0.27241514788279486,402483,170216,65419,117574,23407,799214,71.96124999999999,32626.375,7.940177914110437,1.425
2017-12-22,0.3543396504488477,311335,170251,72989,162418,22660,759946,66.95166666666667,31494.416666666668,7.560671012269959,1.2666666666666666
2017-12-23,0.3412590921288085,235361,170306,62397,121452,20212,629803,61.09166666666667,27756.25,7.8006288343558365,1.8083333333333333
2017-12-24,0.30895891660717345,227915,170385,66071,86899,18731,589703,59.44083333333333,25463.041666666668,7.011111451942743,1.7833333333333334
2017-12-25,0.4057926372830256,166006,170390,64400,152750,8732,581117,56.50333333333333,23565.833333333332,5.678995398773004,2.1083333333333334
2017-12-26,0.5040502495350325,151071,170427,73209,246312,5995,665638,54.753750000000004,27747.375,8.219027607361957,3.6416666666666666
2017-12-27,0.5812422778540787,137468,170263,86407,330258,11608,754324,49.89791666666667,29360.041666666664,9.962075664621677,6.9
2017-12-28,0.5585692327398488,138766,170236,90121,293436,7203,718244,56.319583333333334,29078.25,10.095176380368105,4.116666666666667
2017-12-29,0.5266517525998646,141705,170211,85711,252471,8698,676766,55.77875,28171.458333333332,10.990562372188151,3
2017-12-30,0.5546279578706772,118887,170304,108020,236782,17277,668513,45.59375,25689.041666666668,12.67249028629858,3.3333333333333335
2017-12-31,0.573855798331009,104462,170393,99395,265960,5817,661837,27.229166666666664,24203.541666666668,10.279236707566465,3.35
2018-01-01,0.5623119294932326,101026,170091,87995,241571,19262,635400,21.0425,22462,9.858645194274038,4.475
2018-01-02,0.3862347974530408,260674,170473,81078,171241,13021,715834,47.864583333333336,32893.458333333336,11.027604805725979,3.4583333333333335
2018-01-03,0.5203394368082513,229162,170527,114587,309065,8873,851646,46.86208333333333,33111.458333333336,13.160802658486713,3.1833333333333336
2018-01-04,0.5794922993576349,118340,145602,172355,152420,41709,646050,44.930416666666666,23745.125,14.136768916155424,3.7666666666666666
2018-01-05,0.5250916445455694,132623,121555,149676,94439,36432,553770,50.742916666666666,23246.916666666668,12.22505112474438,4.166666666666667
2018-01-06,0.3597864931433462,286977,97370,105207,57452,47926,612252,52.79666666666667,27827.541666666668,7.621924846625767,2.6
2018-01-07,0.3840858398877241,198836,143874,100855,66317,40897,570737,52.45291666666667,25350.166666666668,6.543491820040899,2.05
2018-01-08,0.3528345301773728,298285,167440,82236,108287,56985,733596,70.88,32481.583333333336,5.3290797546012225,1.625
2018-01-09,0.37312103651430273,214649,167204,58469,115514,46681,622085,64.55541666666667,28064.75,4.875649284253575,2.475
2018-01-10,0.4488907217647799,216940,168334,50059,219563,40471,715330,60.41166666666667,28617.25,7.85844325153375,3.4833333333333334
2018-01-11,0.3251021842476528,236462,145039,49258,102073,27864,579101,57.622083333333336,25859.375,8.078122188139057,3.7666666666666666
2018-01-12,0.4478786692169827,237110,120905,81306,185333,19624,663970,65.67625,28015.708333333332,6.103995398773009,1.6
2018-01-13,0.31238122583815336,305310,150369,81048,112964,6012,675652,59.83708333333333,30312,4.943572597137015,1.8083333333333333
2018-01-14,0.31144036800386854,272702,165931,97118,86042,8629,649341,58.251666666666665,28177.375,6.493928425357872,1.85
2018-01-15,0.3299418756462613,334735,170227,88133,130595,23994,765944,63.80041666666666,33212.041666666664,5.7283008691206545,2.216666666666667
2018-01-16,0.4654300355545813,255303,170261,97698,246700,23704,811991,57.888333333333335,33190.583333333336,8.74311349693252,3.1
2018-01-17,0.41348044460668926,286261,170350,103605,190501,23918,794410,58.87416666666667,32680.083333333332,10.625316973415135,3.1333333333333333
2018-01-18,0.30625437375935,330329,170391,105800,83435,25054,734494,63.33208333333334,32584.5,8.308121165644163,2.1416666666666666
2018-01-19,0.3222128896875802,306273,170467,79276,118593,22465,716728,60.85458333333333,32329.5,7.995355316973414,1.2416666666666667
2018-01-20,0.48665997592476634,179477,170509,75945,232084,22038,699474,53.39458333333334,28623.416666666668,8.905065439672804,2.275
2018-01-21,0.5288355887115429,146712,170453,112370,219627,23345,691680,49.669583333333335,26170.208333333332,12.558518149284271,2.7916666666666665
2018-01-22,0.3962573489812405,251113,170409,83875,164592,22799,713024,59.58208333333333,30841.75,11.033917433537841,1.9833333333333334
2018-01-23,0.2957616080005227,327155,170396,107717,72506,21318,719353,63.33291666666667,31464,9.886206288343566,1.35
2018-01-24,0.3081602248223789,318642,170433,87024,101607,22153,720213,61.88125,31596,9.096288343558285,1.4000000000000001
2018-01-25,0.34929234327068137,273191,170319,82748,139902,8892,695323,59.29416666666667,32064.458333333336,8.680283742331296,2.0083333333333333
2018-01-26,0.5248737710331876,178645,170460,84417,278923,21801,753987,55.48916666666667,32608.125,7.574980572597146,3.5833333333333335
2018-01-27,0.4900705764899398,159855,170560,79546,211872,23735,665094,53.974583333333335,29239.541666666668,7.7305956032720005,3
2018-01-28,0.472443401295878,144204,170554,84642,176246,17694,612249,54.524166666666666,27200.458333333332,8.852868098159504,3.4833333333333334
2018-01-29,0.3145755325706633,284222,170584,84490,93905,23103,676483,60.36625,31572.916666666664,8.970125255623731,2.175
2018-01-30,0.27720392302790003,327863,170645,87402,73397,22231,701397,59.37166666666666,32213,7.69102249488752,1.9583333333333333
2018-01-31,0.27867335363305273,328585,170693,111007,54133,19626,703458,62.315,32138.791666666668,7.503775562372198,2.0166666666666666
2018-02-01,0.5696178447315847,129383,170269,88702,292658,16807,714788,60.337916666666665,28564.75,6.368525051124742,2.375
2018-02-02,0.46348437576461343,226772,170571,80451,232833,25963,756101,57.11708333333333,33283.75,5.447645705521479,2.9416666666666664
2018-02-03,0.5293726734752314,224663,160833,143577,281521,7821,838160,54.634166666666665,32895.041666666664,5.890178936605328,2.875
2018-02-04,0.6124931277994894,119397,145322,173709,216576,33247,703923,57.90416666666667,26192.291666666668,5.5819759713701345,2.683333333333333
2018-02-05,0.5746406962445022,138743,121490,153485,152920,46210,631847,61.56791666666667,27368,5.204100204498983,1.9833333333333334
2018-02-06,0.37693859150441583,237385,99028,105156,57367,36021,552334,60.51708333333333,24971.625,5.436293456032727,2.3666666666666667
2018-02-07,0.367603661552919,255066,143981,118863,64382,42753,644863,62.45166666666667,29954.458333333336,3.952684049079766,2.375
2018-02-08,0.3239647056979715,341826,167112,96047,90766,50186,765676,68.7675,33396.25,2.837180981595104,2.191666666666667
2018-02-09,0.3387647631545528,215762,166851,73004,77630,37931,590575,66.70166666666667,26408.666666666668,3.416359918200417,1.7916666666666667
2018-02-10,0.4337973916720959,219120,168824,51761,195145,45955,699912,56.522083333333335,28963.5,6.079206032719846,2.6083333333333334
2018-02-11,0.36128751143246646,290418,144860,63045,163926,14979,695388,54.745,27514.166666666668,7.606193762781192,2.6833333333333336
2018-02-12,0.4967614525407701,194201,122411,90634,202702,16529,646123,61.531666666666666,26018.708333333332,8.463911042944787,2.6416666666666666
2018-02-13,0.44993047431964156,243592,170585,84095,223033,27797,770219,58.18541666666667,33887.875,4.677873210633955,3.2666666666666666
2018-02-14,0.5184639066479356,213980,170632,103266,293441,15986,817893,54.968333333333334,33524.791666666664,8.099555214723928,3.3833333333333333
2018-02-15,0.39632417878438825,283203,170693,117162,148729,26332,766577,60.970416666666665,32521.375,9.842280163599185,1.7083333333333335
2018-02-16,0.2844141006682644,339077,170702,122225,44228,28129,725611,65.65625,31769.625,11.162011758691204,1.575
2018-02-17,0.4210409849358649,203947,168802,98451,144156,23500,659779,56.12833333333333,28363.916666666668,10.14939161554192,2.066666666666667
2018-02-18,0.44387571550633115,189600,147397,102411,136409,26096,622636,56.62875,26568.875,9.23307004089979,1.7916666666666667
2018-02-19,0.39695558607929465,272630,145951,120840,122348,26701,709102,62.615833333333335,31457.791666666664,9.80719836400819,2.0416666666666665
2018-02-20,0.510587554004526,230235,145882,103167,251279,36198,787434,58.80583333333333,31779.833333333332,11.003068762781187,3.25
2018-02-21,0.5301641188480376,221809,145748,104348,273628,35685,801797,56.1525,31956.291666666668,8.72454550102251,3.591666666666667
2018-02-22,0.4663755402919327,264540,145421,99068,210745,45066,785455,59.685833333333335,32550.583333333332,5.19189417177915,1.925
2018-02-23,0.35395629097553594,327412,145786,114387,91232,46565,746482,63.59041666666667,32795.75,4.803421267893673,1.925
2018-02-24,0.2828316712766961,323377,146161,108451,28430,40310,667747,63.934583333333336,29361.625,5.174210122699396,1.5916666666666668
2018-02-25,0.3209883741085188,265872,156132,89736,66218,36171,634618,63.06,27068.333333333332,6.994966768916175,1.625
2018-02-26,0.3975757438459108,301834,168240,112886,160192,31504,794553,65.42125,32216.416666666664,7.1705547034764905,2.3333333333333335
2018-02-27,0.3812970559579982,354938,170385,136371,171393,10545,863201,70.72125,33876.916666666664,4.076526073619625,2.7583333333333333
2018-02-28,0.4317528532519061,303087,170470,129969,219094,6399,848856,65.23583333333333,33353.166666666664,6.315692484662586,3.5416666666666665
2018-03-01,0.5601402444172839,140659,168376,103997,279213,11836,722453,58.63791666666667,29823.708333333332,10.321063905930473,5.408333333333333
2018-03-02,0.46971684503162764,192917,170658,64580,224521,29431,702866,57.52041666666667,29968.416666666668,9.487724948875247,5.05
2018-03-03,0.6013952027851938,151198,145862,144570,294596,11990,767487,52.011250000000004,28516.083333333332,11.43020961145194,5.191666666666666
2018-03-04,0.6376993031770403,122988,144964,171653,276510,29685,762030,51.305416666666666,29251.833333333332,11.05109918200408,3.1999999999999997
2018-03-05,0.6175806889845414,137574,121427,141666,235598,44054,699290,58.337916666666665,28612.458333333332,9.535823108384461,4.258333333333334
2018-03-06,0.4331364452423698,197517,110884,112023,76843,42323,557000,57.17458333333333,22761.625,9.665120143149302,4.408333333333333
2018-03-07,0.37467774401878334,276711,144112,143272,45964,57021,686566,58.60375,31300.958333333332,9.038110940695304,3.1083333333333334
2018-03-08,0.3035215049368478,378141,166867,107177,76695,47407,795143,55.571666666666665,33777.791666666664,9.929041411042942,2.825
2018-03-09,0.32185694965810996,307844,166930,79210,109104,29176,712071,51.495416666666664,31147.208333333336,12.310531697341524,3.6666666666666665
2018-03-10,0.3588534705832172,273665,168593,76130,117917,48018,703340,39.95125,29158.333333333332,13.853514826175852,4.308333333333334
2018-03-11,0.26884341046039,308204,144753,57403,76054,26659,632290,16.2775,26051.958333333332,11.462921779141098,6.183333333333334
2018-03-12,0.38952760104674383,305215,129366,112264,143050,16191,725679,46.957499999999996,30458.625,11.861973415132915,5.85
2018-03-13,0.5649718995309919,160909,145718,218722,161653,18981,724721,57.49583333333333,31219,11.162668711656448,2.6166666666666667
2018-03-14,0.6265584088620343,142462,145716,200465,278678,9079,794400,47.60583333333333,31468.583333333332,11.130639059304709,4.066666666666666
2018-03-15,0.6440132151613406,135985,145722,221834,272796,21515,814519,42.569583333333334,31217.791666666668,11.534307259713708,5.475
2018-03-16,0.5838518885595184,169567,145748,210728,206732,28204,778927,54.35625,30800.666666666668,10.000708077709621,3.658333333333333
2018-03-17,0.5881307900728474,149781,145787,204389,208765,11984,739628,53.153333333333336,28240,8.390564928425368,4.25
2018-03-18,0.5910165679062098,143273,145841,208661,189947,23068,729543,47.932916666666664,26072.708333333332,9.017972903885486,3.35
2018-03-19,0.6256145467791574,145471,145837,192558,284021,15338,801607,53.922916666666666,30923.958333333336,7.72829498977506,4.175
2018-03-20,0.652668973683908,147573,145816,199360,327591,31599,869810,46.94208333333333,32996.291666666664,6.374072085889587,4.491666666666666
2018-03-21,0.6283885760209901,159305,145845,184213,288574,49654,846115,53.54666666666667,32814,7.293420245398792,3.6333333333333333
2018-03-22,0.5677773975268313,194683,145817,177514,217434,55244,809407,61.58291666666667,32332.916666666668,7.798098159509205,2.7083333333333335
2018-03-23,0.6066853099465744,165171,145787,175795,291649,17436,814592,53.83083333333333,32205.416666666668,9.113358895705534,3.441666666666667
2018-03-24,0.6804225888492575,126485,130923,185187,343274,29234,832393,31.61875,29095.416666666668,8.904950033550634,6.741666666666666
2018-03-25,0.5715112825032388,140442,134249,155207,189943,23151,661511,50.43739130434783,26660.434782608696,9.709989330488138,3.617391304347826
2018-03-26,0.5770764748474753,164638,145885,178759,197761,49556,755451,58.032916666666665,30728.458333333332,10.274142382413089,3.0166666666666666
2018-03-27,0.5819546414220527,152092,145767,175654,185602,56212,734150,53.88458333333333,30370.5,12.331464723926405,2.2083333333333335
2018-03-28,0.5916976337242896,143516,145683,186987,179218,55996,730346,51.084583333333335,29186.041666666668,14.662970347648265,2.4833333333333334
2018-03-29,0.6078844605085089,129236,145645,184774,203548,41582,722662,36.70875,25911.916666666668,13.204979550102259,3.3333333333333335
2018-03-30,0.6556356184306208,108086,145765,183357,276804,28036,756350,15.312083333333334,24299.958333333332,11.11243353783231,5.425
2018-03-31,0.6534065408379088,105456,145779,176091,256977,45113,744186,22.898333333333333,25150.041666666668,10.579056748466261,6.233333333333333
2018-04-01,0.5828221936404314,130036,170240,107083,305150,10348,740176,35.98125,29851.25,11.100656952965242,2.5
2018-04-02,0.3726369054951719,217487,170715,91686,123554,9037,633174,38.22125,28498.166666666664,13.037231595092031,2.816666666666667
2018-04-03,0.5625775207870555,140955,145935,141187,209077,18305,674819,38.9225,26286.541666666668,13.99531952965236,3.658333333333333
2018-04-04,0.6413648036385464,135819,144834,173729,296541,36417,802958,39.69958333333333,29823.875,13.925603271983636,5.65
2018-04-05,0.6311315856824248,121711,121414,139678,231663,49157,683775,55.3,28603.708333333332,13.30257924335379,2.3916666666666666
2018-04-06,0.4154817328702074,234586,110335,114148,89263,35888,602284,45.71333333333333,27416.75,12.950071574642141,2.8916666666666666
2018-04-07,0.40670167774317983,269274,143979,106511,114441,57094,710061,48.62291666666667,31018.5,12.236347137014318,3.05
2018-04-08,0.3347953602663355,285669,158260,79438,95298,43470,681246,42.666666666666664,30018.5,11.61748977505112,3.4166666666666665
2018-04-09,0.30543149696359034,335313,166645,72329,99267,40865,734420,57.017916666666665,31480.708333333336,9.988179959100215,4.091666666666667
2018-04-10,0.24317922083881208,349921,168614,58747,54267,46622,697391,53.50958333333333,29218.041666666668,9.053656186094074,4.2
2018-04-11,0.3229208265694395,237841,144582,53714,105414,18192,578439,48.46375,24738.125,9.447911554192224,5.9
2018-04-12,0.28286344256513624,357934,133876,114592,47900,23359,697538,55.61666666666667,30783.541666666668,10.499248466257681,3.9916666666666667
2018-04-13,0.43969262055481634,249588,121226,208187,56481,24145,675647,65.65916666666666,30727.958333333332,10.847622699386502,2.7666666666666666
2018-04-14,0.49640569727097666,167615,121167,185895,55317,43517,589405,56.64083333333333,26806.333333333332,11.894051635991818,2.066666666666667
2018-04-15,0.575942269705202,141853,121120,202490,134746,23495,639387,46.307916666666664,24651.958333333332,13.914258691206552,3.066666666666667
2018-04-16,0.5688490912707188,180608,121164,189615,170400,41209,718971,56.07833333333333,29074.25,13.706968302658492,2.941666666666667
2018-04-17,0.4867121317781418,214292,121218,178135,83215,56624,669671,59.28,29135.25,15.045153374233138,1.9666666666666666
2018-04-18,0.5277456033890014,178236,121195,167699,108079,59302,650103,58.57541666666667,28801.083333333332,17.114488752556248,2.1666666666666665
2018-04-19,0.5816261547990497,158793,121278,173079,160492,58329,687782,53.968333333333334,28391.083333333332,17.19763803680983,3.1333333333333337
2018-04-20,0.5997711234026321,154150,121327,186580,182928,46931,707805,47.687083333333334,28143.083333333332,16.66771472392639,3.275
2018-04-21,0.5647353703563418,134944,121375,187300,128672,18655,607226,45.73833333333333,25283.5,16.281799591002052,2.325
2018-04-22,0.5246741912234171,137014,121304,175890,83236,26064,559147,48.871249999999996,23254.458333333332,17.339964212678943,2.1083333333333334
2018-04-23,0.4971538210183238,171439,121353,189971,70455,26907,596765,58.06458333333333,27187.041666666668,17.801334355828224,2.066666666666667
2018-04-24,0.5380552236780703,150034,121363,190404,91713,33052,604306,55.498333333333335,28296.291666666668,18.21049591002045,2.1333333333333333
2018-04-25,0.5431494502996151,151392,121400,182351,105810,35781,615790,53.36833333333333,28526.125,18.689325153374238,2.1
2018-04-26,0.5517798585897191,163600,121348,194621,111113,44741,654125,53.967083333333335,28296.791666666668,18.0867919222904,2.225
2018-04-27,0.5386677152464029,157909,121331,169074,107570,48005,623065,56.638333333333335,28136.5,17.689861963190197,2.775
2018-04-28,0.545967707654377,125969,121442,154931,103551,39522,564592,50.005833333333335,25148.916666666668,15.538029141104312,2.8166666666666664
2018-04-29,0.6242683341305607,108545,121497,172870,179611,35565,635536,36.400416666666665,23218,12.388749999999993,4.566666666666666
2018-04-30,0.5454677933963218,134661,121469,174508,103034,30588,583281,49.537083333333335,25773.791666666668,10.942323619631917,2.933333333333333
2018-05-01,0.5341446322712048,140215,170387,117362,230719,9334,686389,48.06625,28676.875,10.708760224948879,2.2
2018-05-02,0.36576217694895047,296930,170644,102461,150290,10852,751584,52.20375,33848.5,12.005573364008189,2.0833333333333335
2018-05-03,0.5469227366577553,197633,145448,156088,243393,13496,775413,49.94583333333333,31553.208333333336,13.620405163599205,2.35
2018-05-04,0.5495310676674399,159991,144705,191719,135317,46036,694130,48.88,29213,14.41789110429448,2.4583333333333335
2018-05-05,0.5472155813084637,127595,121330,117662,134116,48794,570119,51.6625,25503.916666666668,16.269220347648265,1.6916666666666667
2018-05-06,0.3831551254924164,259129,95264,123545,69495,20317,584617,55.56583333333333,27720.75,17.269013292433552,2.2083333333333335
2018-05-07,0.41188064427535176,248425,144099,114497,94908,60120,680889,64.04791666666667,30849.916666666668,17.605987474437647,1.8583333333333334
2018-05-08,0.3304529510872345,270322,152587,71467,82584,48766,645169,64.33166666666666,27834.625,17.593714212678943,1.8
2018-05-09,0.2703431993740978,355116,166926,70851,82391,31362,725992,62.735,31147.708333333332,17.651226354805736,2.2083333333333335
2018-05-10,0.2773226176599431,299259,168344,55407,72238,45071,659719,59.894999999999996,28825.333333333332,17.800362985685066,2.3833333333333333
2018-05-11,0.404584035733843,290154,144366,82682,200643,8640,745064,64.93833333333333,29813.041666666664,17.586832822085896,2.466666666666667
2018-05-12,0.3317752600719794,331696,141437,93363,111901,22750,720762,51.30041666666666,30549.416666666668,16.818670756646227,2.9333333333333336
2018-05-13,0.5948511480237427,133146,125801,140028,182701,57123,651990,43.165416666666665,23330.958333333332,13.15820807770962,3.1166666666666667
2018-05-14,0.5137546820454375,155437,136763,103805,150956,52007,612446,59.986666666666665,27563.875,14.488926380368103,2.691666666666667
2018-05-15,0.5260130038049768,158485,143225,99984,170197,62221,648887,57.92125,27986.791666666668,15.756216768916158,2.658333333333333
2018-05-16,0.5372640324695637,150924,143613,106076,168398,65361,648977,58.6875,28564.25,17.308530163599183,2.1166666666666667
2018-05-17,0.5038182801166241,158603,143875,110862,133276,59549,621484,60.721666666666664,28382.75,18.42022750511249,2.1
2018-05-18,0.462323032677656,183493,134645,131245,98672,39071,602583,63.75541666666667,28168.541666666668,17.761014826175895,2.216666666666667
2018-05-19,0.4390969494803346,183255,121499,107832,82083,43753,554299,66.25375,25280.875,17.760828220858905,2.158333333333333
2018-05-20,0.381805013554172,204609,121407,109819,54578,31056,537104,65.7525,23172.041666666668,17.828507157464216,2.158333333333333
2018-05-21,0.3422832260074951,275968,121349,132545,31141,36549,612931,69.2125,27068.166666666668,17.68430214723927,1.975
2018-05-22,0.3364654606053808,286689,121297,119727,32877,47271,624070,68.99291666666667,28218.666666666668,18.126014826175883,1.6
2018-05-23,0.33414857888693583,304711,121225,128685,47781,29777,649702,70.7425,28627.583333333332,19.392921779141112,1.7583333333333333
2018-05-24,0.3607184692277025,287503,121106,105327,91679,27193,649659,70.11833333333334,28638.75,19.88444274028631,2.6333333333333333
2018-05-25,0.3742214571717247,289776,121239,107707,105738,26466,668075,70.29791666666667,28385.916666666668,17.974056748466268,2.966666666666667
2018-05-26,0.3335164299244855,260722,121358,94397,53809,36308,584391,66.86125,25208.625,18.36712678936605,2.125
2018-05-27,0.34877484143961046,227655,112945,97123,49103,29898,534339,66.78166666666667,23089.125,19.04022494887527,2.4
2018-05-28,0.35992393055890815,287785,97227,116486,63657,30181,613124,67.95458333333333,27510.625,17.511096114519443,1.8833333333333333
2018-05-29,0.3286018007999627,312909,97266,127524,39904,26373,622279,70.78791666666666,28278.625,17.834074642126797,2.2416666666666667
2018-05-30,0.3251547587330941,325549,97382,113849,55732,27179,638090,70.73041666666667,28063.333333333332,17.64116768916156,2
2018-05-31,0.3372905974629612,305681,97350,109478,45692,43139,619620,68.35,27795.166666666668,18.894729038854823,2.1166666666666667
2018-06-01,0.4387179116288172,166556,153707,92367,149084,7083,587635,68.90916666666666,25265.416666666668,19.286193251533753,2.175
2018-06-02,0.4102710692699146,290334,170664,109526,189282,17467,797619,66.62708333333333,34327.916666666664,18.500115030674852,2.2
2018-06-03,0.5646585531525243,193879,145878,140509,283736,16124,799407,61.380833333333335,32226.666666666664,18.165889570552164,2.6083333333333334
2018-06-04,0.6057445750939545,147490,144458,195803,227558,29353,760474,63.65708333333333,29442.583333333332,18.229486196319037,2.8916666666666666
2018-06-05,0.49127137869359255,137034,121202,121059,80469,45323,524997,64.04541666666667,23287.333333333332,17.939432515337433,3.1750000000000003
2018-06-06,0.35000184503701814,282831,97729,117016,56766,23865,596194,67.59666666666666,28156.5,16.97462167689162,2.4833333333333334
2018-06-07,0.3802124507062067,252706,143994,116394,62371,58622,653987,67.62125,30699.541666666668,18.233013803680997,2.3666666666666667
2018-06-08,0.27637027753101795,372961,157212,85900,62945,46272,745214,66.92291666666667,32708.25,18.61998721881391,2.5833333333333335
2018-06-09,0.30736966990020237,320670,167515,60144,104476,43597,716450,64.09375,30448.833333333332,19.045465235173836,2.35
2018-06-10,0.3598833118943625,221472,166891,40239,128579,43223,621143,62.004583333333336,25753.916666666668,18.678747443762806,2.2583333333333333
2018-06-11,0.4777586646198545,260978,142644,78616,271132,17042,788869,64.75166666666667,30505.391304347828,19.57315695296525,3.075
2018-06-12,0.3744102081436793,252074,144885,88771,120041,22854,648110,61.11666666666667,26759.166666666668,20.262557770961156,3.3
2018-06-13,0.5439399515208287,172131,121252,126061,165830,55627,657602,58.989583333333336,28897.708333333332,20.806002044989796,3.158333333333333
2018-06-14,0.50482874251497,181899,121156,129093,116729,59480,626250,63.504583333333336,28952.75,20.362356850715763,2.0833333333333335
2018-06-15,0.49274317108038285,187932,121144,139582,94470,62066,623964,62.962916666666665,28894.291666666668,21.796850715746437,2.05
2018-06-16,0.49644628609455077,164312,121141,127573,90020,60822,583052,58.39208333333333,26295.708333333332,22.933036809815963,2.2083333333333335
2018-06-17,0.5363822649014605,147790,120986,129322,120336,60678,597324,51.502916666666664,24326.291666666668,23.120242842535813,1.9666666666666668
2018-06-18,0.5565654968110053,162437,120840,134668,162012,58707,657574,61.50333333333334,29200.958333333336,23.69990030674849,2.3583333333333334
2018-06-19,0.5358876121392555,175246,120949,146180,133630,60566,655658,61.59583333333333,30203.125,23.74128323108386,2.15
2018-06-20,0.45764303887343943,238021,120988,168712,70632,58735,676040,67.44708333333334,30805.333333333332,24.91539877300616,2.125
2018-06-21,0.461537192264537,230063,120953,152309,91095,53141,666644,67.26041666666667,31191.583333333332,25.523732106339487,2.1916666666666664
2018-06-22,0.4826008690624497,218432,120808,126104,133085,53226,671068,66.2325,31215.125,25.731679447852777,2.4583333333333335
2018-06-23,0.4634840224775644,190781,120640,110726,99434,54886,596150,61.547916666666666,28063.916666666668,25.623139059304723,2.1999999999999997
2018-06-24,0.40410611904141797,204773,120399,105887,58816,51111,560578,64.38458333333334,25915.666666666668,25.624000511247456,2.183333333333333
2018-06-25,0.3785351080083822,282672,120514,137750,53908,48075,662356,67.87083333333334,30948.333333333336,25.73076687116567,2.425
2018-06-26,0.3517280278945749,300767,133194,134935,41604,52123,682570,69.25916666666667,31728.458333333336,25.741316462167706,2.5916666666666663
2018-06-27,0.34854801940621494,288612,141934,124438,45232,53783,674217,68.80083333333333,31590.125,25.598701431492856,2.691666666666667
2018-06-28,0.34615424065833106,294815,142653,120683,67182,37164,682453,68.25333333333333,31215.875,24.57172673824133,2.291666666666667
2018-06-29,0.3748438927921813,272765,143941,123187,70266,50427,680622,68.1575,30628.875,24.072032208588976,2.433333333333333
2018-06-30,0.39654433976859127,217697,144053,107970,90472,34300,614065,64.05166666666666,27716.291666666668,23.46920449897753,2.7083333333333335
2018-07-01,0.3971845337139106,214235,145904,101254,125538,7652,612403,61.75416666666666,26716.875,23.514143149284266,2.691666666666667
2018-07-02,0.3960299252857776,308922,170694,114804,170104,23706,808146,67.36875,34667.375,23.528755112474453,2.6
2018-07-03,0.4828903357238228,222892,144576,155130,155362,29003,726490,67.66916666666667,31891.083333333332,24.457811860940716,2.175
2018-07-04,0.5385769713477421,136960,144248,182873,133871,12324,627071,67.64916666666667,26775.291666666668,23.71679447852763,2.775
2018-07-05,0.4520296356371071,194484,121057,173527,36795,45957,591855,65.8625,27797.041666666668,23.76930214723928,2.55
2018-07-06,0.35662664608588385,274764,116602,119662,55203,34989,619348,67.18833333333333,28023.75,24.62121165644174,2.4166666666666665
2018-07-07,0.38083780431306324,220050,143908,76866,85834,55460,602217,65.335,27743.958333333332,25.79545245398774,2.0416666666666665
2018-07-08,0.3072782366348777,342741,166541,71837,103756,43872,748478,62.995000000000005,32800.125,26.563767893660554,2.1416666666666666
2018-07-09,0.3158299656510709,301845,167544,59468,108897,40341,699294,67.12583333333333,29954.625,27.132054192229063,2.533333333333333
2018-07-10,0.4840678423306471,176339,166480,79322,195476,43750,682111,66.56541666666666,23695.125,26.708757668711687,2.7416666666666667
2018-07-11,0.40494175814506017,292466,131925,79561,193110,12148,727312,67.05708333333334,30594.521739130436,25.722257157464234,2.7
2018-07-12,0.4283584047914914,217071,144846,83581,161883,21305,647815,69.58166666666666,27960.666666666668,25.372101226993884,2.75
2018-07-13,0.3735429530733261,282675,142988,96421,98836,53000,693955,69.17291666666667,31519.875,25.312056748466283,2.4583333333333335
2018-07-14,0.33770546643845184,255713,143510,81293,57436,57809,615794,66.67375,28079.583333333332,26.184986707566484,2.4833333333333334
2018-07-15,0.36560979758462325,221011,143591,73904,78392,51557,587900,64.50083333333333,25557.25,24.559266359918208,2.9333333333333336
2018-07-16,0.4350276129940447,239192,144011,81597,153045,56733,693333,67.06958333333333,30273.125,24.649780163599207,3.1
2018-07-17,0.38544448062520353,262953,144056,108855,80734,60740,675620,68.905,31506.041666666664,25.61814928425359,2.275
2018-07-18,0.41108255913553404,259099,143950,122892,95078,58518,698142,68.88791666666667,31923.583333333336,26.12737985685074,2.5250000000000004
2018-07-19,0.37974604356947284,273897,143922,113406,75523,61010,687362,70.30166666666666,32011.708333333336,25.5271165644172,2.4833333333333334
2018-07-20,0.4162645743410649,250741,144078,97436,122316,56506,691798,67.9975,31460.083333333332,24.824095092024564,2.625
2018-07-21,0.3780891582997595,214419,147000,84977,69765,58838,596198,66.32708333333333,27579.875,24.13996216768918,2.4833333333333334
2018-07-22,0.38408369138800674,197638,152554,87482,67965,57245,583477,64.86916666666667,25041.625,24.332489775051137,2.425
2018-07-23,0.3580344420826423,271580,158908,113594,59912,60223,684976,69.00458333333333,30750.833333333336,25.466502044989785,2.225
2018-07-24,0.3310785805909474,314686,157079,114909,51212,60249,718778,70.66041666666666,31835.416666666664,26.010857873210654,2.816666666666667
2018-07-25,0.3392354474370113,303855,143669,106475,54262,61952,690600,70.56958333333333,31398.833333333336,25.989513292433564,2.283333333333333
2018-07-26,0.3153051016049832,325229,143653,102477,47433,58240,697702,72.08916666666667,31822.666666666664,26.325562372188166,2.3916666666666666
2018-07-27,0.3511273426456074,305928,141490,101810,71822,61340,703158,70.60666666666667,31682.791666666668,26.40741820040902,2.5833333333333335
2018-07-28,0.38996719024065973,229121,133032,93551,68304,62952,607746,68.55083333333333,28386.416666666668,25.843573619631922,2.75
2018-07-29,0.4199522819927933,195087,139641,73038,101326,62259,591391,64.98791666666666,25863.958333333332,25.917699386503084,2.675
2018-07-30,0.33645547845355417,294828,151646,78765,78320,62066,685960,71.47208333333333,30746.083333333336,26.333121165644194,2.1
2018-07-31,0.29600913131472356,326136,165183,77484,59001,61943,710522,72.48791666666666,31546.333333333336,26.76355572597139,1.9416666666666667
2018-08-01,0.24607419033230096,384595,145895,111343,39194,16898,716158,68.71083333333333,32609.75,28.217919222903898,1.9666666666666668
2018-08-02,0.3265785147940437,377536,170671,112436,113442,32557,827360,70.505,35004.125,29.636008179959124,2.35
2018-08-03,0.5156877147879011,178069,145619,145990,184702,12705,686142,73.84916666666666,31597.625,30.782860429447876,2.091666666666667
2018-08-04,0.5851937503608807,132116,140108,202935,159807,24578,675431,70.7725,24695.208333333332,30.20418865030676,2.1916666666666664
2018-08-05,0.45882327654621446,197857,120987,147327,80617,38234,604832,69.68916666666667,28445.666666666668,30.19280265848671,2.291666666666667
2018-08-06,0.3505444184720546,271326,121259,116631,65407,22436,615611,74.32083333333334,28088.791666666668,29.31133333333334,2.1916666666666664
2018-08-07,0.3975092192459145,199257,143555,77600,83167,60276,583833,70.16291666666666,25661.916666666668,29.079517262589476,2.916666666666667
2018-08-08,0.3260064903902997,308947,166774,70268,105128,47718,718909,71.09166666666667,31978.208333333336,27.097546012269945,2.691666666666667
2018-08-09,0.2823115564179776,244340,167501,63902,71200,19135,586462,68.70541666666666,26280.083333333332,25.73070040899798,2.7583333333333333
2018-08-10,0.3024241274714352,296272,169009,55051,96228,42860,680121,68.43791666666667,27637.208333333332,24.512203476482625,3.1333333333333333
2018-08-11,0.3552373909590129,324370,137542,78129,162023,8771,730230,68.31916666666666,30781.333333333332,26.12868609406954,2.35
2018-08-12,0.4109677112860061,218781,145037,76984,153961,17814,631490,67.32125,26146.583333333332,27.365802658486718,2.625
2018-08-13,0.3021158991799965,276158,167016,57514,72740,54707,648046,70.25208333333333,29361.708333333336,26.208231083844588,3.041666666666667
2018-08-14,0.40916256187444783,214429,167327,60316,140594,58513,661016,68.45166666666667,29179.583333333332,25.421377811860953,2.2666666666666666
2018-08-15,0.3765812454092875,190669,166940,64933,90241,54848,588144,65.70958333333333,26103.916666666668,25.749320040899793,2.5166666666666666
2018-08-16,0.3201440206282821,256864,166781,67177,81370,43591,636020,71.38625,28643.541666666668,25.85473670756647,2.225
2018-08-17,0.4310757320756899,187754,167319,60245,158927,44844,639927,67.59625,28052.875,24.3481237218814,2.2416666666666667
2018-08-18,0.4721698526477011,149050,167407,65578,167450,46206,616346,63.11875,25615.333333333332,23.530973926380362,2.15
2018-08-19,0.4434051303955441,146915,167371,61663,135205,49248,580618,63.51,24392.625,25.238622188139058,2.0416666666666665
2018-08-20,0.42648428560023416,212200,167192,96048,130969,50443,676386,69.17833333333333,29086.666666666664,26.11992075664623,2.0833333333333335
2018-08-21,0.31757431615890164,318908,167331,83748,83160,51916,724876,72.07291666666667,30259.458333333336,26.31964493865032,2.1833333333333336
2018-08-22,0.25970025713568484,369863,167332,84332,49711,46322,736965,74.78916666666666,30681.333333333336,26.275680725971387,2.075
2018-08-23,0.2833699989590201,340043,167217,84206,62496,46043,720475,73.00291666666666,30627,26.048269427402882,1.8333333333333333
2018-08-24,0.34637830065663855,272787,167355,65682,111752,49057,687136,70.39,30322.666666666664,25.698565950920262,2.2083333333333335
2018-08-25,0.3672194418811421,199455,167383,49055,108413,49294,593852,68.33708333333334,27160.958333333332,24.538844580777106,2.45
2018-08-26,0.30618890737297627,206534,167538,51461,53297,53777,551826,70.66833333333334,25140.791666666668,24.356901840490806,2.0583333333333336
2018-08-27,0.3049980081075022,310852,167156,92665,69291,41476,700339,72.78083333333333,30860.041666666664,25.702402862985704,2.15
2018-08-28,0.3496223698973908,311693,166978,84751,122998,43970,749543,73.38541666666667,31880.583333333336,26.534110429447875,2.583333333333333
2018-08-29,0.2913493713383656,334071,167381,73063,78016,47306,719624,76.36791666666667,31719.375,25.73941973415135,2.5083333333333333
2018-08-30,0.31829548319399303,325052,167317,83762,91082,47309,733815,75.03041666666667,31624.208333333336,25.459938650306768,2.1
2018-08-31,0.3418601765049564,296582,167261,66210,120195,47104,717147,73.3675,31237.875,25.384215235173837,2.0666666666666664
2018-09-01,0.35816288683344905,345106,145943,92143,171554,6549,779179,70.04541666666667,34064,25.576336912065454,1.9583333333333335
2018-09-02,0.3170272299864432,371433,170689,91595,131694,21164,806978,70.63583333333334,34646.166666666664,26.25915388548059,2.283333333333333
2018-09-03,0.5823018673976358,150751,145700,137585,260930,15115,729625,77.67875000000001,31201.833333333332,25.440705521472413,2.7083333333333335
2018-09-04,0.5397869022085064,175743,121378,184043,141489,25100,662982,78.03041666666667,29389.833333333336,24.17903118609408,2.3249999999999997
2018-09-05,0.47364328879813394,195495,120802,121985,126683,32564,616067,80.65666666666667,28403.083333333332,23.204642126789384,2.316666666666667
2018-09-06,0.41843927271463693,206232,121342,120786,85277,23691,575565,76.92375,25153.666666666668,22.371881390593064,2.2333333333333334
2018-09-07,0.39845192954999226,265711,143650,101915,102165,62032,695188,74.325,31490.416666666664,22.200316973415145,2.1666666666666665
2018-09-08,0.38119343858548543,250476,166865,68573,127574,55473,688632,74.45333333333333,30961.458333333332,21.531368609406968,1.8833333333333333
2018-09-09,0.23744482687334753,243886,167424,57127,36557,26263,551446,77.07833333333333,24247.458333333332,22.4601201431493,1.9333333333333333
2018-09-10,0.25460962205868326,329862,168835,50559,78080,33437,681455,79.11458333333333,27933.583333333332,22.884511758691225,2.1999999999999997
2018-09-11,0.5108953087081533,226045,133978,83415,268982,22421,753673,77.07083333333334,30257.5,23.023407464212696,2.3333333333333335
2018-09-12,0.404429857919865,219918,145148,71191,147907,23455,625844,80.45708333333333,25421.125,23.329780163599203,1.8583333333333334
2018-09-13,0.2954438526564147,328503,167167,94870,63026,42789,716285,80.12125,30888.458333333336,23.901820040899818,1.9166666666666665
2018-09-14,0.2796912925684901,324249,167404,78486,76114,29143,695027,78.76,30641.375,23.98375000000002,2.0583333333333336
2018-09-15,0.26384430439453893,272646,167644,59522,59648,31381,610576,75.47916666666667,26767.541666666668,23.571751022494905,1.8416666666666666
2018-09-16,0.25915942879836995,252076,167636,58233,36580,44612,579130,76.24083333333333,24780.458333333332,23.21059049079756,1.8083333333333333
2018-09-17,0.2889824352210141,314779,167441,62048,94679,32051,691042,77.4875,29919.875,23.890922801636012,2.075
2018-09-18,0.2216563221590816,347749,166139,69838,29437,38067,671693,79.90833333333333,30555.958333333332,22.381837934560345,1.7583333333333333
2018-09-19,0.24429072909784844,341429,167560,96125,17162,42435,685683,80.85166666666667,30854.708333333336,23.321252556237233,1.5416666666666667
2018-09-20,0.2728086403891944,332952,167561,92908,43936,42525,700524,79.52666666666667,31077.458333333336,24.458274539877316,2.066666666666667
2018-09-21,0.2879235119609122,302664,167563,85120,51715,44993,673151,78.56125,30913.166666666668,24.280823108384478,1.9666666666666668
2018-09-22,0.25383945701065663,286184,167550,58702,40145,46534,620270,77.29083333333334,27693.083333333332,25.081751022494906,1.7916666666666667
2018-09-23,0.29473931029862493,244472,167551,51994,64228,48112,597070,75.31791666666666,25698.458333333332,25.27202198364009,1.7166666666666666
2018-09-24,0.4304475498807058,257873,167448,68880,200710,47939,762820,72.33041666666666,30442.458333333336,24.612615030674867,2.125
2018-09-25,0.399182231380086,252332,167848,69358,160114,44350,714383,74.39958333333334,30764.25,22.53621165644174,2.2583333333333333
2018-09-26,0.37290574264892457,266404,167674,59599,161957,30090,705441,76.31166666666667,30471.416666666668,22.51035787321065,3.0749999999999997
2018-09-27,0.30635910807619005,298581,167875,76240,80774,40876,684184,78.37833333333333,30084.291666666668,21.246679447852767,2.35
2018-09-28,0.27537156420105274,307175,168014,64905,63102,44878,667785,81.10416666666667,29746.916666666668,21.591139570552166,1.75
2018-09-29,0.30316068395128126,247742,167987,42965,83615,47418,609868,74.69333333333333,26318.541666666668,21.49793456032721,1.75
2018-09-30,0.29510138843281075,211644,168023,43677,65678,42213,551197,74.18833333333333,24189.208333333332,21.592039877300635,2.0083333333333333
2018-10-01,0.44488047736786956,275514,145916,80672,244879,10392,774916,70.9825,33335.875,20.62090235173826,2.2416666666666667
2018-10-02,0.4367735035363119,228931,170693,84156,191860,29021,724625,72.13708333333334,30709.541666666668,18.430000000000003,2.283333333333333
2018-10-03,0.6535312087633991,114787,145154,184266,296541,16076,774494,76.3975,27544.875,19.486019938650323,1.85
2018-10-04,0.5875234122021941,172486,121418,204149,209003,10202,732524,79.69125,31133.833333333336,19.68441973415134,1.7416666666666667
2018-10-05,0.5032372444280715,195664,120755,123722,155434,38590,651480,77.42416666666666,28315.5,19.520304192229048,1.8916666666666666
2018-10-06,0.4193245342337063,183827,121342,133094,52802,28633,537555,73.25666666666666,23183.708333333332,19.52854805725973,2.2416666666666667
2018-10-07,0.38713081950049816,283340,143718,111534,92194,60506,710628,62.3725,32295.375,17.89447852760737,2.7
2018-10-08,0.34593225590616594,260451,167369,62240,102478,55962,668073,73.01583333333333,29952.666666666668,15.648174846625778,2.1166666666666667
2018-10-09,0.29472486572636736,283424,167042,71748,66284,42797,651282,74.38916666666667,28459.041666666664,15.974573108384469,2.3
2018-10-10,0.2926144353818028,305326,168514,51427,114882,22325,682656,72.205,28451.416666666668,17.473496932515342,2.3333333333333335
2018-10-11,0.595589652704203,147558,114628,96264,283674,8545,669199,70.09291666666667,27122.375,18.554685582822096,2.6
2018-10-12,0.30875848357923524,312584,145159,75960,98840,22622,673507,66.42375,30485.583333333336,20.092234151329254,2.075
2018-10-13,0.420697310677286,193300,167825,59987,162934,36138,638711,66.68958333333333,24572.125,20.38201942740287,2.058333333333333
2018-10-14,0.4897888454844902,164618,167975,95598,206635,16089,669415,59.96666666666667,23394.541666666668,18.255005112474446,4.016666666666667
2018-10-15,0.3464781535975164,292451,169158,76962,147633,15307,720233,66.73458333333333,27510.041666666668,15.234179447852773,3.0583333333333336
2018-10-16,0.20618653268899154,380875,169239,91008,19489,25016,704595,78.57791666666667,28364.083333333332,16.25095092024541,1.55
2018-10-17,0.22267168581007132,361647,169213,89055,17251,39002,694408,77.28083333333333,28649.708333333332,16.86253323108385,1.95
2018-10-18,0.3124141063567119,293711,169203,56194,136638,12714,686896,70.64666666666666,28633.125,16.637653374233135,2.183333333333333
2018-10-19,0.39099995130153803,246959,169217,69610,177399,16087,698174,68.16125,28347.083333333332,17.414591002044993,2.783333333333333
2018-10-20,0.42293379025996625,187985,169298,66487,178549,12623,634967,64.75458333333333,25190.125,17.40842535787321,2.5166666666666666
2018-10-21,0.3223095337218984,212339,169315,63713,95982,15627,576480,65.59083333333334,23363.833333333332,17.707929447852774,1.9666666666666668
2018-10-22,0.4004505449637636,244521,169068,57867,181549,32001,705368,68.53458333333333,27725.458333333332,17.19846625766873,2.1083333333333334
2018-10-23,0.37013486622698377,276759,169237,68556,165447,22947,722642,67.55166666666666,28362.5,16.543277096114533,1.4083333333333332
2018-10-24,0.2948889309622781,320719,169029,63236,100142,35336,707758,70.58416666666666,28305.375,16.598103271983653,1.6083333333333334
2018-10-25,0.23568305014933,354797,168685,79263,40296,34573,696779,74.87375,28305.333333333332,16.100646728016365,1.375
2018-10-26,0.21439939876764777,363642,168501,77524,50550,9568,689251,75.7,28354.916666666668,14.757622699386523,1.5083333333333333
2018-10-27,0.44492095487077316,178397,168379,52890,211292,10773,641469,65.99416666666667,25492.916666666668,12.930416666666666,2.158333333333333
2018-10-28,0.5051021439691301,163037,170851,92444,227199,19688,692454,60.8652,24051.92,8.294370552147257,2.448
2018-10-29,0.504411090817657,223413,145299,66931,277317,30554,761603,66.10916666666667,29711.583333333336,8.286807259713708,4.683333333333334
2018-10-30,0.38103690834757487,304821,145290,86853,181075,5616,741377,70.63916666666667,30831.041666666664,9.350866564417174,3.1166666666666667
2018-10-31,0.27693944299809664,374656,145155,82930,100672,9511,731344,73.98125,30549.708333333332,10.725552147239268,2.775
2018-11-01,0.48636200350520276,269692,145873,96512,280138,16476,826771,68.41625,33221.416666666664,10.899171779141117,1.5583333333333333
2018-11-02,0.4950578536964625,173611,170630,98673,208302,28088,699696,68.90583333333333,27963.291666666668,12.322272494887532,1.7083333333333333
2018-11-03,0.7140891407900584,94399,117678,203787,319136,18279,769614,67.61166666666666,25868.833333333332,10.949736707566469,1.3916666666666666
2018-11-04,0.6419510981742531,155690,121347,198955,278871,25531,796003,64.17125,31318.75,11.05413343558283,1.8166666666666667
2018-11-05,0.442191479716795,214667,120505,140198,73249,48244,613266,65.62125,28210.25,11.982062883435574,3.2
2018-11-06,0.4260552097635646,217500,121285,149996,69011,26756,602321,63.82375,27769.666666666668,11.003565950920242,3.6333333333333333
2018-11-07,0.40731111363516737,275526,143791,114761,114173,54012,721942,64.66583333333334,32136.25,12.569189672801624,3.1666666666666665
2018-11-08,0.33590313073933287,228361,167021,62834,78971,52236,608738,66.88166666666667,27764.333333333332,11.445654396728017,2.4416666666666664
2018-11-09,0.3285085016826008,263185,167035,86020,77553,40137,654047,64.56833333333333,28826.166666666668,11.783176380368099,3.0666666666666664
2018-11-10,0.36382815331250973,265333,168201,53517,176276,12347,695364,57.34,28336.708333333332,13.16018404907975,3.5416666666666665
2018-11-11,0.5049591754028775,177268,120825,112044,174717,15507,619357,59.37708333333333,24938.708333333332,15.435304192229047,2.8833333333333333
2018-11-12,0.2848470841789151,369647,145135,114330,69370,13950,731252,68.79666666666667,31489.666666666664,13.957234151329258,1.6666666666666667
2018-11-13,0.25818809505777857,388918,121416,94855,60209,14350,699827,69.6225,29957.416666666668,14.28166155419223,1.875
2018-11-14,0.31558889947474994,362950,120919,89964,114046,11820,720038,66.81541666666666,29921.333333333332,14.467957566462168,2.25
2018-11-15,0.2826880751952758,385572,121329,97044,81989,12940,718343,68.97,29889.708333333332,14.74617331288344,1.9916666666666667
2018-11-16,0.28709158632413107,383624,121491,94117,88561,12545,720042,69.00125,29605.791666666668,14.356081288343544,2.283333333333333
2018-11-17,0.33699441466431757,277079,121479,70541,109760,15107,613571,65.64333333333333,26370.083333333332,13.787622699386505,1.85
2018-11-18,0.4288834664253208,227185,121425,82067,171622,3537,625382,62.76416666666667,24933.916666666668,11.775292505432025,3.0333333333333337
2018-11-19,0.2622590202080551,409473,121382,109262,64866,6902,731441,73.2925,29790.958333333336,11.664531952965262,3.4
2018-11-20,0.31779211400121843,378176,121308,87000,131340,7466,743571,68.31,30867.75,11.077085889570563,2.975
2018-11-21,0.3380433293539738,378433,121236,82825,155613,10782,766455,69.13958333333333,31035.333333333332,10.820616053169728,2.7583333333333333
2018-11-22,0.3128798295019724,405103,121226,97856,130355,5226,777487,70.40875,31200.541666666664,10.255125255623735,1.7416666666666667
2018-11-23,0.32578294422194004,388047,121235,93664,133713,12187,767775,71.47291666666666,30991.458333333332,10.217096114519427,2.191666666666667
2018-11-24,0.38350305137141455,286745,121133,73209,156266,18487,675434,66.40791666666667,27778.875,7.97196830265848,1.9333333333333333
2018-11-25,0.4433359877953089,252159,121062,88737,194226,10182,685638,63.51375,26158.375,10.97212167689161,3.7416666666666667
2018-11-26,0.48803336267594577,278348,121019,107853,253628,16904,796339,63.64625,30924.708333333336,10.225428680981596,3.775
2018-11-27,0.3670404131254232,372028,120902,91195,167023,21668,791624,69.20041666666667,31585.041666666664,8.93966768916157,1.9916666666666667
2018-11-28,0.3491483633649643,359196,121049,90967,135487,24797,750320,66.87708333333333,31674.791666666664,8.318491820040915,2.225
2018-11-29,0.3453305952195095,361260,120976,104151,124195,19819,749421,66.61875,31800.625,8.003512269938675,2.283333333333333
2018-11-30,0.376441365391706,352802,120605,88606,168776,22519,772965,66.82125,31313.875,9.931904396728036,2.6083333333333334
2018-12-01,0.3507331931287534,340268,145918,99512,139141,18926,763646,65.07833333333333,33349.375,7.852037321063415,2.066666666666667
2018-12-02,0.4024773591812698,270806,170453,102465,170202,19401,753948,61.170833333333334,32985.666666666664,9.180922801636012,2.0583333333333336
2018-12-03,0.6592806410421562,131767,132231,197999,290650,29396,799573,66.99791666666667,30702.833333333336,10.054309815950935,2.466666666666667
2018-12-04,0.5487088915956151,204833,121167,223114,157870,16249,738900,72.13833333333334,30994.625,10.916533742331307,1.9833333333333334
2018-12-05,0.5861523117016827,137918,113204,120328,192230,43009,621620,68.38833333333334,25337.958333333332,10.990600715746442,1.7666666666666666
2018-12-06,0.5169294281939278,180023,121376,136194,137709,45020,638031,65.30291666666666,28688.041666666668,10.51488241308795,2.025
2018-12-07,0.34205704589081265,302862,140403,107854,65207,50931,687131,66.90416666666667,31678.25,8.292730061349712,2.2916666666666665
2018-12-08,0.34854020097978483,213355,166765,56764,91451,49368,597274,64.14791666666666,26123.416666666668,9.109169222903905,2.033333333333333
2018-12-09,0.28696353444426165,309182,167094,100334,46151,37347,680752,64.45875,30631.666666666664,9.856784253578748,2.566666666666667
2018-12-10,0.38354145874410717,203282,168092,56369,143861,26281,616215,67.56416666666667,24441,9.156508179959122,2.1
2018-12-11,0.2814189746213066,379669,121569,107746,71592,9735,709611,70.18333333333334,29630.625,7.652630368098175,1.7916666666666667
2018-12-12,0.3430057852353605,344215,144903,117223,121420,9751,756754,69.85791666666667,31834.916666666664,8.258870143149302,2.0833333333333335
2018-12-13,0.4930560303940863,254000,145409,91195,286914,7888,804367,65.84291666666667,32258.458333333336,9.66943762781188,4.466666666666667
2018-12-14,0.4575408787464375,293977,146373,89278,259894,18954,827019,67.09916666666666,31809,8.313893149284263,3.2333333333333334
2018-12-15,0.48445392997978826,210263,146277,75937,241391,15479,707510,64.57625,28487.291666666668,7.870641615541942,2.541666666666667
2018-12-16,0.5379574882794984,178070,146404,88512,279968,9549,720319,61.60041666666667,26823.625,10.778553169734165,3.1916666666666664
2018-12-17,0.38819715099282626,328817,146421,127687,152345,17562,790521,69.31625,31781.25,7.837292944785297,2.6833333333333336
2018-12-18,0.42957340407926853,294925,137885,99129,212275,11502,773472,67.02166666666666,32787.125,6.436088957055233,2.6333333333333333
2018-12-19,0.4417563734917316,296167,121355,105351,208671,13137,762298,66.05333333333333,32167.416666666664,9.68281952965237,3.1
2018-12-20,0.38441490929106364,313697,121380,107688,146024,13233,719444,68.7025,31731.041666666668,8.85264314928428,2.0583333333333336
2018-12-21,0.4379906586254577,245263,121345,89780,175291,16449,666069,66.17583333333333,30594.333333333332,9.00173849693254,3.15
2018-12-22,0.3804068860762916,236887,121352,99073,99579,15709,591861,66.95833333333333,27155.416666666668,9.829808282208608,2.283333333333333
2018-12-23,0.3177939109140486,246055,123465,92643,55329,17493,554139,67.88958333333333,25481.333333333332,8.818709100204522,1.9833333333333334
2018-12-24,0.3017174280573586,250589,127569,95999,47320,13440,552454,69.92,25495.166666666668,8.508640081799616,1.9083333333333334
2018-12-25,0.29267718481075705,216546,138888,81595,47689,11597,513969,68.33,22337.75,8.175240286298592,1.55
2018-12-26,0.2899657641754886,278591,145131,101247,50421,15025,608427,68.76375,26528.791666666664,7.680127811860963,1.5916666666666668
2018-12-27,0.26716026084905303,327339,145582,123025,26850,16162,657085,73.02958333333333,28532.208333333336,7.208187627811881,1.5166666666666666
2018-12-28,0.32105667131754523,282433,145742,90212,93264,13224,643606,69.45708333333333,28637.75,7.083530163599209,1.9833333333333334
2018-12-29,0.46925033001695815,167413,145737,85116,172132,18126,606787,62.544583333333335,26636.75,7.141436605316992,2.7916666666666665
2018-12-30,0.42787087313646943,168448,145712,87001,120359,25256,564654,64.52458333333334,25263.916666666668,6.721515848670774,2.8916666666666666
2018-12-31,0.34810589413468396,207721,145735,81164,76520,26240,555196,68.32208333333334,25897.25,6.803645194274044,2.5166666666666666
