{
"type": "FeatureCollection",
"name": "wind_regions",
"crs": { "type": "name", "properties": { "name": "urn:ogc:def:crs:OGC:1.3:CRS84" } },
"features": [
{ "type": "Feature", "properties": { "region": "Andalucía", "wind_mw": 3543.8, "area_km2": 87654.586300530646, "wind_mw_per_1000km2": 40.429145234338378 }, "geometry": { "type": "MultiPolygon", "coordinates": [ [ [ [ -6.231609804904293, 36.9028328093695 ], [ -6.304351365999937, 36.907212632000039 ], [ -6.338205532999952, 36.883734442000048 ], [ -6.343739386999914, 36.859930731000077 ], [ -6.335194464999915, 36.818264065000051 ], [ -6.345611131999931, 36.794989325000074 ], [ -6.358876105999913, 36.785834052000041 ], [ -6.39631100199995, 36.775091864000046 ], [ -6.414540167999919, 36.767645575000074 ], [ -6.433338995999919, 36.751206773000035 ], [ -6.437896287999933, 36.733303127000056 ], [ -6.431548631999931, 36.714585679000038 ], [ -6.417632615999935, 36.69594961100006 ], [ -6.406971808999913, 36.676703192000048 ], [ -6.394683397999929, 36.636908270000056 ], [ -6.379790818999936, 36.624253648000035 ], [ -6.361724412999932, 36.620550848000057 ], [ -6.293853318999937, 36.616848049000055 ], [ -6.283192511999914, 36.612372137000079 ], [ -6.234893357999908, 36.575751044000071 ], [ -6.226022915999919, 36.556667385000083 ], [ -6.232451951999906, 36.526190497000073 ], [ -6.224354620999918, 36.510850328000075 ], [ -6.206817186999956, 36.50889720300006 ], [ -6.186472133999927, 36.514227606000077 ], [ -6.179351365999935, 36.51353587400007 ], [ -6.200754360999952, 36.493841864000053 ], [ -6.211496548999947, 36.480536200000074 ], [ -6.219064907999949, 36.474961656000062 ], [ -6.231475389999957, 36.472683010000083 ], [ -6.246652798999947, 36.48663971600007 ], [ -6.254099087999917, 36.496283270000049 ], [ -6.248972133999928, 36.504746812000064 ], [ -6.257517055999926, 36.513780015000073 ], [ -6.28937740799995, 36.537298895000049 ], [ -6.297678188999953, 36.538763739000046 ], [ -6.310007290999918, 36.534125067000041 ], [ -6.301421678999931, 36.525987046000076 ], [ -6.27961178299995, 36.511297919000071 ], [ -6.257110154999908, 36.476426499000077 ], [ -6.242054816999939, 36.446478583000044 ], [ -6.218373175999942, 36.402451890000066 ], [ -6.184193488999939, 36.370713609000063 ], [ -6.175200975999928, 36.353583075000074 ], [ -6.168527798999946, 36.335313218000067 ], [ -6.165964321999923, 36.318711656000062 ], [ -6.159453904999907, 36.304307359000063 ], [ -6.104725714999915, 36.28070709800005 ], [ -6.082183397999927, 36.250677802000041 ], [ -6.062489386999914, 36.217230536000045 ], [ -6.036773240999936, 36.189520575000081 ], [ -5.983550584999932, 36.176988023000035 ], [ -5.938954230999911, 36.183823960000026 ], [ -5.917185024999924, 36.184068101000037 ], [ -5.89789791599992, 36.173895575000074 ], [ -5.832753058999913, 36.122381903000068 ], [ -5.811268683999913, 36.096828518000052 ], [ -5.796050584999932, 36.085516669000071 ], [ -5.753651495999918, 36.075588283000059 ], [ -5.733876105999911, 36.065659898000035 ], [ -5.713124152999912, 36.059963283000059 ], [ -5.689361131999932, 36.06712474200009 ], [ -5.671701626999948, 36.055975653000083 ], [ -5.629709438999953, 36.036769924000055 ], [ -5.611765102999925, 36.006455796000068 ], [ -5.581003383999928, 36.013983466000077 ], [ -5.566599087999918, 36.021633205000043 ], [ -5.466501430999926, 36.050726630000057 ], [ -5.445505337999919, 36.057440497000073 ], [ -5.438628709999933, 36.06281159100007 ], [ -5.431833462999919, 36.069566148000035 ], [ -5.428700324999909, 36.08079661700009 ], [ -5.431630011999914, 36.088934637000079 ], [ -5.437163865999936, 36.098700262000094 ], [ -5.439890102999923, 36.114203192000048 ], [ -5.434885219999956, 36.121527411000052 ], [ -5.441477016999954, 36.134548244000086 ], [ -5.442331508999928, 36.148789781000062 ], [ -5.437896287999934, 36.161485093000074 ], [ -5.42870032499991, 36.169989325000088 ], [ -5.425445115999935, 36.179754950000074 ], [ -5.406076626999947, 36.17922597900008 ], [ -5.382517055999927, 36.172308661000045 ], [ -5.366607225999928, 36.163153387000079 ], [ -5.358386758461411, 36.141109447000375 ], [ -5.338773483242616, 36.141119671999917 ], [ -5.334055141999952, 36.187811591000063 ], [ -5.329335089999915, 36.198146877000049 ], [ -5.29662024599992, 36.247381903000083 ], [ -5.285308397999928, 36.260809637000079 ], [ -5.289499477999926, 36.26984284100007 ], [ -5.290598110999951, 36.277411200000074 ], [ -5.274118618999921, 36.282538153000075 ], [ -5.265939907999952, 36.287095445000034 ], [ -5.258615688999954, 36.292547919000071 ], [ -5.253651495999918, 36.297105210000041 ], [ -5.244699673999946, 36.312079169000071 ], [ -5.227935350999928, 36.348537502000056 ], [ -5.227121548999946, 36.357936916000085 ], [ -5.199655727999926, 36.397162177000041 ], [ -5.186553514999956, 36.411200262000079 ], [ -5.173654751999948, 36.41742584800005 ], [ -5.157622850999928, 36.421942450000074 ], [ -5.121042446999924, 36.425563869000086 ], [ -5.108713344999956, 36.429022528000068 ], [ -5.062489386999916, 36.452215887000079 ], [ -4.994166374999907, 36.457093958000087 ], [ -4.923532680999926, 36.496852932000081 ], [ -4.912180141999954, 36.504014390000073 ], [ -4.902658657999949, 36.506537177000048 ], [ -4.88031979099992, 36.505682684000078 ], [ -4.764230923999945, 36.493963934000078 ], [ -4.722767706999947, 36.492987372000059 ], [ -4.680287238999938, 36.500799872000073 ], [ -4.65925045499995, 36.507635809000078 ], [ -4.649810350999926, 36.512111721000053 ], [ -4.615021325999918, 36.530555761000066 ], [ -4.58779979399992, 36.573817661000078 ], [ -4.524826052999915, 36.580715264000048 ], [ -4.495350714999915, 36.620550848000057 ], [ -4.491118943999937, 36.63666413000005 ], [ -4.480458136999915, 36.651190497000073 ], [ -4.466867641999954, 36.663031317000048 ], [ -4.46117102799991, 36.671454169000071 ], [ -4.433257615999935, 36.710679429000045 ], [ -4.420318162999934, 36.719875393000038 ], [ -4.403187628999945, 36.72386302300005 ], [ -4.224720831999946, 36.712388414000088 ], [ -4.197010870999918, 36.715399481000077 ], [ -4.110172195999951, 36.725732647000093 ], [ -4.079957949999937, 36.743564192000065 ], [ -4.056711391999956, 36.747992255000057 ], [ -3.960961123999937, 36.72679277900005 ], [ -3.889444745999924, 36.74338838400007 ], [ -3.838541254999939, 36.751969933000055 ], [ -3.803433052999936, 36.742474336000043 ], [ -3.777241765695507, 36.735803426684569 ], [ -3.731281329999944, 36.72409732400007 ], [ -3.679822363999961, 36.728807878000055 ], [ -3.665666698999926, 36.73937041600005 ], [ -3.632419884999934, 36.74127967000004 ], [ -3.601100173999953, 36.742550294000054 ], [ -3.586401548999958, 36.726579257000083 ], [ -3.54983156499992, 36.71237268600003 ], [ -3.536060363999923, 36.71840638700008 ], [ -3.515962546999959, 36.721046505000061 ], [ -3.477602127999943, 36.696095994000075 ], [ -3.415154668999946, 36.695516287000096 ], [ -3.378773566999939, 36.713893947000102 ], [ -3.358306443999936, 36.725938218000067 ], [ -3.34439042899993, 36.736924546000076 ], [ -3.329579230999911, 36.744899807000081 ], [ -3.227894660999937, 36.754828192000048 ], [ -3.156711171999916, 36.744525733000046 ], [ -3.12822435814422, 36.746382254978286 ], [ -3.076453404999938, 36.749756234000074 ], [ -2.987718933999929, 36.73710894900006 ], [ -2.933257615999936, 36.751654364000046 ], [ -2.913970506999931, 36.75031159100007 ], [ -2.886097785999937, 36.734401760000083 ], [ -2.858754035999937, 36.704942124000056 ], [ -2.848255988999938, 36.700222072000088 ], [ -2.839060024999923, 36.702419338000084 ], [ -2.829986131999932, 36.711737372000073 ], [ -2.820993618999921, 36.713893947000102 ], [ -2.802601691999939, 36.707302151000079 ], [ -2.782948370999918, 36.694606838000077 ], [ -2.756662563999953, 36.680365302000041 ], [ -2.736195441999939, 36.687404690000051 ], [ -2.718251105999911, 36.682033596000053 ], [ -2.684356248999961, 36.685980536000045 ], [ -2.658884243999922, 36.694810289000102 ], [ -2.647572394999941, 36.704169012000087 ], [ -2.642689581999946, 36.707017320000034 ], [ -2.617176886999914, 36.728420315000051 ], [ -2.596709764999958, 36.773098049000055 ], [ -2.576893683999913, 36.811306057000074 ], [ -2.56078040299991, 36.818793036000045 ], [ -2.481434699999909, 36.829942124000056 ], [ -2.469390428999929, 36.827744859000063 ], [ -2.442331508999928, 36.81830475500005 ], [ -2.433094855999911, 36.816270249000077 ], [ -2.412709113999939, 36.820013739000046 ], [ -2.380238410999937, 36.833766994000086 ], [ -2.361683722999941, 36.836778062000064 ], [ -2.339141404999907, 36.834255276000086 ], [ -2.318348761999915, 36.827907619000086 ], [ -2.282785610999952, 36.81008535400008 ], [ -2.256133592999959, 36.787380276000079 ], [ -2.231678839999915, 36.76007721600007 ], [ -2.203643357999908, 36.737127997000073 ], [ -2.166127081999947, 36.727565822000088 ], [ -2.14671790299991, 36.729925848000043 ], [ -2.126698370999918, 36.736395575000074 ], [ -2.111073370999918, 36.74612051000009 ], [ -2.100819464999915, 36.76516347900008 ], [ -2.091420050999944, 36.768255927000041 ], [ -2.080311652999909, 36.770615953000053 ], [ -2.071156378999945, 36.775336005000042 ], [ -2.065907355999912, 36.783555406000062 ], [ -2.060739712999919, 36.802435614000046 ], [ -2.05687415299991, 36.81008535400008 ], [ -2.04047604099992, 36.824326890000073 ], [ -2.024769660999937, 36.833766994000086 ], [ -2.013050910999937, 36.845770575000088 ], [ -2.002797003999945, 36.887030341000077 ], [ -1.98892167899993, 36.900498765000066 ], [ -1.953846808999913, 36.919948635000083 ], [ -1.941395636999914, 36.929877020000042 ], [ -1.935292120999918, 36.932196356000077 ], [ -1.912871873999961, 36.933539130000042 ], [ -1.905222133999927, 36.935980536000031 ], [ -1.900339321999923, 36.941188869000086 ], [ -1.89867102799991, 36.950059312000064 ], [ -1.900502081999946, 36.958766994000072 ], [ -1.904164191999939, 36.966376044000071 ], [ -1.906971808999913, 36.975287177000041 ], [ -1.906117316999939, 36.987616278000075 ], [ -1.884999152999911, 37.01548899900007 ], [ -1.855213995999918, 37.076605536000045 ], [ -1.84984290299991, 37.104437567000041 ], [ -1.837757941999939, 37.131618557000081 ], [ -1.830352342999959, 37.166367906000062 ], [ -1.81273352799991, 37.207058010000083 ], [ -1.787220831999946, 37.235215562000064 ], [ -1.728505011999914, 37.282416083000037 ], [ -1.698963995999919, 37.31643301000009 ], [ -1.68578040299991, 37.336981512000079 ], [ -1.680165167999917, 37.354437567000048 ], [ -1.670887824999909, 37.363308010000083 ], [ -1.65283894199996, 37.361259187000101 ], [ -1.645913442999927, 37.369247095000048 ], [ -1.64161771299996, 37.381036447000042 ], [ -1.732421026609074, 37.438438625941785 ], [ -1.741516079103803, 37.44133250579052 ], [ -1.792701585110081, 37.450737617546963 ], [ -1.797662523406757, 37.44998830781411 ], [ -1.802235887176438, 37.446345120031253 ], [ -1.803450283104099, 37.44133250579052 ], [ -1.805698207806074, 37.437456773111592 ], [ -1.811227585984341, 37.438800361147742 ], [ -1.818927375398061, 37.441565049787187 ], [ -1.826446295859854, 37.445363268100323 ], [ -1.838409389781532, 37.454820054901575 ], [ -1.987831793602425, 37.638994858925571 ], [ -1.996590949312861, 37.647831529001849 ], [ -2.000725062611536, 37.65382599517352 ], [ -2.004239060983878, 37.663954576442507 ], [ -2.005530972176643, 37.680852770239142 ], [ -2.004600796189777, 37.688500881010839 ], [ -2.004445766558888, 37.704546414085719 ], [ -2.002972988212832, 37.711858628972536 ], [ -1.998709682805612, 37.72214223897312 ], [ -1.995195685332646, 37.735474758453336 ], [ -1.996125861319456, 37.742296047824311 ], [ -1.999975754677337, 37.752476305037419 ], [ -2.002817958581944, 37.78802969001817 ], [ -2.001422694601672, 37.794282537708909 ], [ -1.994110479714891, 37.809682114737761 ], [ -1.993335334258291, 37.815986640171289 ], [ -1.993257818993186, 37.83384084747712 ], [ -1.991681687859626, 37.841153062363901 ], [ -1.987366705608963, 37.848129381365823 ], [ -1.976127082099197, 37.860144151231566 ], [ -1.975687831628136, 37.865854397462442 ], [ -1.982793340939963, 37.870815334859799 ], [ -2.076973638922311, 37.881098944860412 ], [ -2.112682054433265, 37.89530996438333 ], [ -2.125471970654929, 37.89874644569187 ], [ -2.17179989295073, 37.89644684504583 ], [ -2.209652878577515, 37.915670477910226 ], [ -2.232235480183249, 37.926419175904243 ], [ -2.261432663786421, 37.95352346533565 ], [ -2.281819016634302, 37.978276476378262 ], [ -2.294996507382905, 37.998352769964363 ], [ -2.29569413937304, 37.999799709888691 ], [ -2.29623674173223, 38.000574856244612 ], [ -2.304298264553268, 38.00636261684128 ], [ -2.338533900818902, 38.026490587270757 ], [ -2.350936245211528, 38.023622544944487 ], [ -2.361168179268077, 38.024346015356286 ], [ -2.465838791926728, 38.049383246339737 ], [ -2.547384202419038, 38.080647488390866 ], [ -2.53619625485328, 38.093075670305893 ], [ -2.521933560285561, 38.105064601749973 ], [ -2.515835741326383, 38.111911729542669 ], [ -2.506482306413318, 38.125295924966963 ], [ -2.444806483932097, 38.188186144275107 ], [ -2.442946132857742, 38.196247667096145 ], [ -2.444108852841282, 38.205136013116487 ], [ -2.448449672614288, 38.21715078388155 ], [ -2.448863083764308, 38.222266750909796 ], [ -2.445607468709738, 38.225367337232782 ], [ -2.441163296149227, 38.228467923555797 ], [ -2.437287562570987, 38.233144640113039 ], [ -2.434807094771601, 38.238854885444596 ], [ -2.432869229331459, 38.244901028459651 ], [ -2.431913214922929, 38.252497464186611 ], [ -2.430259569423584, 38.258801987821471 ], [ -2.43062130373022, 38.265623277192446 ], [ -2.43248165480452, 38.272961331400325 ], [ -2.440052253009071, 38.282754014985763 ], [ -2.471109787686544, 38.298179430436342 ], [ -2.477569341851677, 38.308127142753392 ], [ -2.479352178560192, 38.31735138645729 ], [ -2.480075648972047, 38.326291409321072 ], [ -2.479197149828622, 38.341923530346605 ], [ -2.481936000945723, 38.357013048113686 ], [ -2.485553351206192, 38.363756822219557 ], [ -2.487517055967373, 38.371094876427378 ], [ -2.488188848636469, 38.37884633998658 ], [ -2.487155320761474, 38.393083197931219 ], [ -2.488731451894978, 38.398741767318711 ], [ -2.55717688600447, 38.414451401810709 ], [ -2.567408820061019, 38.422797146371181 ], [ -2.571517095837294, 38.427628893458632 ], [ -2.574023402957665, 38.43455353381853 ], [ -2.573248256601743, 38.441271471301327 ], [ -2.570664435115589, 38.448402818135548 ], [ -2.570044318390615, 38.462717190445971 ], [ -2.57226640467087, 38.469667670126853 ], [ -2.574617682160294, 38.483594468809656 ], [ -2.571129523108993, 38.495583401152999 ], [ -2.571207038374154, 38.498735663420121 ], [ -2.571387904628125, 38.499872544981947 ], [ -2.571904670364234, 38.500544339449675 ], [ -2.573842535804375, 38.502042955318132 ], [ -2.582214117887247, 38.505246894428637 ], [ -2.598750575578606, 38.509949449407557 ], [ -2.626319953003417, 38.510827949450288 ], [ -2.642804734750713, 38.509277655839128 ], [ -2.656163091753285, 38.506332099147023 ], [ -2.675205858363653, 38.500234280187826 ], [ -2.718536546224641, 38.514290270079869 ], [ -2.756027798444165, 38.533126329316651 ], [ -2.767680833103952, 38.524212144874582 ], [ -2.770083787436874, 38.520517280248271 ], [ -2.790857713013054, 38.507055569558879 ], [ -2.806903245188607, 38.500492661706971 ], [ -2.807368333182012, 38.499924220926005 ], [ -2.811269904282653, 38.497547105014853 ], [ -2.81659257598659, 38.49584178357145 ], [ -2.844885422923937, 38.483439439178767 ], [ -2.850905728416649, 38.479951280127473 ], [ -2.859639044806102, 38.473465888439989 ], [ -2.861602748667906, 38.470907905375498 ], [ -2.863359747854076, 38.469047553401822 ], [ -2.865168422984368, 38.467833157474224 ], [ -2.870646125218514, 38.465714423082147 ], [ -2.873333298592855, 38.464034939161095 ], [ -2.875503708929045, 38.461942044090051 ], [ -2.878991867980346, 38.460598456053901 ], [ -2.883849452590198, 38.461554470462438 ], [ -2.89503740105522, 38.466902981487408 ], [ -2.902737188670359, 38.471915594828829 ], [ -2.913124152357739, 38.474654445945873 ], [ -2.923459438302472, 38.476333929866939 ], [ -2.938135544919475, 38.475946357138632 ], [ -2.950796270831233, 38.474473577893264 ], [ -2.966557583065992, 38.468608302930818 ], [ -2.986814743805382, 38.457213649790106 ], [ -2.99273169561127, 38.451968492451961 ], [ -2.995134649944134, 38.438532620184276 ], [ -2.997072516283595, 38.433054917950074 ], [ -3.000870733697411, 38.430057685313898 ], [ -3.009371506989453, 38.434450181930345 ], [ -3.023194952884752, 38.446335761486182 ], [ -3.04634599437213, 38.472923285181423 ], [ -3.052960578168155, 38.478969428196535 ], [ -3.060608689839171, 38.482612616878725 ], [ -3.069703742333843, 38.482715968766925 ], [ -3.098487514786996, 38.468582465408417 ], [ -3.113525355710578, 38.457549547473604 ], [ -3.123266364251322, 38.453803006003909 ], [ -3.137348191665694, 38.452795314751931 ], [ -3.17083451999713, 38.460960191259801 ], [ -3.240287645358535, 38.463724880798566 ], [ -3.259562954166996, 38.466747951856476 ], [ -3.277933926309685, 38.471657213309697 ], [ -3.29571061835037, 38.478685208255733 ], [ -3.307415329853598, 38.481889146466926 ], [ -3.322814906882456, 38.482405911303715 ], [ -3.345785081216547, 38.47979625139584 ], [ -3.361882290235542, 38.473259181965666 ], [ -3.369556240328222, 38.466231187019616 ], [ -3.373612840160434, 38.458893133711115 ], [ -3.375628220865735, 38.451761785977631 ], [ -3.37666174964005, 38.444759630352621 ], [ -3.381390143040676, 38.438635972971781 ], [ -3.395937059347831, 38.426440335053371 ], [ -3.41906226241349, 38.415045681013339 ], [ -3.445210537436367, 38.406493231777176 ], [ -3.457328660089615, 38.40483958627788 ], [ -3.469575974851353, 38.404477851071917 ], [ -3.486060756598647, 38.406441554933792 ], [ -3.519081996936619, 38.413340359569922 ], [ -3.526368374301057, 38.417138576983731 ], [ -3.530399135711548, 38.423391425573811 ], [ -3.533112148406929, 38.430264390888908 ], [ -3.534559089230584, 38.437395737723087 ], [ -3.538073085804286, 38.443648587212522 ], [ -3.543835007979226, 38.448816230184832 ], [ -3.553601854042313, 38.450159817321676 ], [ -3.566391771163297, 38.449126288547347 ], [ -3.576752896429013, 38.443493557581576 ], [ -3.580602789786952, 38.43589712185468 ], [ -3.584866095194174, 38.413650417932452 ], [ -3.588741827873094, 38.407681790182437 ], [ -3.596028205237474, 38.403986925556126 ], [ -3.607061123172286, 38.401687324010766 ], [ -3.61985104029327, 38.401428940693052 ], [ -3.671966722286413, 38.411557521962038 ], [ -3.692172207081683, 38.413469549879785 ], [ -3.717467821382854, 38.422099514381031 ], [ -3.725581021047276, 38.422797146371181 ], [ -3.732660691937383, 38.420239163306761 ], [ -3.740980597176815, 38.41814626733634 ], [ -3.757801275708289, 38.422797146371167 ], [ -3.767051356934587, 38.42654368694155 ], [ -3.778368495709516, 38.427344671719197 ], [ -3.794155646365994, 38.426078599847479 ], [ -3.807539841790288, 38.423107204733697 ], [ -3.823094447550717, 38.415200711543605 ], [ -3.829683192925017, 38.407785142969942 ], [ -3.839682582984836, 38.392618109937814 ], [ -3.859939743724226, 38.385951850197728 ], [ -3.89373613131744, 38.381611030424665 ], [ -4.177594773979649, 38.390576890810848 ], [ -4.215525274871538, 38.401222236017361 ], [ -4.235110642941834, 38.403392646353552 ], [ -4.256065435671303, 38.402772528729194 ], [ -4.264979621012685, 38.401428940693052 ], [ -4.271800910383718, 38.394788520273949 ], [ -4.274849818963958, 38.387993069324686 ], [ -4.275495775010029, 38.350915229154459 ], [ -4.290042690417863, 38.348874010027544 ], [ -4.301799078764475, 38.350114244376854 ], [ -4.366317105150301, 38.37117238989385 ], [ -4.379752977417978, 38.372593492295834 ], [ -4.405694545966527, 38.379569811297756 ], [ -4.449748704239312, 38.395951240257489 ], [ -4.460058152661645, 38.400912176755526 ], [ -4.469514940362217, 38.409542141256793 ], [ -4.48889360195818, 38.431969713231638 ], [ -4.517057256786984, 38.455508328346639 ], [ -4.54305050307829, 38.472923285181423 ], [ -4.558269212054483, 38.478814399464966 ], [ -4.570439011551174, 38.486746731076778 ], [ -4.584184943080686, 38.490002346131348 ], [ -4.593331672418742, 38.490002346131355 ], [ -4.6025300768016, 38.492586168516837 ], [ -4.610488246835131, 38.49697866513327 ], [ -4.61854977055549, 38.505970363941117 ], [ -4.623820767214625, 38.51434194602399 ], [ -4.632734950757369, 38.523540351306167 ], [ -4.668004115797316, 38.545089423238259 ], [ -4.685238206378131, 38.550437934263236 ], [ -4.703970912827401, 38.559352117805979 ], [ -4.706993983885241, 38.565398260821048 ], [ -4.714926317295693, 38.572581285397973 ], [ -4.727974615935807, 38.579764309075586 ], [ -4.768979864728975, 38.594388739748524 ], [ -4.78158891379735, 38.597334296440579 ], [ -4.801251797132749, 38.597747708489926 ], [ -4.813938360566908, 38.599763089195164 ], [ -4.828485276874062, 38.604052232124786 ], [ -4.849285040871962, 38.614852606962245 ], [ -4.861093105162696, 38.625808010531216 ], [ -4.865899013828427, 38.635006414914074 ], [ -4.867371792174482, 38.650793565570552 ], [ -4.867371792174482, 38.658467516562617 ], [ -4.869723069663961, 38.673867091792829 ], [ -4.873495448656058, 38.680688381163868 ], [ -4.883029750722415, 38.685235908310524 ], [ -4.912821214427538, 38.684925849048682 ], [ -4.924241705989971, 38.683323880392727 ], [ -4.945971645974682, 38.683737291542741 ], [ -4.979199590988346, 38.694382635849934 ], [ -5.036586269640623, 38.728411567439878 ], [ -5.063819749381935, 38.725388495482662 ], [ -5.079865281557488, 38.719419867732711 ], [ -5.15944698728862, 38.717947089386662 ], [ -5.170454066801767, 38.713812975188659 ], [ -5.173037889187242, 38.708206081745232 ], [ -5.169187994930041, 38.701152249276852 ], [ -5.167250128590581, 38.693426622340723 ], [ -5.170996670060276, 38.682987982709214 ], [ -5.174381476324074, 38.676502590122425 ], [ -5.176293504241812, 38.670869859156653 ], [ -5.180815192067485, 38.666038112968522 ], [ -5.210064053413361, 38.6590359564442 ], [ -5.255771857185494, 38.634386298189099 ], [ -5.288147142376715, 38.612527166995164 ], [ -5.293185594139857, 38.607075304082002 ], [ -5.297423062024677, 38.603173732981368 ], [ -5.300523647448358, 38.599246324358376 ], [ -5.303159145777954, 38.594621283745255 ], [ -5.30346920414047, 38.590306301494593 ], [ -5.306828171982547, 38.585500392828862 ], [ -5.311324022285817, 38.584260159378864 ], [ -5.317060106039095, 38.583795071385403 ], [ -5.329152391169942, 38.585732936825536 ], [ -5.349487067174437, 38.586042996087372 ], [ -5.362406174605269, 38.583872585751237 ], [ -5.379898646705215, 38.571444403836153 ], [ -5.385453864204464, 38.566070055288776 ], [ -5.394187180593916, 38.555166326764557 ], [ -5.400310837974814, 38.549120185548077 ], [ -5.404134893810295, 38.543539130526419 ], [ -5.406925421770779, 38.538113105135665 ], [ -5.407829759335925, 38.531860256545599 ], [ -5.411472948018172, 38.524832262498876 ], [ -5.419637823626657, 38.515840561892389 ], [ -5.449816860060025, 38.500389308919466 ], [ -5.450204433687645, 38.499975897769446 ], [ -5.464906378726427, 38.489072171043873 ], [ -5.470590785636262, 38.483026028028746 ], [ -5.480848558114475, 38.469202582133455 ], [ -5.488212449844696, 38.464629218363712 ], [ -5.50482642280116, 38.460159207381487 ], [ -5.549293993123285, 38.440806383307915 ], [ -5.562083910244269, 38.432486477169164 ], [ -5.569370285810067, 38.425329291013945 ], [ -5.575648972821851, 38.404477851071931 ], [ -5.576475796021157, 38.399310208099621 ], [ -5.57580400155342, 38.394323432280544 ], [ -5.572703416129741, 38.389672553245695 ], [ -5.563918422896903, 38.381766059156291 ], [ -5.561024543048235, 38.377347724118131 ], [ -5.560042690217984, 38.372412625142488 ], [ -5.560378587002221, 38.367115790061639 ], [ -5.563014085331758, 38.356315416123564 ], [ -5.564951951671219, 38.351147773151183 ], [ -5.567122362007411, 38.341019191882197 ], [ -5.567122362007412, 38.336290798481571 ], [ -5.564280158102804, 38.3320791690184 ], [ -5.559887660587094, 38.328306790026303 ], [ -5.554771693558791, 38.3246377629224 ], [ -5.550275845054218, 38.320813707086877 ], [ -5.547020229999646, 38.316111152107965 ], [ -5.54477230529767, 38.311408596229683 ], [ -5.540664027722698, 38.299781399092296 ], [ -5.538416103920042, 38.29507884411332 ], [ -5.535238003231257, 38.290092068294314 ], [ -5.532447476170092, 38.284743557269337 ], [ -5.522939011626079, 38.270739244220749 ], [ -5.521337042970174, 38.266760158754323 ], [ -5.521957159695149, 38.259447943867478 ], [ -5.52125952770507, 38.252187404924769 ], [ -5.519089118268199, 38.244849352515594 ], [ -5.517823044597833, 38.237614651095271 ], [ -5.517202927872857, 38.230121568155823 ], [ -5.517306280660307, 38.222886868534147 ], [ -5.519709234993229, 38.208882555485502 ], [ -5.52684058272672, 38.20190623648358 ], [ -5.529863653784617, 38.19482656469421 ], [ -5.533248460048413, 38.180667222913996 ], [ -5.53361019525431, 38.173535875180441 ], [ -5.533403489679301, 38.167644761796282 ], [ -5.538209398345088, 38.162373766036467 ], [ -5.581049159790894, 38.13508860945177 ], [ -5.623449672564334, 38.136897284582005 ], [ -5.642828335059617, 38.126820380156403 ], [ -5.649520433221426, 38.120490017200495 ], [ -5.671431240359483, 38.104005235453258 ], [ -5.693574590594892, 38.091266995175651 ], [ -5.710886196440811, 38.088683172790169 ], [ -5.722048305584849, 38.090181790457216 ], [ -5.728249478230849, 38.095401109373654 ], [ -5.733675502722292, 38.116459255790012 ], [ -5.734657354653222, 38.123409736370206 ], [ -5.734088913872313, 38.129688422482673 ], [ -5.728404506962419, 38.13431346309585 ], [ -5.72088558560131, 38.138240871718835 ], [ -5.711816372427677, 38.141160589989227 ], [ -5.6960292217712, 38.148498644197048 ], [ -5.691714240419856, 38.153847154322705 ], [ -5.693652105859996, 38.159634914919366 ], [ -5.697992925633002, 38.165913601031832 ], [ -5.713780077188803, 38.179995429345581 ], [ -5.727526007818994, 38.188315335484333 ], [ -5.740393439305763, 38.190201524081033 ], [ -5.807211066337629, 38.183044338825141 ], [ -5.837080044408538, 38.174259344692985 ], [ -5.846278448791397, 38.168574936883836 ], [ -5.853151414106492, 38.161960353987126 ], [ -5.861703864241976, 38.149454657706258 ], [ -5.867104051211015, 38.144752101828033 ], [ -5.8745196188853, 38.140075385270791 ], [ -5.900590378643072, 38.1276472033557 ], [ -5.909478725562733, 38.12113597324656 ], [ -5.915395677368622, 38.114082139878803 ], [ -5.919891526772572, 38.106769924092703 ], [ -5.92281124504291, 38.099793605990108 ], [ -5.922759569098845, 38.092791450365105 ], [ -5.918728806789034, 38.086538600875713 ], [ -5.913742030969956, 38.080337429129024 ], [ -5.910667283967996, 38.073490302235655 ], [ -5.910925666386392, 38.066513984133053 ], [ -5.913690355025893, 38.059589341974522 ], [ -5.930769415975759, 38.042045193031186 ], [ -5.933947515765227, 38.03638662454307 ], [ -5.935058559804702, 38.031529039033899 ], [ -5.937203131719171, 38.02574127933655 ], [ -5.941078864398095, 38.018274033919511 ], [ -5.952111782332906, 38.007990423918898 ], [ -5.962963833114431, 38.002641912893928 ], [ -5.975986294232086, 37.998636989905151 ], [ -6.018929409364773, 37.991660671802549 ], [ -6.038308070960738, 37.990497951819009 ], [ -6.114091559278051, 37.978586533841465 ], [ -6.138922084686442, 37.968302923840838 ], [ -6.169953782740892, 37.949647731757416 ], [ -6.1832604637994, 37.938976549028496 ], [ -6.200287847905884, 37.951973171724489 ], [ -6.33087419338932, 37.994606228494604 ], [ -6.356273158679357, 38.000006415463709 ], [ -6.356789924415464, 38.000729884976174 ], [ -6.359425421845744, 38.006414292785337 ], [ -6.361285772920098, 38.013261420578097 ], [ -6.365006475968075, 38.021193753089236 ], [ -6.372422043642416, 38.031167303827999 ], [ -6.413065558129006, 38.053698229489669 ], [ -6.423969284854594, 38.05679881401403 ], [ -6.434304571698647, 38.057212226063371 ], [ -6.442676153781463, 38.055351874089695 ], [ -6.4495749584176, 38.051398627044989 ], [ -6.453450690197201, 38.045662543291712 ], [ -6.458747524378738, 38.039693915541775 ], [ -6.47368201341419, 38.029591172694431 ], [ -6.478978847595727, 38.025017808924702 ], [ -6.481226772297703, 38.019359239537266 ], [ -6.484792445714788, 38.016387844423434 ], [ -6.499236009234437, 38.014940904499106 ], [ -6.523911505911258, 38.021297104977407 ], [ -6.571712204754478, 38.023855088941161 ], [ -6.577603319037964, 38.02850596797601 ], [ -6.580083786837293, 38.035068874928641 ], [ -6.579411994168197, 38.042587796289752 ], [ -6.581479050817562, 38.050003363964038 ], [ -6.584398769987274, 38.05682465333507 ], [ -6.603364020433219, 38.077521064545451 ], [ -6.617342495060086, 38.086771144872444 ], [ -6.6303649561778, 38.090853583126318 ], [ -6.64462765074552, 38.093747463874308 ], [ -6.677442186407803, 38.096021226998005 ], [ -6.701523402982673, 38.092946479096717 ], [ -6.74883317720935, 38.09364411108686 ], [ -6.776376716212498, 38.100465400457836 ], [ -6.788675706019036, 38.106149807367672 ], [ -6.801904872711702, 38.108681952010443 ], [ -6.810353970059679, 38.113022773582095 ], [ -6.813144497120843, 38.118810533279479 ], [ -6.81190426277152, 38.125761012960368 ], [ -6.804927943769597, 38.13927440049315 ], [ -6.800793829571601, 38.145578925027337 ], [ -6.795548672233451, 38.151444199989839 ], [ -6.792370570645345, 38.158317166204263 ], [ -6.792680629907125, 38.165319321829202 ], [ -6.797899949722934, 38.172941595977875 ], [ -6.933808966010988, 38.209295965736217 ], [ -6.950575759999879, 38.198385888000054 ], [ -6.947504027999912, 38.196636047000084 ], [ -6.957632609999876, 38.168162333000041 ], [ -6.965487426999913, 38.153331197000085 ], [ -6.978974975999963, 38.119948222000033 ], [ -6.997630167999946, 38.089614156 ], [ -7.006363484999923, 38.059331767000039 ], [ -7.015768594999884, 38.046826071000069 ], [ -7.023985148999913, 38.022563985000076 ], [ -7.049358275999905, 38.020212708000116 ], [ -7.105943969999885, 38.038661194000056 ], [ -7.12325557399987, 38.040004781 ], [ -7.131988891999952, 38.03238250700003 ], [ -7.141910765999853, 38.011582743000083 ], [ -7.152246052999942, 38.000653178 ], [ -7.159739135999899, 37.996803284000073 ], [ -7.172864949999848, 37.993831889000042 ], [ -7.185267293999914, 37.988690084000055 ], [ -7.197617960999878, 37.98993031900001 ], [ -7.210330362999939, 37.993030904000037 ], [ -7.22330114699986, 37.993831889000042 ], [ -7.234049844999958, 37.988069967000108 ], [ -7.265830850999919, 37.98295400100001 ], [ -7.272703816999895, 37.977011210000107 ], [ -7.272135375999937, 37.968949687000091 ], [ -7.269086465999892, 37.959441224000031 ], [ -7.268621378999882, 37.949235128000041 ], [ -7.273892374999918, 37.931535950000026 ], [ -7.295803181999871, 37.884872131000044 ], [ -7.306861937999969, 37.850765686000095 ], [ -7.334405476999847, 37.811930847000035 ], [ -7.426337849999924, 37.750616761000074 ], [ -7.444011189999913, 37.730152893000124 ], [ -7.457550414999901, 37.70007721000006 ], [ -7.466335407999908, 37.651966452000082 ], [ -7.471606404999928, 37.636902771000067 ], [ -7.478479369999889, 37.628867086000085 ], [ -7.504886026999968, 37.606387838000089 ], [ -7.514342813999947, 37.601401062000036 ], [ -7.511758992999947, 37.595277405000061 ], [ -7.512534138999854, 37.590368144000038 ], [ -7.514652872999932, 37.585872294000112 ], [ -7.515841430999927, 37.580937195000068 ], [ -7.526486775999929, 37.57119618800003 ], [ -7.529690714999902, 37.56716542600013 ], [ -7.529122273999861, 37.556700948000085 ], [ -7.527597819999926, 37.555512391000079 ], [ -7.523670409999881, 37.555667419000102 ], [ -7.518425252999862, 37.541947327000059 ], [ -7.51754675299992, 37.535177715000053 ], [ -7.515428018999926, 37.529338277000065 ], [ -7.506332967999868, 37.518124492000098 ], [ -7.498633178999881, 37.511664938000067 ], [ -7.481476603999909, 37.500373638000084 ], [ -7.475947224999914, 37.494249980000028 ], [ -7.468867553999871, 37.475568950000039 ], [ -7.462924763999863, 37.451125997000091 ], [ -7.460030883999877, 37.429137675000035 ], [ -7.462252970999885, 37.417872213000088 ], [ -7.444993041999908, 37.386763001000126 ], [ -7.437448282999952, 37.307336324000048 ], [ -7.427578083999948, 37.274521790000037 ], [ -7.434244343999864, 37.259328919 ], [ -7.429386758999953, 37.236746318000051 ], [ -7.414418097999943, 37.192816473000043 ], [ -7.398508266999954, 37.185451565000051 ], [ -7.381418423999946, 37.179917710000041 ], [ -7.362904425999944, 37.181708075000074 ], [ -7.343088344999955, 37.196234442000055 ], [ -7.32787024599992, 37.201564846000053 ], [ -7.085560675999943, 37.206488348000057 ], [ -7.098988410999937, 37.211900132000054 ], [ -7.127349412999934, 37.214748440000051 ], [ -7.101040416999923, 37.224250751000056 ], [ -7.061675584999932, 37.213934637000079 ], [ -7.029367641999956, 37.205511786000045 ], [ -6.941639777999911, 37.171087958000044 ], [ -6.928456183999913, 37.172349351000037 ], [ -6.930083787999934, 37.183172919000071 ], [ -6.940744594999956, 37.200669664000088 ], [ -6.962554490999935, 37.227606512000079 ], [ -6.962554490999933, 37.23383209800005 ], [ -6.931141730999911, 37.233872789000088 ], [ -6.903472459999933, 37.249579169000064 ], [ -6.852691209999932, 37.29523346600007 ], [ -6.864125128999945, 37.277533270000049 ], [ -6.898752407999949, 37.23578522300005 ], [ -6.91075598899994, 37.227606512000079 ], [ -6.917632615999937, 37.215073960000041 ], [ -6.910878058999913, 37.188950914000081 ], [ -6.89289303299995, 37.166571356000077 ], [ -6.87328040299991, 37.158677476000037 ], [ -6.853016730999911, 37.15110911700009 ], [ -6.811756964999915, 37.123724677000041 ], [ -6.794667120999918, 37.117743231000084 ], [ -6.771473761999916, 37.112779039000095 ], [ -6.744862433999913, 37.101385809000085 ], [ -6.49958248599995, 36.959662177000041 ], [ -6.471099412999934, 36.935614325000074 ], [ -6.44863847599993, 36.904201565000051 ], [ -6.41624915299991, 36.837795315000051 ], [ -6.388010219999956, 36.808172919000071 ], [ -6.352447068999937, 36.808579820000034 ], [ -6.346669074999911, 36.819891669000071 ], [ -6.352447068999937, 36.880275783000059 ], [ -6.344715949999909, 36.901271877000056 ], [ -6.339066520790106, 36.904695773281396 ], [ -6.32591712099992, 36.912665106000077 ], [ -6.283558722999942, 36.925930080000057 ], [ -6.265044725999929, 36.912909247000073 ], [ -6.239654100999929, 36.913397528000075 ], [ -6.214019334999932, 36.921698309000092 ], [ -6.194813605999911, 36.932114976000044 ], [ -6.223255988999938, 36.902329820000034 ], [ -6.231609804904293, 36.9028328093695 ] ] ] ] } },
{ "type": "Feature", "properties": { "region": "Aragón", "wind_mw": 4922.5, "area_km2": 47557.715320180112, "wind_mw_per_1000km2": 103.50581323891396 }, "geometry": { "type": "MultiPolygon", "coordinates": [ [ [ [ -1.844533047162429, 41.982037257813147 ], [ -1.848176234945299, 41.978187364455266 ], [ -1.857736375433376, 41.954803778971211 ], [ -1.851586879630816, 41.906150418506975 ], [ -1.836884934592092, 41.874085190778892 ], [ -1.816033493750751, 41.851683458125081 ], [ -1.815826789075061, 41.844216214506673 ], [ -1.817764655414521, 41.836051337099491 ], [ -1.821562872828338, 41.827834785546877 ], [ -1.825903692601344, 41.820574245704847 ], [ -1.83182064530655, 41.814295558693061 ], [ -1.842672695188753, 41.799567776131937 ], [ -1.845850795877539, 41.790731106055659 ], [ -1.842465989613742, 41.783134671228083 ], [ -1.83546383308942, 41.777036852268907 ], [ -1.818901536077022, 41.757813219404511 ], [ -1.810788337311919, 41.744919949496008 ], [ -1.808540411710624, 41.73750438092241 ], [ -1.802649299225777, 41.731819973113254 ], [ -1.79595720106397, 41.7287452261113 ], [ -1.785544398954869, 41.719288438410672 ], [ -1.788179897284465, 41.705749213355489 ], [ -1.792701585110081, 41.696886704857548 ], [ -1.799419520794231, 41.687171536537164 ], [ -1.807326015783019, 41.670428372371475 ], [ -1.815878465019182, 41.66166921576167 ], [ -1.824973516614535, 41.658026027978806 ], [ -1.834301113105881, 41.658232734453136 ], [ -1.844352179109763, 41.656863307995245 ], [ -1.854299893225516, 41.65260000348735 ], [ -1.865642868623524, 41.643039862999274 ], [ -1.874789597961581, 41.636942044040097 ], [ -1.893961553982536, 41.62944896110065 ], [ -1.910937262144956, 41.61415273685931 ], [ -1.917035081104131, 41.607408962753425 ], [ -1.923520473690927, 41.602990627715258 ], [ -1.932124599770475, 41.601130275741582 ], [ -1.95052141033483, 41.605806993198144 ], [ -1.958582933155867, 41.608726712367869 ], [ -1.964551560905818, 41.60867503552447 ], [ -1.969460822359054, 41.607719021115869 ], [ -1.975145229268946, 41.605212713995513 ], [ -1.980700445868877, 41.601905422996879 ], [ -1.988271043174109, 41.595497544775867 ], [ -1.990777350294479, 41.588547065094922 ], [ -1.990234747935289, 41.581751614145666 ], [ -1.987909307968208, 41.575188707193035 ], [ -1.981940680218202, 41.570796210576646 ], [ -1.975920375624867, 41.542658393270194 ], [ -1.978710902686032, 41.507621772226969 ], [ -1.975274421377435, 41.491136990479731 ], [ -1.969124924675555, 41.479794013283083 ], [ -1.961916062576222, 41.473747870267971 ], [ -1.956179978823002, 41.46682322900881 ], [ -1.95284684940259, 41.457831529301593 ], [ -1.945948044766453, 41.415534369315651 ], [ -1.951787482206555, 41.411658637536043 ], [ -1.960133225867708, 41.408790595209787 ], [ -1.970132615927469, 41.407291979341323 ], [ -1.979847785147172, 41.404940700952579 ], [ -1.996048346054352, 41.397990221271698 ], [ -2.014057582991086, 41.388068346476985 ], [ -2.022196621077227, 41.385381171304005 ], [ -2.030619880003485, 41.385432848147389 ], [ -2.037415330053478, 41.388765978467134 ], [ -2.040825974738937, 41.394734605317751 ], [ -2.040567593219862, 41.401865953051242 ], [ -2.039120653295526, 41.410108343924897 ], [ -2.039353197292257, 41.417678941230129 ], [ -2.040981004369883, 41.424887804228781 ], [ -2.045218472254703, 41.430753079191227 ], [ -2.0521172750922, 41.434990546176721 ], [ -2.069506395303903, 41.439357205270767 ], [ -2.09971127015899, 41.442612820325394 ], [ -2.110950893668815, 41.437884426025391 ], [ -2.116273566272072, 41.431373195916258 ], [ -2.119580858170082, 41.423673408301113 ], [ -2.120769415676023, 41.415999457309105 ], [ -2.120976121250977, 41.408273831272254 ], [ -2.122371385231247, 41.399333808408528 ], [ -2.127952440252898, 41.376751206802737 ], [ -2.133946906424626, 41.36910309513172 ], [ -2.140148078171308, 41.362695216910708 ], [ -2.147072720329788, 41.358897000396226 ], [ -2.153919847223165, 41.357036648422543 ], [ -2.159836799029051, 41.353186754165336 ], [ -2.166244676350743, 41.34595205274502 ], [ -2.171877407316515, 41.327761949554315 ], [ -2.173350185662571, 41.294585680484715 ], [ -2.165417853151439, 41.280943101742707 ], [ -2.161464606106676, 41.275646267561171 ], [ -2.159216681404757, 41.269212550918439 ], [ -2.15133602483769, 41.23128205002655 ], [ -2.149139776979155, 41.193945828337291 ], [ -2.145057338725223, 41.18658193570775 ], [ -2.13823605025351, 41.181465969578824 ], [ -2.129657761696365, 41.179166368033407 ], [ -2.111286789553731, 41.176866767387367 ], [ -2.101752489285957, 41.176970120174872 ], [ -2.09234737842877, 41.174825548260408 ], [ -2.083743252349223, 41.171879991568346 ], [ -2.061806605890183, 41.158624986453958 ], [ -2.05322831913162, 41.15035675715859 ], [ -1.971863775792656, 41.169942125228886 ], [ -1.944862840048018, 41.164412747050619 ], [ -1.938661668301336, 41.157229723373007 ], [ -1.928868983816585, 41.15015005158358 ], [ -1.916234097225811, 41.143018703850089 ], [ -1.89117102692137, 41.135163885704742 ], [ -1.850424159647275, 41.111134345073935 ], [ -1.816911993793496, 41.096975003293721 ], [ -1.767328457342444, 41.0649872908308 ], [ -1.761101447174042, 41.058553575087387 ], [ -1.756398892195136, 41.052274888974935 ], [ -1.753065761875405, 41.045505276447329 ], [ -1.747303839700464, 41.038813178285523 ], [ -1.732808600236694, 41.026023261164539 ], [ -1.679271815841617, 40.99075409612459 ], [ -1.673070644994255, 40.984501248433844 ], [ -1.662606166941089, 40.976413886291823 ], [ -1.656353319250286, 40.970109360858316 ], [ -1.621885138088658, 40.946751613795925 ], [ -1.610154588163709, 40.927734687405852 ], [ -1.611937424872281, 40.919208075692097 ], [ -1.614107835208415, 40.886703600190984 ], [ -1.6088368394486, 40.871872463943021 ], [ -1.601033698146636, 40.858746650037858 ], [ -1.593618129573031, 40.85084015594839 ], [ -1.579820522099453, 40.838541165242532 ], [ -1.55369808639756, 40.825105292075527 ], [ -1.544551357059504, 40.817379666038732 ], [ -1.541399094792382, 40.80975739189013 ], [ -1.539616258083868, 40.800714016238828 ], [ -1.538763597362163, 40.776839505238968 ], [ -1.541786668420003, 40.76722768790745 ], [ -1.55119177927719, 40.752293198871996 ], [ -1.555403407841027, 40.743947455210844 ], [ -1.556695319033736, 40.735395005974738 ], [ -1.557005378295571, 40.725163071918189 ], [ -1.553077968773266, 40.716326401841975 ], [ -1.54698014981409, 40.707489731765691 ], [ -1.539667934927252, 40.694363918759848 ], [ -1.537058275019376, 40.684131984703299 ], [ -1.537445847747676, 40.662996323921163 ], [ -1.540546434070678, 40.655115668253472 ], [ -1.548607956891715, 40.641705634407458 ], [ -1.554240687857487, 40.62578929344113 ], [ -1.555222540687737, 40.614162096303687 ], [ -1.55119177927719, 40.595093492170911 ], [ -1.555635951837701, 40.589150701943311 ], [ -1.561733770796877, 40.582949531095949 ], [ -1.56989864730474, 40.578143622430218 ], [ -1.586745164257934, 40.570598863546707 ], [ -1.595711024644061, 40.569772040347345 ], [ -1.604315150723664, 40.570624701069043 ], [ -1.61248002813079, 40.574164536963792 ], [ -1.620231492589312, 40.578918768786139 ], [ -1.636871303967496, 40.5843447941769 ], [ -1.645992193984569, 40.584448146964405 ], [ -1.671055264289009, 40.589279894051856 ], [ -1.677799038394937, 40.585274970163724 ], [ -1.682759975792237, 40.579022122472978 ], [ -1.698598802392838, 40.542383530975158 ], [ -1.699994066373051, 40.528947658707466 ], [ -1.699761522376377, 40.493342596883338 ], [ -1.705626797338823, 40.485358588428078 ], [ -1.713714158581581, 40.480216782978118 ], [ -1.732472702553195, 40.472904568091352 ], [ -1.741412726316298, 40.46734935239067 ], [ -1.750042689918189, 40.459210313405208 ], [ -1.782547166318693, 40.421047268516588 ], [ -1.78962683810812, 40.41595713991007 ], [ -1.79595720106397, 40.414691067139017 ], [ -1.808256190870509, 40.40203034122726 ], [ -1.779291551264066, 40.392160143275987 ], [ -1.762134975948413, 40.378285021436561 ], [ -1.720638799840742, 40.335367742926962 ], [ -1.715341965659206, 40.321415106721759 ], [ -1.716039597649341, 40.310201320734336 ], [ -1.720638799840742, 40.302346503488309 ], [ -1.719036831184837, 40.289763291942336 ], [ -1.713559128950635, 40.287670395971986 ], [ -1.708985765180955, 40.291003526291668 ], [ -1.699994066373051, 40.294750067761413 ], [ -1.685240443591624, 40.293328966258741 ], [ -1.660099859820662, 40.283019517836465 ], [ -1.555093350377831, 40.205401515967139 ], [ -1.541709154054217, 40.197908433927068 ], [ -1.53346676318057, 40.195221258754088 ], [ -1.519901698804347, 40.201164048981639 ], [ -1.509437221650444, 40.201164048981639 ], [ -1.495277878970967, 40.198425197864594 ], [ -1.481118537190753, 40.194058538770548 ], [ -1.469801398415825, 40.192973334052112 ], [ -1.444376592905428, 40.196719876421128 ], [ -1.439389817985728, 40.192379054849482 ], [ -1.437813686852167, 40.186022854371231 ], [ -1.437322760437041, 40.178813992271898 ], [ -1.438123745214682, 40.171630967694966 ], [ -1.442981329824534, 40.159176948257539 ], [ -1.448536546424464, 40.149797674922752 ], [ -1.395464850022847, 40.140082505703049 ], [ -1.364123093605883, 40.139617417709644 ], [ -1.343555873604714, 40.143131415182665 ], [ -1.324538947214648, 40.149280910985226 ], [ -1.319422980186403, 40.156463935562172 ], [ -1.318466965777873, 40.16380198797134 ], [ -1.322291021613353, 40.179046536268622 ], [ -1.320017259389033, 40.187418118351452 ], [ -1.314229498792372, 40.195272936496792 ], [ -1.300819464946357, 40.203205268108604 ], [ -1.294592453878636, 40.201629136975043 ], [ -1.29141435408917, 40.196771552365249 ], [ -1.2850581527116, 40.183154812044904 ], [ -1.276634893785342, 40.169331367048926 ], [ -1.271518926757096, 40.162716783252897 ], [ -1.26503353506962, 40.156541449927943 ], [ -1.258289760963692, 40.151425482899697 ], [ -1.250641649292675, 40.147885647004955 ], [ -1.246119960567739, 40.144862575947116 ], [ -1.245215623002593, 40.140211696912274 ], [ -1.24537065263354, 40.134966539574123 ], [ -1.242166714422353, 40.128920396559018 ], [ -1.234673630583586, 40.122951768809074 ], [ -1.215088263412611, 40.11589793634068 ], [ -1.151061164341286, 40.110058498900571 ], [ -1.125843065305219, 40.097914536926339 ], [ -1.093002692120535, 40.077011420140877 ], [ -1.079954392581158, 40.065771795731791 ], [ -1.076698778425907, 40.059002184103463 ], [ -1.075613572808152, 40.052129217889046 ], [ -1.078765835075217, 40.0451270622641 ], [ -1.084114346100193, 40.039261786402271 ], [ -1.091710780927826, 40.034559231423373 ], [ -1.139072231098623, 40.016214097702402 ], [ -1.162714199001073, 40.011459865880056 ], [ -1.145480109319578, 39.972289129739529 ], [ -1.129382900300641, 39.964046738865861 ], [ -1.105999314816529, 39.969188544315841 ], [ -1.097059291952746, 39.969860337884256 ], [ -1.078455775813438, 39.975183010487513 ], [ -1.053496060095085, 39.97882619916976 ], [ -1.018097702946648, 39.977275906457919 ], [ -1.000269334062523, 39.97921377189806 ], [ -0.98921057770599, 39.977766831973682 ], [ -0.97246741443962, 39.974046128925679 ], [ -0.923064744242538, 39.955985216044837 ], [ -0.908776211253155, 39.942911078083746 ], [ -0.904771287365008, 39.934617011266027 ], [ -0.906476609707795, 39.926813869964121 ], [ -0.909861415971591, 39.920095934279914 ], [ -0.912057663830126, 39.913067939333928 ], [ -0.912109340673567, 39.906401678694522 ], [ -0.908543667256424, 39.90040721342212 ], [ -0.904357876215044, 39.894800319978742 ], [ -0.903324347440673, 39.888159897761057 ], [ -0.902936773813053, 39.880873521295939 ], [ -0.903453537750579, 39.87288951284075 ], [ -0.902394172353183, 39.865396429901296 ], [ -0.896890631697318, 39.859686184569746 ], [ -0.888208991251929, 39.855242011109908 ], [ -0.878054571561222, 39.852244778473739 ], [ -0.859812790627814, 39.853097439195437 ], [ -0.84699703598443, 39.855345363897413 ], [ -0.79128984215248, 39.877540391875584 ], [ -0.797465176376818, 39.887488105091947 ], [ -0.80919572630171, 39.897642523883349 ], [ -0.817128057913578, 39.90133738940898 ], [ -0.823820156075328, 39.90632416432868 ], [ -0.832501797420036, 39.919424139812179 ], [ -0.836196662046348, 39.933376776916703 ], [ -0.836351690777917, 39.939939683869291 ], [ -0.839090541895018, 39.94583079725345 ], [ -0.838702969166718, 39.952574571359378 ], [ -0.835654058787781, 39.967638250704681 ], [ -0.831209886227271, 39.974821275281613 ], [ -0.824440272800359, 39.981487535021699 ], [ -0.801418423421524, 39.990892645878894 ], [ -0.790773078215011, 39.992959703427566 ], [ -0.777802293041418, 39.999574286324211 ], [ -0.775089281245357, 40.00138296235383 ], [ -0.766175095903975, 40.009392809230746 ], [ -0.762040980806603, 40.018487860826092 ], [ -0.757700161033597, 40.034610908266757 ], [ -0.753901942720518, 40.039778551239124 ], [ -0.746693080621185, 40.041432196738469 ], [ -0.738786587431093, 40.040295315176635 ], [ -0.722043423265404, 40.039881904026629 ], [ -0.683854539055744, 40.044429430273965 ], [ -0.614349737750217, 40.071740424381062 ], [ -0.612747769094256, 40.077709052131013 ], [ -0.617734544014013, 40.091454982761206 ], [ -0.619517380722527, 40.09912893285393 ], [ -0.617657029648228, 40.107087103786796 ], [ -0.613419561763351, 40.113908393157772 ], [ -0.596728075340423, 40.127008367741965 ], [ -0.58318884938592, 40.134811509943248 ], [ -0.574868944146488, 40.145146795887911 ], [ -0.57003719705898, 40.153518377970741 ], [ -0.567815110778724, 40.169072983731212 ], [ -0.56334509889723, 40.176333523573248 ], [ -0.556368780794628, 40.185170192750149 ], [ -0.552286343440016, 40.200285548938893 ], [ -0.553035651374216, 40.20736522072832 ], [ -0.551640387393945, 40.214186510099353 ], [ -0.551821255446612, 40.228449205566342 ], [ -0.549960902573616, 40.235063788463037 ], [ -0.544224818820339, 40.240102241125506 ], [ -0.534380459290787, 40.240412299488014 ], [ -0.52536292206122, 40.237699285893314 ], [ -0.516267868667228, 40.233358466120308 ], [ -0.501126674956083, 40.230309557540011 ], [ -0.495493943990311, 40.230464586271637 ], [ -0.487794154576591, 40.231498115045952 ], [ -0.479474250236478, 40.233771878169591 ], [ -0.4702500074319, 40.235063788463037 ], [ -0.451620652870815, 40.235916450084055 ], [ -0.44231889480119, 40.237750962736705 ], [ -0.4058611722553, 40.251135159060304 ], [ -0.397928839744168, 40.256871242813588 ], [ -0.391417608735651, 40.263925076181287 ], [ -0.390099860020541, 40.274208686181908 ], [ -0.390745815167236, 40.282141017793727 ], [ -0.392812872715922, 40.289143175217362 ], [ -0.390926683219846, 40.295576890960717 ], [ -0.369377611287746, 40.308289292816596 ], [ -0.357156134048353, 40.317746080517168 ], [ -0.341213954660304, 40.337383124531527 ], [ -0.33165381507149, 40.345651353826888 ], [ -0.292095506202656, 40.365520941837985 ], [ -0.286488612759285, 40.371747952006331 ], [ -0.285584276093459, 40.381540636491138 ], [ -0.289098272667161, 40.389214586583876 ], [ -0.295092738838832, 40.396320094996383 ], [ -0.307236700813121, 40.407921453712106 ], [ -0.314057990184097, 40.412959907273887 ], [ -0.32935421442545, 40.421693224562667 ], [ -0.335477870907027, 40.427765204200796 ], [ -0.338655971595813, 40.435309963983627 ], [ -0.339896205945138, 40.44269969323625 ], [ -0.333850062930082, 40.450011909022351 ], [ -0.323695645038015, 40.456962388703232 ], [ -0.277367722742213, 40.471819363372909 ], [ -0.272174242247502, 40.475720934473543 ], [ -0.272639329341587, 40.48143117890578 ], [ -0.275817430030372, 40.487528997864956 ], [ -0.28062333779684, 40.499853826992471 ], [ -0.281863573045484, 40.500939033509553 ], [ -0.296694709293433, 40.507915350712828 ], [ -0.297934942743439, 40.513703111309496 ], [ -0.297469854750034, 40.52036937104964 ], [ -0.294524298057922, 40.52706146921139 ], [ -0.292974006245402, 40.534063625735712 ], [ -0.292663946983566, 40.548507188356055 ], [ -0.294162562852023, 40.555561020824427 ], [ -0.296488002819103, 40.562433987038858 ], [ -0.298555060367733, 40.576645006561762 ], [ -0.297340664440128, 40.584138089501209 ], [ -0.294782681375636, 40.592199612322254 ], [ -0.294369269326353, 40.605764674899838 ], [ -0.300415412341408, 40.609046129275441 ], [ -0.308089362434146, 40.608710232491205 ], [ -0.32511674564131, 40.604240221508974 ], [ -0.333953415717588, 40.605273749384033 ], [ -0.34268673300636, 40.607340806932655 ], [ -0.349998948792461, 40.611061509980694 ], [ -0.358758103603634, 40.611940009124112 ], [ -0.367207200951555, 40.614472153766876 ], [ -0.374596930204177, 40.618192856814858 ], [ -0.377464971631127, 40.624264838251634 ], [ -0.376302253446227, 40.63834666656539 ], [ -0.376586473387022, 40.645684718974572 ], [ -0.378705206879829, 40.652609361133109 ], [ -0.377309942899558, 40.660154120016614 ], [ -0.36867997929761, 40.667440497381051 ], [ -0.357750413250983, 40.671910509262545 ], [ -0.345813157751024, 40.673900051546127 ], [ -0.329405890369571, 40.671574612478366 ], [ -0.313050298932183, 40.662944647977092 ], [ -0.30449784969602, 40.663254706339629 ], [ -0.293077358133587, 40.667879746952735 ], [ -0.284809128838219, 40.673331610765217 ], [ -0.234088710825347, 40.694803168331539 ], [ -0.229231126215495, 40.701030178499934 ], [ -0.228869391009596, 40.708006497501856 ], [ -0.229334479003001, 40.715499579541927 ], [ -0.228016730287891, 40.73071828941751 ], [ -0.223417528096434, 40.745316880769394 ], [ -0.219025030580724, 40.751931464565402 ], [ -0.213676519555747, 40.758287665043675 ], [ -0.194814621897308, 40.775986842718567 ], [ -0.18388505675, 40.779423325825803 ], [ -0.165798306346744, 40.779914252240914 ], [ -0.152155727604736, 40.774901638000188 ], [ -0.142363044019248, 40.769398098243641 ], [ -0.135309210651542, 40.763377794549569 ], [ -0.119961309566804, 40.753275050802934 ], [ -0.074486049791403, 40.730847479727402 ], [ -0.048260260402685, 40.727178453522811 ], [ 0.001581659366082, 40.72963308379974 ], [ 0.018169793001562, 40.72614492384912 ], [ 0.024732699954143, 40.720202135420209 ], [ 0.028143344639659, 40.712683214059041 ], [ 0.027729932590319, 40.705836087165665 ], [ 0.029538607720554, 40.699609076097943 ], [ 0.03620486835996, 40.696689357827552 ], [ 0.045041538436237, 40.696172593890083 ], [ 0.056203646680956, 40.701701972068349 ], [ 0.064265171300633, 40.707696438240028 ], [ 0.073101841376854, 40.712709052480761 ], [ 0.081525099403791, 40.716429755528793 ], [ 0.093152297440554, 40.719504503430073 ], [ 0.107104932746438, 40.721545722557046 ], [ 0.144983757694263, 40.722579251331354 ], [ 0.173044060634879, 40.730899156570786 ], [ 0.167463005613229, 40.743198147276644 ], [ 0.172734002272364, 40.747125555899693 ], [ 0.227355991385878, 40.771723538210715 ], [ 0.23417727985759, 40.777459621963942 ], [ 0.242703891571352, 40.790740465500051 ], [ 0.261979201279132, 40.807793687128935 ], [ 0.267250197038948, 40.814279079715732 ], [ 0.271280959348758, 40.821384589027566 ], [ 0.271901076073789, 40.829213568751186 ], [ 0.261514113285671, 40.847119452001095 ], [ 0.257948438969265, 40.855516873404952 ], [ 0.257483350975861, 40.865671292196332 ], [ 0.255778028633131, 40.873577786285807 ], [ 0.249576856886449, 40.888563951265319 ], [ 0.251747267222584, 40.898589178847487 ], [ 0.254537795183069, 40.906805732198734 ], [ 0.258258498231101, 40.914712226288195 ], [ 0.260428907667972, 40.922101956440088 ], [ 0.264304640346836, 40.928716539336797 ], [ 0.275931838383599, 40.94225576439198 ], [ 0.280117629425035, 40.951867580824171 ], [ 0.285543653916477, 40.959308986920178 ], [ 0.289729444957914, 40.982460029306878 ], [ 0.274226515141549, 41.018891913431055 ], [ 0.257948438969265, 41.028452053019812 ], [ 0.243324009195646, 41.033309638528976 ], [ 0.227821079379282, 41.043179837379569 ], [ 0.216503939705035, 41.070620021796572 ], [ 0.212473179193864, 41.084159246851755 ], [ 0.208132357622219, 41.08943024351089 ], [ 0.205341830560997, 41.096871650506209 ], [ 0.205186801829427, 41.104261379758839 ], [ 0.206582064910378, 41.11178030022063 ], [ 0.208907504877459, 41.119609279944306 ], [ 0.21371341264387, 41.125758774847554 ], [ 0.224410434693823, 41.130177109885672 ], [ 0.233712191864129, 41.130332140415931 ], [ 0.242393833208837, 41.132037461859341 ], [ 0.248491652168013, 41.136197415378376 ], [ 0.252212355215988, 41.141520087082313 ], [ 0.25841352696267, 41.146429348535612 ], [ 0.276241895846795, 41.149995021952691 ], [ 0.285078565923072, 41.153173123540796 ], [ 0.29314008964343, 41.158263251248009 ], [ 0.29965131975257, 41.164877835044031 ], [ 0.306524285067667, 41.183533027127453 ], [ 0.306989373061128, 41.192007961997831 ], [ 0.308849725034747, 41.199294339362268 ], [ 0.313345575338019, 41.206890774189844 ], [ 0.321097038897221, 41.213918769135887 ], [ 0.336444939981959, 41.221566880806897 ], [ 0.347917108387833, 41.225752671848284 ], [ 0.357838983182489, 41.23053274209235 ], [ 0.36037112782526, 41.232832342738398 ], [ 0.354273308866084, 41.256293443487607 ], [ 0.352361280948344, 41.27921194097825 ], [ 0.377269320722576, 41.321405748176687 ], [ 0.374013705667949, 41.338924058698353 ], [ 0.365073682804223, 41.352566637440361 ], [ 0.351741164223313, 41.362540188179139 ], [ 0.335204704733314, 41.36889638955671 ], [ 0.327298210643903, 41.370110785484322 ], [ 0.324197625220222, 41.390161241548007 ], [ 0.338305291056315, 41.405896715361102 ], [ 0.348537225112864, 41.43323354788992 ], [ 0.349777458562869, 41.45250885669833 ], [ 0.348537225112864, 41.472094224768625 ], [ 0.351172723442403, 41.477597765424491 ], [ 0.361301303812127, 41.484599921049494 ], [ 0.390446812370499, 41.491679591939601 ], [ 0.397423129573781, 41.494289251847476 ], [ 0.400368687165155, 41.496537177448772 ], [ 0.402074008608622, 41.498940130882318 ], [ 0.402539096602027, 41.500412910127693 ], [ 0.404554478206592, 41.50421112754146 ], [ 0.408430209986193, 41.510024726559834 ], [ 0.413546177014439, 41.516174221463132 ], [ 0.433131545084734, 41.533589179197236 ], [ 0.43824751121366, 41.539712836578133 ], [ 0.441193067905772, 41.546146552321488 ], [ 0.43762739358931, 41.554879868710941 ], [ 0.432976514554468, 41.561804510869472 ], [ 0.430341017124249, 41.56934926975299 ], [ 0.429410841137383, 41.576997382323327 ], [ 0.429720900399218, 41.584697170837728 ], [ 0.423984815746621, 41.592913723289655 ], [ 0.415768263294694, 41.595420030410033 ], [ 0.405949741287543, 41.596376043919292 ], [ 0.395252720136909, 41.595445867932426 ], [ 0.365177035591728, 41.598339749579736 ], [ 0.356598747933845, 41.601621202156707 ], [ 0.351482781804918, 41.607228094700758 ], [ 0.348072137119402, 41.615160427211947 ], [ 0.343266229352992, 41.637200426458492 ], [ 0.329468620980037, 41.661746731026767 ], [ 0.328228386630713, 41.669472357962945 ], [ 0.328538445892548, 41.677404690474077 ], [ 0.342646111728641, 41.693476061071351 ], [ 0.366417270840373, 41.709960841919262 ], [ 0.379749790320545, 41.726704006984335 ], [ 0.386571078792258, 41.73275014910007 ], [ 0.393857456156638, 41.736858424876402 ], [ 0.39602786559351, 41.742310288688827 ], [ 0.402074008608622, 41.749389960478254 ], [ 0.405949741287543, 41.75295563389534 ], [ 0.41282270660264, 41.756004544274283 ], [ 0.420264112698646, 41.757761542561127 ], [ 0.454215529023429, 41.762464098439345 ], [ 0.464602491811547, 41.767425034937389 ], [ 0.473180780368693, 41.775899969807718 ], [ 0.483412712626603, 41.791971340404984 ], [ 0.496590203375149, 41.808817857358235 ], [ 0.500931024047532, 41.812435208518025 ], [ 0.506667107800752, 41.816000881935103 ], [ 0.514728630621789, 41.818326321002871 ], [ 0.533538853235484, 41.821840318475907 ], [ 0.542220492781496, 41.826749579029809 ], [ 0.549661898877503, 41.834035956394246 ], [ 0.558033480960376, 41.845172228015883 ], [ 0.572606234789873, 41.852484442902728 ], [ 0.580667759409551, 41.855533352382281 ], [ 0.587075635831923, 41.861967068125708 ], [ 0.593586866840439, 41.867548123147337 ], [ 0.59761762915025, 41.87439525004072 ], [ 0.595292189183169, 41.907416490378694 ], [ 0.593276807578604, 41.91372101491288 ], [ 0.589556105429892, 41.918578600422052 ], [ 0.58066775940955, 41.923100287348355 ], [ 0.567180210298432, 41.932737942202266 ], [ 0.566095004680733, 41.938887438004826 ], [ 0.570125766990543, 41.944907741698898 ], [ 0.576171909106336, 41.951263943076469 ], [ 0.583975050408242, 41.956767482833015 ], [ 0.5928117195852, 41.960772406721162 ], [ 0.601183301668016, 41.962038479492207 ], [ 0.607539503944963, 41.964829007452693 ], [ 0.612190382080485, 41.968678900810573 ], [ 0.619321729813976, 41.979505113170433 ], [ 0.624437696842222, 41.984776108930241 ], [ 0.631258986213254, 41.989116930501908 ], [ 0.642472772200676, 41.992269191869696 ], [ 0.646813591973682, 41.996248277336122 ], [ 0.651619499740093, 42.001881008301893 ], [ 0.655960321311795, 42.0127847359268 ], [ 0.65487511569404, 42.020484524441216 ], [ 0.65487511569404, 42.026995755449725 ], [ 0.668517694436048, 42.049164944106849 ], [ 0.684330681715551, 42.089989325746778 ], [ 0.684485711346497, 42.095027778409246 ], [ 0.693942498147749, 42.100376288534846 ], [ 0.699110142019435, 42.109367988242013 ], [ 0.703140903429926, 42.120323390911736 ], [ 0.706241488853607, 42.141665758168187 ], [ 0.708876987183203, 42.152052720956306 ], [ 0.705931431390411, 42.162232978169357 ], [ 0.703450961792441, 42.167891547556849 ], [ 0.705466343397006, 42.178356024710752 ], [ 0.708256869558852, 42.188071193930455 ], [ 0.711667515143688, 42.195357571294842 ], [ 0.71941897960221, 42.22677684207757 ], [ 0.721744418669971, 42.231479397056489 ], [ 0.725775180979781, 42.2355359968887 ], [ 0.733216587075844, 42.24522532768669 ], [ 0.741743197890287, 42.264009710979337 ], [ 0.743448521132336, 42.27065013319708 ], [ 0.745618930569208, 42.288633530812774 ], [ 0.745618930569208, 42.301681830352152 ], [ 0.744378696219826, 42.306100165390319 ], [ 0.749856397554709, 42.319251816817882 ], [ 0.751251662434242, 42.328682766096726 ], [ 0.751096631904034, 42.347958075804513 ], [ 0.746394076925071, 42.3905394557313 ], [ 0.73833255410409, 42.414620673205491 ], [ 0.732906527814009, 42.426867987967228 ], [ 0.726860385698217, 42.433327542132361 ], [ 0.722519565025891, 42.4367381859185 ], [ 0.718953891608806, 42.439063625885581 ], [ 0.715078158929884, 42.443146064139512 ], [ 0.711512484613479, 42.450794175810522 ], [ 0.710892367888448, 42.461387844173672 ], [ 0.708566928820687, 42.468984279900553 ], [ 0.703605991423331, 42.477045802721591 ], [ 0.701435581087196, 42.484332180086021 ], [ 0.704381137779251, 42.492755439012285 ], [ 0.710892367888448, 42.496372789272812 ], [ 0.718333773984454, 42.496682848534583 ], [ 0.722519565025891, 42.49725128841618 ], [ 0.726395297704812, 42.498594876452394 ], [ 0.730271030383733, 42.500713609045818 ], [ 0.730581088746248, 42.503142401800396 ], [ 0.733216587075844, 42.508775132766118 ], [ 0.730581088746248, 42.519730536335146 ], [ 0.734146763062654, 42.528231310526564 ], [ 0.73755740684885, 42.533993231802185 ], [ 0.742208285883692, 42.537713934850217 ], [ 0.746859164918533, 42.546602280870559 ], [ 0.752336867152678, 42.55487051016587 ], [ 0.757297803650715, 42.560554917975082 ], [ 0.759778273248685, 42.564663193751358 ], [ 0.761483594692152, 42.569314072786199 ], [ 0.762723829940796, 42.575386054222975 ], [ 0.764429152283526, 42.589571235324229 ], [ 0.765669385733531, 42.594919745449893 ], [ 0.769545119311772, 42.601275946827457 ], [ 0.768925001687478, 42.605590929078119 ], [ 0.765514357001962, 42.609905911328724 ], [ 0.754662306220439, 42.61445343757606 ], [ 0.733991733431765, 42.617269802159626 ], [ 0.725465121718002, 42.620292874116842 ], [ 0.716318394178529, 42.625718899507604 ], [ 0.708411899189798, 42.634193834377925 ], [ 0.694562615772099, 42.662357490106046 ], [ 0.675649041270219, 42.688686632282213 ], [ 0.663425813950141, 42.696214350811601 ], [ 0.656734660000097, 42.687989808000097 ], [ 0.64360884600012, 42.684475810000059 ], [ 0.608158813000102, 42.687989808000097 ], [ 0.483515259000029, 42.685302633000063 ], [ 0.46692711609353, 42.690444434563005 ], [ 0.428789917000074, 42.683028870000072 ], [ 0.409282064000081, 42.68225372300013 ], [ 0.389283285000118, 42.685147604000022 ], [ 0.384399862000095, 42.688584086000063 ], [ 0.383676391000108, 42.692692363000063 ], [ 0.384012288000093, 42.6968523150001 ], [ 0.381816040000103, 42.70010793100009 ], [ 0.354169148000096, 42.717497050000119 ], [ 0.336030721000071, 42.712691142000025 ], [ 0.318305704000039, 42.699539490000049 ], [ 0.290245402000039, 42.670290629000093 ], [ 0.275388428000099, 42.668688660000058 ], [ 0.259807983000144, 42.682382914000051 ], [ 0.238362264000045, 42.710365703000086 ], [ 0.222394246000079, 42.716205140000071 ], [ 0.169167521000134, 42.726462911000041 ], [ 0.152941121000111, 42.724602560000037 ], [ 0.134182576000114, 42.715223288000097 ], [ 0.072842651000144, 42.708479513000071 ], [ -0.004310262999923, 42.68752472000007 ], [ -0.038933471999911, 42.685147604000022 ], [ -0.078414265999953, 42.69667144800006 ], [ -0.084202026999918, 42.701089783000057 ], [ -0.088852905999886, 42.706128235000037 ], [ -0.095751708999956, 42.710675761000047 ], [ -0.108489949999921, 42.713362936000074 ], [ -0.119031941999879, 42.716851095000052 ], [ -0.121822468999937, 42.723310649 ], [ -0.12311437999989, 42.730364482000098 ], [ -0.129238036999936, 42.735893860000026 ], [ -0.145722818999928, 42.745893250000037 ], [ -0.157789265999924, 42.760698547000047 ], [ -0.163628702999887, 42.777984314000058 ], [ -0.161406615999908, 42.79534759600007 ], [ -0.179390014999882, 42.789740702000032 ], [ -0.208354654999937, 42.783875427000034 ], [ -0.235148885999934, 42.78622670500009 ], [ -0.247034463999853, 42.804830221000053 ], [ -0.305138881054518, 42.830811870471393 ], [ -0.307418375999873, 42.831831157000082 ], [ -0.322792113999952, 42.842502340000074 ], [ -0.328243977999932, 42.832580465 ], [ -0.335168619999905, 42.824958191000107 ], [ -0.342997599999933, 42.822736105 ], [ -0.351679239999896, 42.829247335000076 ], [ -0.399738321999934, 42.801316223000086 ], [ -0.423922892999911, 42.790670878000086 ], [ -0.454463662999927, 42.78891388000001 ], [ -0.508413858999887, 42.807491557000063 ], [ -0.533890339999914, 42.808008322000035 ], [ -0.535647338999894, 42.784211324000054 ], [ -0.544432332999861, 42.782015076000036 ], [ -0.561175495999919, 42.773540141000041 ], [ -0.569030313999861, 42.77263580400011 ], [ -0.578693806999866, 42.777338359000069 ], [ -0.578538777999938, 42.783306987000103 ], [ -0.577143513999943, 42.789792379000048 ], [ -0.582931274999936, 42.795838521000107 ], [ -0.587323770999916, 42.796846212000069 ], [ -0.603550170999938, 42.796846212000055 ], [ -0.610164753999925, 42.799094137000068 ], [ -0.609958048999971, 42.802840679 ], [ -0.60804602099995, 42.807181498 ], [ -0.609492960999944, 42.81144480400004 ], [ -0.648301961999891, 42.849788717000067 ], [ -0.666078653999904, 42.860744120000042 ], [ -0.700391804999924, 42.876427918 ], [ -0.710520385999899, 42.877668153000045 ], [ -0.720287231999862, 42.876608785000045 ], [ -0.730105753999908, 42.877513123000099 ], [ -0.740286010999881, 42.884799499000067 ], [ -0.745867065999903, 42.893920390000034 ], [ -0.744781859999904, 42.899294739000098 ], [ -0.741422891999889, 42.903893942000067 ], [ -0.740906128999939, 42.910896098000066 ], [ -0.745031962999889, 42.918727227 ], [ -0.77144609166379, 42.91836253540265 ], [ -0.806224331187934, 42.904358222354062 ], [ -0.813097297402351, 42.896296699533018 ], [ -0.816352911557658, 42.888855292537698 ], [ -0.815655279567522, 42.882137355954164 ], [ -0.819195116361527, 42.876091213838421 ], [ -0.84622188962851, 42.849477850822154 ], [ -0.850381842248226, 42.840486152014314 ], [ -0.852526414162696, 42.832269599562331 ], [ -0.851001959872576, 42.816559964171006 ], [ -0.856944749200807, 42.786897690775788 ], [ -0.867021653626409, 42.769947821934409 ], [ -0.877537807623753, 42.763746650187727 ], [ -0.890224371957231, 42.758889065577875 ], [ -0.896425543703913, 42.755013332898969 ], [ -0.904357876215044, 42.742559313461527 ], [ -0.924976772160335, 42.735582994459605 ], [ -0.951745163908185, 42.716695258379445 ], [ -0.964509242607448, 42.710287381057753 ], [ -0.977118292575142, 42.705714016388697 ], [ -1.024634772376828, 42.69612803837822 ], [ -1.031662767322871, 42.690107733784885 ], [ -1.034375780018252, 42.683079738838842 ], [ -1.033703985550517, 42.676258450367193 ], [ -1.034995896743226, 42.669178779477079 ], [ -1.040266893402418, 42.65584625909753 ], [ -1.044452684443854, 42.649955145713371 ], [ -1.055485602378667, 42.645355943521963 ], [ -1.075665248752216, 42.645355943521963 ], [ -1.08522538924035, 42.647009589021316 ], [ -1.145015021326173, 42.641376858055537 ], [ -1.151655442644596, 42.635924994243055 ], [ -1.154290940974136, 42.629336248868768 ], [ -1.154523484970867, 42.623600165115477 ], [ -1.155531175323517, 42.618639227718177 ], [ -1.165530565383278, 42.615047715879371 ], [ -1.172326016332591, 42.61347158474581 ], [ -1.168915370747754, 42.611094468834658 ], [ -1.153283249722222, 42.605435899447173 ], [ -1.154781867389261, 42.601792710764983 ], [ -1.160543788664938, 42.596082465433426 ], [ -1.184960902923365, 42.584558621083488 ], [ -1.195761277760766, 42.575334378278924 ], [ -1.203047655125204, 42.566601060990138 ], [ -1.205347255771244, 42.558100286798776 ], [ -1.21201351641065, 42.553888658234939 ], [ -1.219661628081667, 42.550633043180362 ], [ -1.22803321016454, 42.549392808831044 ], [ -1.246042446201955, 42.553371894297484 ], [ -1.257411260920947, 42.553216865565844 ], [ -1.265007696647899, 42.548462632844227 ], [ -1.271493089234695, 42.541537990685697 ], [ -1.278159348974782, 42.532029527041004 ], [ -1.282190111284592, 42.524174709794977 ], [ -1.284515550352353, 42.516578274068081 ], [ -1.283042772006354, 42.510118719902998 ], [ -1.280329759310973, 42.504770208878028 ], [ -1.275756394641917, 42.498491522765562 ], [ -1.27368933799255, 42.49477081971753 ], [ -1.272681646740637, 42.487639471984039 ], [ -1.279477097689891, 42.476994126777527 ], [ -1.294411586725346, 42.459837551461817 ], [ -1.320663215435047, 42.44092397695993 ], [ -1.341953904948752, 42.414827378780501 ], [ -1.348051723907929, 42.397386583523996 ], [ -1.35037716297569, 42.386792914261548 ], [ -1.349111090204644, 42.379170641012252 ], [ -1.345493739944175, 42.372943630843849 ], [ -1.338827480204031, 42.369610501423494 ], [ -1.333401454813327, 42.364132799189285 ], [ -1.331024338902125, 42.357983303386717 ], [ -1.334486660431025, 42.34987010372231 ], [ -1.364123093605883, 42.323153387918474 ], [ -1.384018520938014, 42.300415758480433 ], [ -1.39089148625311, 42.287289944575264 ], [ -1.394999762029386, 42.277161363306234 ], [ -1.395852422751091, 42.269771633154335 ], [ -1.400865036991888, 42.253906969031391 ], [ -1.404895799301699, 42.244269314177473 ], [ -1.412543910972715, 42.23018748586378 ], [ -1.416419643651636, 42.220575670330909 ], [ -1.417039761275987, 42.211945705829635 ], [ -1.415437790821386, 42.204891873361248 ], [ -1.411148646992501, 42.19757965847441 ], [ -1.405412563239225, 42.191533515459362 ], [ -1.400425788319467, 42.185151476559383 ], [ -1.396627570006387, 42.177968451083139 ], [ -1.395335658813622, 42.169416001846969 ], [ -1.394767218032712, 42.14962392820172 ], [ -1.393707851735996, 42.141614081324747 ], [ -1.394224615673465, 42.127583929854438 ], [ -1.392467617386614, 42.120788478905119 ], [ -1.387170783205079, 42.114742336789391 ], [ -1.373424851675566, 42.104691270785516 ], [ -1.36851559112165, 42.098774318979622 ], [ -1.364355637602614, 42.092237250448704 ], [ -1.361745977694738, 42.085338446711944 ], [ -1.356707525931598, 42.078672186971801 ], [ -1.350661382916485, 42.072729396744265 ], [ -1.342418992942157, 42.069215400170549 ], [ -1.333349778869205, 42.067458400984378 ], [ -1.323918829590298, 42.067251695409361 ], [ -1.316451585072627, 42.062755846005466 ], [ -1.3124466620838, 42.054280911135095 ], [ -1.315960658657503, 42.037150174241113 ], [ -1.322368536878457, 42.027770900906319 ], [ -1.342987432823747, 42.006971136908405 ], [ -1.361177536913829, 41.983768419476988 ], [ -1.374510057293321, 41.960462348358654 ], [ -1.380659552196562, 41.953124295050131 ], [ -1.383140020895268, 41.943693345771301 ], [ -1.393992071676792, 41.932737942202266 ], [ -1.403423020955642, 41.925451564837829 ], [ -1.409029914399014, 41.915736396517453 ], [ -1.414662645364785, 41.91082713506421 ], [ -1.419287685977963, 41.908863430303022 ], [ -1.426393195289734, 41.910982163795794 ], [ -1.444738328111385, 41.914392809380601 ], [ -1.454401821386966, 41.915193793258936 ], [ -1.483288946627567, 41.922170112260858 ], [ -1.49070451520123, 41.922661037776656 ], [ -1.497887538878842, 41.921627509002299 ], [ -1.503003505907088, 41.919999701025347 ], [ -1.518325567670843, 41.913410956550372 ], [ -1.537135789385161, 41.910878811008274 ], [ -1.546644253029854, 41.910672105433328 ], [ -1.555946011099536, 41.911602281420123 ], [ -1.573748541561941, 41.916744085970777 ], [ -1.589432339430914, 41.925193183318754 ], [ -1.596356980690132, 41.930154119816734 ], [ -1.607286545837439, 41.941884671540315 ], [ -1.614211187995921, 41.947000636769943 ], [ -1.621936814932099, 41.951238105554125 ], [ -1.639403448610267, 41.957594306032377 ], [ -1.657154303128607, 41.962167669802113 ], [ -1.666430222776569, 41.960333157149478 ], [ -1.684930386128428, 41.953976955771864 ], [ -1.694645555348131, 41.953305162203435 ], [ -1.704179857414488, 41.955062161389606 ], [ -1.723610194954517, 41.960591539567872 ], [ -1.732033453880774, 41.964673976922484 ], [ -1.739604051186007, 41.969299018434931 ], [ -1.752135585888595, 41.981417141088173 ], [ -1.759499477618817, 41.986998196109823 ], [ -1.767716030070745, 41.99061554637035 ], [ -1.776578537669366, 41.992992662281495 ], [ -1.81484493714413, 41.995266425405191 ], [ -1.823888311896099, 41.99464630778084 ], [ -1.834611172367716, 41.998909614087381 ], [ -1.836394009076287, 42.000279038746619 ], [ -1.838667772199926, 42.000847480426842 ], [ -1.841277432107802, 42.001881008301893 ], [ -1.85241370283012, 42.001209214733478 ], [ -1.844533047162429, 41.982037257813147 ] ], [ [ -1.197001512110091, 42.41193349893183 ], [ -1.194521043411441, 42.424335842425137 ], [ -1.186252814116074, 42.430950426221159 ], [ -1.173023647423406, 42.435911364517835 ], [ -1.163928594928734, 42.440872301015872 ], [ -1.158140835231393, 42.436738185918493 ], [ -1.158140835231393, 42.42598948792449 ], [ -1.1655822413274, 42.41193349893183 ], [ -1.176330939321417, 42.403665270535782 ], [ -1.190386928314126, 42.402838446437158 ], [ -1.197001512110091, 42.41193349893183 ] ], [ [ -1.087034064370584, 42.433430894919866 ], [ -1.10853146035862, 42.4367381859185 ], [ -1.123414272550633, 42.440045477816511 ], [ -1.13416297144397, 42.446660062511846 ], [ -1.133336147345346, 42.456581936407197 ], [ -1.12837520994799, 42.466503811201903 ], [ -1.124241095749994, 42.473118394098606 ], [ -1.112665574556615, 42.482213447492605 ], [ -1.10605099076065, 42.483040269792582 ], [ -1.098609584664587, 42.482213447492605 ], [ -1.095302293665952, 42.474772040497271 ], [ -1.094475469567271, 42.463196519303892 ], [ -1.085380417971919, 42.459062405105897 ], [ -1.074631719977901, 42.450794175810529 ], [ -1.067190313881895, 42.445833238413172 ], [ -1.067190313881895, 42.4367381859185 ], [ -1.075458543177263, 42.432604071720505 ], [ -1.087034064370584, 42.433430894919866 ] ] ] ] } },
{ "type": "Feature", "properties": { "region": "Asturias", "wind_mw": 695.5, "area_km2": 10658.153975251862, "wind_mw_per_1000km2": 65.25520288175089 }, "geometry": { "type": "MultiPolygon", "coordinates": [ [ [ [ -7.048892380778739, 43.477889105797544 ], [ -7.050520188755739, 43.476338813085704 ], [ -7.081138474760792, 43.45605581302533 ], [ -7.095013596600211, 43.440061956793848 ], [ -7.105116340346854, 43.433059801168838 ], [ -7.112738612696831, 43.429339098120856 ], [ -7.119947475695482, 43.428693142074842 ], [ -7.127440557735554, 43.428822333284018 ], [ -7.137620814948663, 43.431457830714308 ], [ -7.148550380995289, 43.431457830714294 ], [ -7.160901047645267, 43.429132392545846 ], [ -7.16686967629454, 43.423396307893256 ], [ -7.168807541734679, 43.416781724996611 ], [ -7.171623908116883, 43.39611115220788 ], [ -7.17012529134911, 43.390840156448078 ], [ -7.166947190660325, 43.386215114935581 ], [ -7.153588832758429, 43.381383367848116 ], [ -7.13661312459601, 43.382106839159299 ], [ -7.130050217643428, 43.378618679208671 ], [ -7.12604529465466, 43.372701728302104 ], [ -7.125270148298739, 43.365208645362657 ], [ -7.125476853873693, 43.35719879848574 ], [ -7.12480506030528, 43.348207098778573 ], [ -7.121601121194772, 43.336786607216141 ], [ -7.115348272604706, 43.326554674058912 ], [ -7.108371955401426, 43.3190357526978 ], [ -7.094884406290303, 43.308674628331389 ], [ -7.086486985785768, 43.30702098193273 ], [ -7.078347947699626, 43.303093574209079 ], [ -7.0712682759102, 43.297719224762368 ], [ -7.062793341039876, 43.25487946241725 ], [ -7.056798874868209, 43.244647529260021 ], [ -7.050959438327425, 43.2373094750522 ], [ -7.043414679443912, 43.231676744086428 ], [ -7.021348842674966, 43.218757635756276 ], [ -7.013597378216446, 43.217362371776005 ], [ -7.006956955998703, 43.217000637469425 ], [ -6.995898199642228, 43.206045233900404 ], [ -6.97995602115344, 43.200102444572117 ], [ -6.971842820589701, 43.198422959751774 ], [ -6.965564133577914, 43.195012315066272 ], [ -6.965176560849613, 43.189612128097224 ], [ -6.965848355317348, 43.183255926719596 ], [ -6.972669643789061, 43.168864040942708 ], [ -6.97378068692916, 43.159226386088839 ], [ -6.970912644602891, 43.151733303149399 ], [ -6.965693324787138, 43.144601956315221 ], [ -6.959285448364767, 43.13884003414023 ], [ -6.951533983006925, 43.134576727833689 ], [ -6.943420783342503, 43.132613023072516 ], [ -6.926651780755094, 43.13803904936259 ], [ -6.907919074305823, 43.146410631445463 ], [ -6.898462286605252, 43.149123644140843 ], [ -6.891175910140134, 43.153180243073727 ], [ -6.886266648686899, 43.158399562889485 ], [ -6.884251267981654, 43.164678249901272 ], [ -6.879962124152715, 43.170595200807853 ], [ -6.873812629249471, 43.174625963117713 ], [ -6.866293707888303, 43.175297756686113 ], [ -6.857379523446241, 43.169251614570328 ], [ -6.847586838961434, 43.159226386088847 ], [ -6.832161424410231, 43.139899400436953 ], [ -6.829603441345739, 43.128866482502133 ], [ -6.831541306785877, 43.120159002735747 ], [ -6.868980882161964, 43.09530263890565 ], [ -6.877223273035612, 43.091788642331949 ], [ -6.91324174600976, 43.080574856344526 ], [ -6.922595180922883, 43.080109768351122 ], [ -6.93272376129255, 43.080988268393867 ], [ -6.939390021032638, 43.079593004413596 ], [ -6.945203620051017, 43.076724962087326 ], [ -6.948846807833945, 43.072074083052478 ], [ -6.952179938153621, 43.066208808089989 ], [ -6.955203009211517, 43.059465033984118 ], [ -6.958251918691074, 43.049801540708529 ], [ -6.963445400085166, 43.042592677709884 ], [ -6.971222702965406, 43.038613593142784 ], [ -6.979568446626502, 43.036624049959933 ], [ -6.98613135357914, 43.030216173537561 ], [ -6.988456794445541, 43.01933828433431 ], [ -6.983314988995573, 43.007969468715999 ], [ -6.975847743578525, 42.998305976339722 ], [ -6.966390956777218, 42.994275214029869 ], [ -6.961972621739105, 42.99567047801014 ], [ -6.957683477910166, 42.99794424113378 ], [ -6.955978155567439, 42.99988210747324 ], [ -6.954892950849, 43.001587428916707 ], [ -6.95373023086546, 43.004920559236389 ], [ -6.953575202133892, 43.023782456894828 ], [ -6.951327277431915, 43.025126044031708 ], [ -6.945203620051017, 43.024609280094182 ], [ -6.924481370418903, 43.002388413694298 ], [ -6.922000901720253, 43.000192165835756 ], [ -6.913706834003222, 42.994740302023281 ], [ -6.905852016757195, 42.992078966171334 ], [ -6.896395229955885, 42.990709539713471 ], [ -6.877378301767237, 42.991277981393694 ], [ -6.868851690952797, 42.988668321485832 ], [ -6.845648972621973, 42.971408393382603 ], [ -6.836889817810857, 42.962700914515551 ], [ -6.833660041177951, 42.952365628570874 ], [ -6.828285691731309, 42.914796861086245 ], [ -6.79531612823672, 42.910869452463267 ], [ -6.777229376934203, 42.904099839935668 ], [ -6.770873174657311, 42.89407461235345 ], [ -6.763483446304007, 42.892834378004139 ], [ -6.752373013104092, 42.897433580195532 ], [ -6.744363166227175, 42.903092149583017 ], [ -6.737619391221926, 42.909525865326373 ], [ -6.72979041239762, 42.91526194907965 ], [ -6.719429287131902, 42.920222887376326 ], [ -6.701109991832652, 42.924512031205268 ], [ -6.682506475693288, 42.926889146217093 ], [ -6.635739304725121, 42.927302558266433 ], [ -6.622975226025859, 42.925442206292765 ], [ -6.614732835152211, 42.923271795956623 ], [ -6.608454149039743, 42.919602769751975 ], [ -6.562100389221598, 42.916657213059914 ], [ -6.551222500018354, 42.917845771465181 ], [ -6.515798306246836, 42.928697822246704 ], [ -6.501561449201516, 42.929705511699979 ], [ -6.44903235515909, 42.951073717378101 ], [ -6.444846564117654, 42.957714137797211 ], [ -6.444071417761734, 42.963992824808997 ], [ -6.450350103874199, 42.968126939006993 ], [ -6.468204312079365, 42.973139553247734 ], [ -6.476317510844467, 42.976860257195078 ], [ -6.481226772297703, 42.982389635373359 ], [ -6.480270757889173, 42.987867336708177 ], [ -6.475568202910268, 42.991846422174604 ], [ -6.446939460088004, 42.99277659816147 ], [ -6.426139696090104, 42.99758250592788 ], [ -6.418698289094778, 43.000528063519312 ], [ -6.414745042050072, 43.00486888329231 ], [ -6.414745042050072, 43.010294907783759 ], [ -6.413659837331636, 43.016496080429761 ], [ -6.408724738356, 43.022154648917876 ], [ -6.401877610563306, 43.028640042404007 ], [ -6.398725348296183, 43.03517711003559 ], [ -6.39275671964691, 43.042205104981576 ], [ -6.364851447236504, 43.051429347786154 ], [ -6.347281459871512, 43.048096218365743 ], [ -6.337928025857707, 43.043445340230214 ], [ -6.329814826193285, 43.037864285208563 ], [ -6.310384486854618, 43.033600978902022 ], [ -6.297284512270437, 43.033962714107929 ], [ -6.253592088304231, 43.017994697197466 ], [ -6.234445969805678, 43.01435150851529 ], [ -6.226281094197134, 43.015436713233726 ], [ -6.221681891106416, 43.020087592268581 ], [ -6.218968879310352, 43.033600978902015 ], [ -6.212793545086073, 43.038871975561221 ], [ -6.199745246445957, 43.041042384998036 ], [ -6.175457323396756, 43.03783844678685 ], [ -6.148068813125237, 43.029570217491546 ], [ -6.135511440000982, 43.02711558721456 ], [ -6.122023891789184, 43.027916571992193 ], [ -6.102386846875504, 43.03478953730729 ], [ -6.095746425557081, 43.041895047518381 ], [ -6.092723355398563, 43.049517319868421 ], [ -6.091276413675587, 43.056493638870336 ], [ -6.088330857882794, 43.062100532313707 ], [ -6.079106615078216, 43.065097764949883 ], [ -6.029988165721306, 43.05788890195123 ], [ -6.016758999028582, 43.057320462069647 ], [ -5.987794359422139, 43.062333076310374 ], [ -5.976373866960386, 43.05768219727554 ], [ -5.971257899932141, 43.051403510263754 ], [ -5.96761471214927, 43.03706330043093 ], [ -5.964591641091374, 43.030035305484944 ], [ -5.960405850049938, 43.023394884166521 ], [ -5.954669766296661, 43.017581285148147 ], [ -5.930924444707387, 43.00652252879167 ], [ -5.918651292423193, 42.998796901855492 ], [ -5.904853684949614, 42.992699082896308 ], [ -5.893717414227298, 42.989986070200942 ], [ -5.889014858349015, 42.985645250427922 ], [ -5.86294409769198, 42.977945461913514 ], [ -5.854856737348541, 42.974276434809617 ], [ -5.844831508867061, 42.971692613323398 ], [ -5.804833950426485, 42.970607407705707 ], [ -5.789279343766736, 42.972364406891813 ], [ -5.778685675403608, 42.97466400843723 ], [ -5.769926519693115, 42.981614488118112 ], [ -5.766309170331966, 42.987660631133224 ], [ -5.762278408022097, 42.993164170889777 ], [ -5.759797939323448, 42.998667711545643 ], [ -5.759151984176754, 43.001458237707482 ], [ -5.758170132245823, 43.004248766567287 ], [ -5.755327928341217, 43.010088202208749 ], [ -5.750599534940591, 43.016134345223804 ], [ -5.743855759935402, 43.021947944242186 ], [ -5.738662279440632, 43.028200791932989 ], [ -5.735174118590692, 43.034479478944775 ], [ -5.729980638095983, 43.040577297903965 ], [ -5.719541999363798, 43.045124824151287 ], [ -5.705175951109254, 43.048793850355878 ], [ -5.679932012752204, 43.049646511077597 ], [ -5.665152554247016, 43.048277086418352 ], [ -5.637092251306342, 43.037993476417796 ], [ -5.615439825687416, 43.03458283083296 ], [ -5.600815395913799, 43.034686184519785 ], [ -5.578982103141527, 43.031172187046764 ], [ -5.570765549790282, 43.02652130801193 ], [ -5.561696335717329, 43.022955633695517 ], [ -5.551567756246982, 43.021017768255376 ], [ -5.540999925406254, 43.021792913711977 ], [ -5.517306280660305, 43.029053453554013 ], [ -5.498754442263703, 43.027864895148753 ], [ -5.490770432909187, 43.028640042403993 ], [ -5.485835333933552, 43.033549302957965 ], [ -5.481391159574344, 43.039905504335536 ], [ -5.4786264709349, 43.046235867291443 ], [ -5.473381312697427, 43.051119290322958 ], [ -5.418759325382553, 43.051868598257151 ], [ -5.408062303332657, 43.053573919700625 ], [ -5.398502162844523, 43.056493638870336 ], [ -5.389898036764976, 43.063780016234716 ], [ -5.382844204296589, 43.085329088166887 ], [ -5.374007534220311, 43.089669907939886 ], [ -5.36103674994604, 43.091530259913554 ], [ -5.307474128028616, 43.085484116898442 ], [ -5.212001918853501, 43.09395905176882 ], [ -5.159550340076122, 43.113182685532479 ], [ -5.150403611637388, 43.114164537463409 ], [ -5.140016648849269, 43.109591172794353 ], [ -5.129836391636161, 43.107188219360808 ], [ -5.118131680132933, 43.108583482441759 ], [ -5.102835455891581, 43.119538886010737 ], [ -5.095471564161358, 43.128323880142943 ], [ -5.08818518679692, 43.144188544265887 ], [ -5.086195645412717, 43.151449083208611 ], [ -5.082449103043702, 43.158037828582906 ], [ -5.072113817098967, 43.172455552781514 ], [ -5.062889574294445, 43.178760077315701 ], [ -5.045888026810985, 43.185271308324218 ], [ -5.008293422703333, 43.192919419995235 ], [ -4.977158371861378, 43.205580145906985 ], [ -4.961474574891724, 43.216225491113512 ], [ -4.908480393755156, 43.2373094750522 ], [ -4.898377650907889, 43.238549710300845 ], [ -4.888584967322403, 43.237516181526537 ], [ -4.878998989311924, 43.235164903137729 ], [ -4.859413621241628, 43.22340851479111 ], [ -4.831870083137858, 43.188681952110358 ], [ -4.819726121163569, 43.187596747391986 ], [ -4.790012172723607, 43.191110744864943 ], [ -4.780400356291409, 43.193617051985314 ], [ -4.770917731068437, 43.19493480070048 ], [ -4.751849127834987, 43.191937568064304 ], [ -4.74267656097453, 43.192144272739995 ], [ -4.734537522888388, 43.196898505461654 ], [ -4.727948778413406, 43.207750556243134 ], [ -4.725313280083811, 43.216432196688508 ], [ -4.724641485616075, 43.224493720408873 ], [ -4.723246221635806, 43.231392524145633 ], [ -4.721127489042373, 43.238239651039052 ], [ -4.723633796162744, 43.251985582568587 ], [ -4.721540900192396, 43.25870351825273 ], [ -4.715675625229949, 43.264697984424409 ], [ -4.703609177621444, 43.269503893090189 ], [ -4.693118862045878, 43.271881008102014 ], [ -4.682783576101144, 43.272501125726365 ], [ -4.673636846763089, 43.271105861746094 ], [ -4.663947515965105, 43.270744127439514 ], [ -4.643173591288189, 43.272191067363849 ], [ -4.633690965165897, 43.275705063937558 ], [ -4.628704189346875, 43.278547267842093 ], [ -4.624285855208086, 43.284128322863808 ], [ -4.617412888993613, 43.289864407516347 ], [ -4.602220018439084, 43.296840724719623 ], [ -4.592608202006945, 43.298158474334116 ], [ -4.581885342434589, 43.297357490455795 ], [ -4.563540207814356, 43.29420522728941 ], [ -4.556796433708485, 43.290562039506483 ], [ -4.551163702742713, 43.279167385466451 ], [ -4.545169236571041, 43.275808416725063 ], [ -4.537159389694068, 43.277203680705263 ], [ -4.529821336385567, 43.281699531008556 ], [ -4.5235426502731, 43.287900701855904 ], [ -4.520364548684995, 43.296220607994655 ], [ -4.518710903185649, 43.305987454057743 ], [ -4.521863166352034, 43.319965929583994 ], [ -4.530880702682283, 43.338233548039796 ], [ -4.535144008988823, 43.342264309450293 ], [ -4.537314419325015, 43.348310452465405 ], [ -4.534446376998688, 43.354614976999592 ], [ -4.521966519139538, 43.370634670753418 ], [ -4.513259040272487, 43.384354762961891 ], [ -4.514370083412643, 43.39649872493618 ], [ -4.513830313924713, 43.402834267007492 ], [ -4.734934048999945, 43.41710032800006 ], [ -4.754994269999941, 43.421657619000086 ], [ -4.836537238999938, 43.449774481000077 ], [ -4.907622850999928, 43.460638739000046 ], [ -4.930246548999947, 43.469509182000081 ], [ -4.941029425999943, 43.471747137000079 ], [ -4.952544725999928, 43.470078843000074 ], [ -4.96711178299995, 43.46088288000005 ], [ -4.975168423999947, 43.458766994000086 ], [ -5.045033331999945, 43.474310614000032 ], [ -5.057036912999933, 43.46861399900007 ], [ -5.067697719999958, 43.481390692000055 ], [ -5.091664191999939, 43.486273505000035 ], [ -5.177886522999929, 43.489365953000068 ], [ -5.211903449999911, 43.49835846600007 ], [ -5.284006313999953, 43.533474026000079 ], [ -5.299875454999949, 43.537665106000077 ], [ -5.341949022999927, 43.540635484000063 ], [ -5.356800910999937, 43.53860097900008 ], [ -5.362212693999937, 43.533392645000049 ], [ -5.365101691999939, 43.52671946800006 ], [ -5.372425910999937, 43.520209052000041 ], [ -5.382639126999948, 43.516384182000074 ], [ -5.403675910999937, 43.511094468000067 ], [ -5.413929816999937, 43.506537177000034 ], [ -5.420806443999935, 43.513373114000053 ], [ -5.403553839999918, 43.525417385000097 ], [ -5.390736456999948, 43.54132721600007 ], [ -5.393869594999956, 43.555243231000084 ], [ -5.424224412999935, 43.561143296000076 ], [ -5.625599738999937, 43.554958401000079 ], [ -5.677479620999919, 43.561143296000076 ], [ -5.689198370999918, 43.578558661000045 ], [ -5.696766730999913, 43.58283112200008 ], [ -5.701975063999952, 43.568630276000079 ], [ -5.708851691999938, 43.568630276000079 ], [ -5.727406378999943, 43.589544989000046 ], [ -5.782338019999941, 43.63703034100007 ], [ -5.803822394999941, 43.650498765000073 ], [ -5.836333787999934, 43.662217515000073 ], [ -5.852202928999931, 43.662949937000064 ], [ -5.859038865999935, 43.653631903000075 ], [ -5.863514777999911, 43.641424872000073 ], [ -5.875152147999926, 43.636786200000074 ], [ -5.907378709999932, 43.636826890000073 ], [ -5.905344204999951, 43.633815822000088 ], [ -5.902577277999908, 43.62649160400008 ], [ -5.90062415299991, 43.623236395000049 ], [ -5.913075324999909, 43.612860419000071 ], [ -5.90884355399993, 43.60492584800005 ], [ -5.902170376999948, 43.597520249000077 ], [ -5.90737870999993, 43.588446356000077 ], [ -6.023508266999953, 43.58844635600007 ], [ -6.039214647999927, 43.58311595300006 ], [ -6.05418860599991, 43.574571031000055 ], [ -6.069162563999953, 43.569688218000081 ], [ -6.084950324999911, 43.575384833000037 ], [ -6.100412563999951, 43.569199937000064 ], [ -6.178049282999952, 43.575384833000037 ], [ -6.19098873599995, 43.578558661000031 ], [ -6.222767706999945, 43.595892645000049 ], [ -6.236398891999954, 43.594305731000077 ], [ -6.243885870999919, 43.589300848000043 ], [ -6.249989386999914, 43.584051825000081 ], [ -6.273915167999917, 43.57961660400008 ], [ -6.300038214999915, 43.57062409100007 ], [ -6.314605272999927, 43.568630276000079 ], [ -6.366118943999936, 43.568630276000079 ], [ -6.417632615999937, 43.561143296000076 ], [ -6.431792772999927, 43.563421942000041 ], [ -6.45531165299991, 43.57335032800006 ], [ -6.469105597999942, 43.575384833000037 ], [ -6.467274542999918, 43.570868231000091 ], [ -6.464751756999931, 43.55967845300006 ], [ -6.462961391999954, 43.554958401000079 ], [ -6.488270636999914, 43.555121161000045 ], [ -6.499663865999935, 43.553086656000062 ], [ -6.510121222999941, 43.547471421000068 ], [ -6.546620245999918, 43.561835028000075 ], [ -6.597727016999954, 43.575222072000088 ], [ -6.64867102799991, 43.579046942000048 ], [ -6.703724738999938, 43.557562567000048 ], [ -6.729644334999932, 43.559759833000037 ], [ -6.770822719999957, 43.568630276000079 ], [ -6.83071855399993, 43.565130927000027 ], [ -6.845936652999912, 43.568630276000079 ], [ -6.943959113999938, 43.565985419000064 ], [ -7.001372850999927, 43.556667385000083 ], [ -7.010365363999938, 43.533229885000083 ], [ -7.023752407999948, 43.525824286000045 ], [ -7.029530402999912, 43.512152411000045 ], [ -7.032704230999911, 43.495469468000067 ], [ -7.038319464999915, 43.479193427000041 ], [ -7.044585740999935, 43.479193427000041 ], [ -7.046922738074349, 43.48367793486463 ], [ -7.048892380778739, 43.477889105797544 ] ] ] ] } },
{ "type": "Feature", "properties": { "region": "Baleares", "wind_mw": 3.7, "area_km2": 5111.8521973498327, "wind_mw_per_1000km2": 0.72380809482680519 }, "geometry": { "type": "MultiPolygon", "coordinates": [ [ [ [ 1.48609459700009, 38.694566148000028 ], [ 1.437510613000086, 38.749253648000042 ], [ 1.436534050000092, 38.751613674000055 ], [ 1.436534050000092, 38.754014390000073 ], [ 1.435394727000073, 38.755357164000095 ], [ 1.43132571700005, 38.754868882000039 ], [ 1.427907748000052, 38.73936595300006 ], [ 1.418142123000052, 38.727891343000081 ], [ 1.408029279000061, 38.724485848000086 ], [ 1.401002263000066, 38.730326346000084 ], [ 1.388612436000074, 38.719114917000084 ], [ 1.382823113000086, 38.71157461100006 ], [ 1.38648522200009, 38.70766836100006 ], [ 1.393728061000047, 38.70420970300006 ], [ 1.393321160000085, 38.696275132000046 ], [ 1.388682488000086, 38.687119859000063 ], [ 1.383474155000044, 38.68040599200009 ], [ 1.383459549000065, 38.670000028000061 ], [ 1.387550540000063, 38.662377861000046 ], [ 1.382950333000053, 38.64206092500006 ], [ 1.396976700000039, 38.638646307000045 ], [ 1.412791680000055, 38.646445832000033 ], [ 1.429047071000071, 38.66494375200007 ], [ 1.438731316000087, 38.670274156000062 ], [ 1.458085631000074, 38.681340739000063 ], [ 1.474222865000058, 38.67459664200004 ], [ 1.523448113000086, 38.649400132000039 ], [ 1.557485750000069, 38.64883885900008 ], [ 1.581390821000071, 38.653062242000082 ], [ 1.582367384000065, 38.674912828000053 ], [ 1.565683815000057, 38.69148550500006 ], [ 1.52638326400006, 38.677767624000076 ], [ 1.48609459700009, 38.694566148000028 ] ] ], [ [ [ 1.597911004000082, 39.098130601000037 ], [ 1.589691602000074, 39.102769273000042 ], [ 1.578379754000082, 39.104885158000059 ], [ 1.560394727000073, 39.105821031000062 ], [ 1.553558790000067, 39.107652085000041 ], [ 1.537119988000086, 39.118028062000064 ], [ 1.522715691000087, 39.118882554000045 ], [ 1.508636915000068, 39.11436595300006 ], [ 1.499522332000084, 39.104885158000059 ], [ 1.478688998000053, 39.10773346600007 ], [ 1.450694207000083, 39.101792710000041 ], [ 1.42318769600007, 39.09056224200009 ], [ 1.403330925000092, 39.077622789000088 ], [ 1.39193769600007, 39.083319403000075 ], [ 1.372243686000047, 39.07139720300006 ], [ 1.36304772200009, 39.077622789000088 ], [ 1.35678144600007, 39.077622789000088 ], [ 1.332530144000089, 39.057237046000061 ], [ 1.317556186000047, 39.04759349200009 ], [ 1.30445397200009, 39.043443101000037 ], [ 1.292816602000073, 39.033270575000067 ], [ 1.292246941000088, 39.009873765000066 ], [ 1.300954623000052, 38.967759507000039 ], [ 1.276866082000083, 38.968003648000035 ], [ 1.26726321700005, 38.966050523000035 ], [ 1.259938998000052, 38.96092357000002 ], [ 1.248220248000052, 38.966376044000079 ], [ 1.236827019000088, 38.96515534100007 ], [ 1.226735873000052, 38.960191148000035 ], [ 1.21843509200005, 38.954087632000039 ], [ 1.227549675000091, 38.942002671000068 ], [ 1.22429446700005, 38.927354234000063 ], [ 1.212168816000087, 38.903225002000056 ], [ 1.216644727000073, 38.885077216000063 ], [ 1.22820071700005, 38.87461985900007 ], [ 1.259938998000052, 38.857896226000037 ], [ 1.266612175000092, 38.870347398000035 ], [ 1.283457879000082, 38.87461985900007 ], [ 1.300303582000083, 38.870469468000074 ], [ 1.307790561000047, 38.857896226000051 ], [ 1.31771894600007, 38.859849351000037 ], [ 1.318614129000082, 38.859116929000052 ], [ 1.32203209700009, 38.857896226000037 ], [ 1.328868035000085, 38.857896226000037 ], [ 1.34351647200009, 38.862372137000079 ], [ 1.360850457000083, 38.851914781000062 ], [ 1.370650433000094, 38.831809407000051 ], [ 1.403104951000046, 38.832277563000055 ], [ 1.404144727000074, 38.856756903000075 ], [ 1.414728475000061, 38.890621737000053 ], [ 1.428558790000068, 38.896592515000073 ], [ 1.444997592000049, 38.913153387000079 ], [ 1.448415561000047, 38.908799546000068 ], [ 1.454925977000073, 38.904038804000038 ], [ 1.45866946700005, 38.900132554000038 ], [ 1.469493035000085, 38.910264390000066 ], [ 1.497243686000047, 38.921861070000034 ], [ 1.509776238000086, 38.930161851000037 ], [ 1.541188998000053, 38.967759507000054 ], [ 1.576182488000086, 38.985825914000088 ], [ 1.581390821000071, 38.991929429000038 ], [ 1.584646030000045, 39.007432359000063 ], [ 1.593272332000083, 39.02024974200009 ], [ 1.606455925000091, 39.028387762000087 ], [ 1.623057488000085, 39.029201565000058 ], [ 1.606944207000083, 39.06236399900007 ], [ 1.600840691000087, 39.082383531000062 ], [ 1.605967644000089, 39.091294664000088 ], [ 1.597911004000082, 39.098130601000037 ] ] ], [ [ [ 3.340342644000089, 39.778998114000053 ], [ 3.309906446000071, 39.755072333000044 ], [ 3.292491082000084, 39.749701239000046 ], [ 3.223887566000088, 39.749701239000053 ], [ 3.194834832000083, 39.75499095300006 ], [ 3.162608269000088, 39.769110419000071 ], [ 3.13648522200009, 39.788763739000046 ], [ 3.124847852000074, 39.811102606000077 ], [ 3.12631269600007, 39.831854559000064 ], [ 3.133555535000085, 39.839544989000046 ], [ 3.165212436000047, 39.845892645000049 ], [ 3.181488477000073, 39.851385809000078 ], [ 3.187185092000049, 39.854356187000079 ], [ 3.19312584700009, 39.859564520000049 ], [ 3.196462436000047, 39.867132880000042 ], [ 3.195567254000082, 39.874538479000087 ], [ 3.196787957000083, 39.881211656000062 ], [ 3.20679772200009, 39.886826890000073 ], [ 3.20679772200009, 39.893011786000045 ], [ 3.13021894600007, 39.876410223000043 ], [ 3.094737175000091, 39.881211656000062 ], [ 3.096934441000088, 39.913519598000065 ], [ 3.104340040000067, 39.91351959800005 ], [ 3.115489129000081, 39.908758856000077 ], [ 3.127452019000089, 39.916693427000048 ], [ 3.140879754000082, 39.928086656000062 ], [ 3.155609571000071, 39.934027411000045 ], [ 3.168467644000089, 39.936387437000064 ], [ 3.203623894000089, 39.949164130000042 ], [ 3.21420332100007, 39.955104885000083 ], [ 3.201345248000051, 39.960516669000071 ], [ 3.198415561000047, 39.959295966000077 ], [ 3.19312584700009, 39.955104885000083 ], [ 3.179453972000091, 39.968776760000083 ], [ 3.075694207000083, 39.936102606000077 ], [ 3.020274285000084, 39.925156968000067 ], [ 2.964121941000088, 39.920965887000072 ], [ 2.93327884200005, 39.914496161000045 ], [ 2.873057488000086, 39.883490302000041 ], [ 2.843597852000074, 39.87258535400008 ], [ 2.834157748000052, 39.871161200000074 ], [ 2.813243035000085, 39.87258535400008 ], [ 2.809580925000091, 39.870550848000043 ], [ 2.803233269000089, 39.861599026000079 ], [ 2.799652540000068, 39.859564520000063 ], [ 2.78484134200005, 39.856716213000084 ], [ 2.77320397200009, 39.849636135000083 ], [ 2.761729363000085, 39.840521552000048 ], [ 2.74740644600007, 39.831610419000079 ], [ 2.717946811000048, 39.820135809000085 ], [ 2.71062259200005, 39.818548895000056 ], [ 2.703949415000068, 39.814154364000046 ], [ 2.683604363000086, 39.796210028000075 ], [ 2.679209832000083, 39.794012762000079 ], [ 2.676036004000082, 39.789089260000083 ], [ 2.651866082000083, 39.770127671000068 ], [ 2.647471550000091, 39.769232489000046 ], [ 2.635996941000088, 39.771022854000087 ], [ 2.631358269000089, 39.770127671000068 ], [ 2.629079623000053, 39.766872463000084 ], [ 2.621918165000067, 39.754461981000077 ], [ 2.617686394000089, 39.749701239000046 ], [ 2.586599155000044, 39.723822333000044 ], [ 2.56967207100007, 39.713080145000049 ], [ 2.55241946700005, 39.708685614000046 ], [ 2.532399936000047, 39.706366278000075 ], [ 2.517588738000087, 39.700140692000048 ], [ 2.468272332000084, 39.659369208000051 ], [ 2.450450066000087, 39.650336005000042 ], [ 2.42937259200005, 39.646673895000049 ], [ 2.357676629000082, 39.611883856000077 ], [ 2.351735873000053, 39.596747137000079 ], [ 2.350759311000047, 39.57648346600007 ], [ 2.355642123000053, 39.558661200000074 ], [ 2.373708530000044, 39.547186591000077 ], [ 2.382090691000087, 39.529242255000042 ], [ 2.391856316000087, 39.52374909100007 ], [ 2.398285352000073, 39.524969794000071 ], [ 2.425954623000052, 39.53742096600007 ], [ 2.431162957000083, 39.527696031000076 ], [ 2.438161655000044, 39.525213934000078 ], [ 2.445811394000089, 39.528876044000071 ], [ 2.453949415000068, 39.53742096600007 ], [ 2.480642123000052, 39.516221421000068 ], [ 2.472178582000084, 39.512152411000045 ], [ 2.469004754000083, 39.505886135000097 ], [ 2.47169030000009, 39.49791087400007 ], [ 2.473806187000094, 39.495794988000057 ], [ 2.492686394000089, 39.47024160400008 ], [ 2.520192905000044, 39.472845770000056 ], [ 2.544932488000085, 39.492987372000073 ], [ 2.555674675000091, 39.520046291000085 ], [ 2.569102410000085, 39.531520901000086 ], [ 2.633474155000044, 39.559271552000027 ], [ 2.655284050000092, 39.564724026000079 ], [ 2.681651238000086, 39.558661200000074 ], [ 2.715098504000083, 39.543524481000077 ], [ 2.743500196000071, 39.523382880000042 ], [ 2.754893425000091, 39.502630927000041 ], [ 2.739512566000087, 39.478298244000086 ], [ 2.736582879000082, 39.462103583000037 ], [ 2.751231316000087, 39.454779364000046 ], [ 2.761729363000086, 39.400213934000078 ], [ 2.786631707000083, 39.375921942000033 ], [ 2.825450066000087, 39.36359284100007 ], [ 2.912608269000089, 39.358669338000084 ], [ 2.922373894000089, 39.359727281000055 ], [ 2.938161655000045, 39.36436595300006 ], [ 2.950043165000068, 39.365505276000079 ], [ 2.958832227000074, 39.36322663000005 ], [ 2.974457227000073, 39.353461005000042 ], [ 2.984222852000074, 39.351141669000086 ], [ 2.991384311000047, 39.347276109000063 ], [ 2.994639519000089, 39.337958075000074 ], [ 2.996755405000045, 39.326971747000073 ], [ 3.00131269600007, 39.317694403000075 ], [ 3.007334832000083, 39.313747463000084 ], [ 3.022959832000084, 39.308172919000086 ], [ 3.029307488000086, 39.30463288000005 ], [ 3.056651238000085, 39.27297597900008 ], [ 3.060801629000082, 39.269069729000073 ], [ 3.06999759200005, 39.271755276000079 ], [ 3.07911217500009, 39.27688222900008 ], [ 3.083262566000088, 39.280096747000073 ], [ 3.090993686000048, 39.290065822000088 ], [ 3.12940514400009, 39.315741278000083 ], [ 3.221039259000065, 39.359890041000085 ], [ 3.252614780000044, 39.38617584800005 ], [ 3.268809441000087, 39.427557684000064 ], [ 3.272715691000088, 39.424750067000055 ], [ 3.282481316000087, 39.420111395000049 ], [ 3.291758660000085, 39.475775458000044 ], [ 3.323252800000092, 39.523871161000059 ], [ 3.365407748000051, 39.563055731000077 ], [ 3.406016472000091, 39.591986395000063 ], [ 3.398692254000081, 39.60773346600007 ], [ 3.401866082000084, 39.623236395000049 ], [ 3.413096550000091, 39.63507721600007 ], [ 3.429942254000082, 39.639837958000044 ], [ 3.443207227000073, 39.645778713000084 ], [ 3.453868035000085, 39.65969472900008 ], [ 3.467539910000085, 39.687567450000074 ], [ 3.461436394000089, 39.700059312000064 ], [ 3.464366082000083, 39.706406968000053 ], [ 3.470550977000073, 39.710313218000067 ], [ 3.474375847000091, 39.715521552000048 ], [ 3.472666863000085, 39.723578192000041 ], [ 3.469411655000045, 39.731065171000068 ], [ 3.46851647200009, 39.739325262000079 ], [ 3.47437584700009, 39.749701239000046 ], [ 3.439789259000065, 39.75197988500009 ], [ 3.383148634000065, 39.777940171000068 ], [ 3.35450280000009, 39.784369208000044 ], [ 3.340342644000089, 39.778998114000053 ] ] ], [ [ [ 4.298024936000047, 39.941961981000077 ], [ 4.285899285000085, 39.944606838000084 ], [ 4.270111524000072, 39.943752346000053 ], [ 4.254567905000044, 39.949693101000037 ], [ 4.272390170000051, 39.955349026000079 ], [ 4.273366733000046, 39.96995677300005 ], [ 4.264903191000087, 39.986395575000074 ], [ 4.254567905000044, 39.997463283000059 ], [ 4.247487826000052, 40.000392971000053 ], [ 4.232676629000082, 40.002712307000081 ], [ 4.227224155000046, 40.004909572000095 ], [ 4.216888868000068, 40.012600002000056 ], [ 4.212494337000066, 40.017238674000041 ], [ 4.20671634200005, 40.024807033000059 ], [ 4.178640170000051, 40.038845119000086 ], [ 4.172618035000085, 40.045925197000081 ], [ 4.176524285000085, 40.059230861000067 ], [ 4.170502149000072, 40.064601955000064 ], [ 4.16382897200009, 40.060573635000083 ], [ 4.16578209700009, 40.045925197000074 ], [ 4.15593509200005, 40.034654039000088 ], [ 4.148529493000069, 40.027818101000037 ], [ 4.14226321700005, 40.024807033000059 ], [ 4.135427280000044, 40.028225002000056 ], [ 4.134857618000069, 40.035711981000077 ], [ 4.136973504000082, 40.043036200000088 ], [ 4.139089389000049, 40.045925197000088 ], [ 4.116791212000066, 40.059637762000079 ], [ 4.107839389000048, 40.067613023000035 ], [ 4.105072462000066, 40.079413153000075 ], [ 4.094330274000072, 40.074733791000078 ], [ 4.077565951000055, 40.064276434000078 ], [ 4.063405795000051, 40.059556382000046 ], [ 4.052012566000087, 40.058172919000071 ], [ 4.011892123000053, 40.059556382000046 ], [ 3.915456576000054, 40.051988023000042 ], [ 3.891530795000052, 40.059556382000046 ], [ 3.821869337000067, 40.047634182000081 ], [ 3.809499545000051, 40.035386460000055 ], [ 3.807058139000048, 40.023260809000078 ], [ 3.803151889000047, 40.018133856000077 ], [ 3.803396030000044, 40.013169664000095 ], [ 3.812917514000048, 40.001206773000035 ], [ 3.822032097000091, 39.995143947000088 ], [ 3.842377149000071, 39.989406643000052 ], [ 3.850515170000051, 39.983872789000088 ], [ 3.839121941000087, 39.975572007000039 ], [ 3.835703972000091, 39.962429104000087 ], [ 3.834890170000052, 39.94798411700009 ], [ 3.830658399000071, 39.936061916000092 ], [ 3.869313998000051, 39.925523179000045 ], [ 3.941335483000046, 39.936753648000035 ], [ 3.981374545000052, 39.936061916000092 ], [ 4.015065951000054, 39.925767320000041 ], [ 4.177175326000054, 39.843329169000079 ], [ 4.248138868000069, 39.81647370000006 ], [ 4.300059441000087, 39.821763414000088 ], [ 4.302907748000052, 39.887600002000049 ], [ 4.311778191000087, 39.884182033000059 ], [ 4.319753451000052, 39.87921784100007 ], [ 4.326263868000069, 39.873439846000053 ], [ 4.330332879000082, 39.867173570000034 ], [ 4.337087436000046, 39.867173570000034 ], [ 4.328786655000044, 39.88344961100006 ], [ 4.307302280000046, 39.910549221000061 ], [ 4.302907748000052, 39.925523179000045 ], [ 4.298024936000047, 39.941961981000077 ] ] ], [ [ [ 2.980582428000049, 39.18556043100007 ], [ 2.940424231000065, 39.17193037800007 ], [ 2.913614193000058, 39.15196267500005 ], [ 2.930866760000072, 39.118175889000042 ], [ 2.962154470000087, 39.116062235000086 ], [ 2.982307966000064, 39.139183508000094 ], [ 2.985366533000047, 39.166176140000061 ], [ 2.980582428000049, 39.18556043100007 ] ] ] ] } },
{ "type": "Feature", "properties": { "region": "Canarias", "wind_mw": 620.1, "area_km2": 7446.0926782569531, "wind_mw_per_1000km2": 83.278576670248825 }, "geometry": { "type": "MultiPolygon", "coordinates": [ [ [ [ -17.968617316999939, 27.832220770000049 ], [ -17.989857550999943, 27.823716539000088 ], [ -17.994130011999914, 27.818752346000053 ], [ -17.995350714999915, 27.80805084800005 ], [ -18.003244594999959, 27.798814195000091 ], [ -18.041981574999902, 27.765204169000071 ], [ -18.056792772999927, 27.75649648600006 ], [ -18.097767706999946, 27.765366929000038 ], [ -18.140492316999939, 27.768784898000035 ], [ -18.167225714999915, 27.757554429000038 ], [ -18.160389777999914, 27.722357489000053 ], [ -18.146636522999927, 27.708563544000071 ], [ -18.126942511999914, 27.700262762000079 ], [ -18.053130662999941, 27.691229559000082 ], [ -18.039784308999913, 27.681341864000046 ], [ -18.030669725999928, 27.667873440000051 ], [ -18.015777147999927, 27.653469143000052 ], [ -17.994130011999914, 27.642238674000055 ], [ -17.979481574999909, 27.642523505000042 ], [ -17.971302863999938, 27.654364325000074 ], [ -17.968617316999939, 27.677679755000042 ], [ -17.96524003799993, 27.686997789000088 ], [ -17.957753058999913, 27.69399648600006 ], [ -17.950306769999933, 27.699530341000074 ], [ -17.946929490999935, 27.704657294000068 ], [ -17.945139126999951, 27.710760809000078 ], [ -17.940663214999919, 27.713690497000076 ], [ -17.935129360999952, 27.71564362200008 ], [ -17.930165167999917, 27.718654690000051 ], [ -17.926909959999932, 27.724351304000038 ], [ -17.926909959999929, 27.730373440000051 ], [ -17.927601691999936, 27.736517645000049 ], [ -17.92642167899993, 27.74282461100006 ], [ -17.885121222999942, 27.797919012000079 ], [ -17.879261847999942, 27.814520575000074 ], [ -17.884022589999919, 27.82758209800005 ], [ -17.896473761999914, 27.840318101000037 ], [ -17.914051886999918, 27.849554755000046 ], [ -17.933949347999942, 27.85203685100004 ], [ -17.968617316999939, 27.832220770000049 ] ] ], [ [ [ -17.338816928999908, 28.171047137000073 ], [ -17.343376510999917, 28.133356288000073 ], [ -17.343220901999928, 28.097660414000075 ], [ -17.310073186999947, 28.053473574000069 ], [ -17.257887594999943, 28.024569541000062 ], [ -17.232705541999902, 28.019106132000047 ], [ -17.207110520999951, 28.026693299000048 ], [ -17.18497531099996, 28.031619039000077 ], [ -17.163186525999951, 28.045013603000086 ], [ -17.133525170999917, 28.069778589000066 ], [ -17.113937354999912, 28.080967118000046 ], [ -17.09841969699994, 28.100763585000038 ], [ -17.104279473999952, 28.123035265000055 ], [ -17.116118943999929, 28.146226304000038 ], [ -17.170399542999913, 28.181097723000043 ], [ -17.212721082999899, 28.205449330000079 ], [ -17.259173290999911, 28.21771663800007 ], [ -17.309673192999931, 28.20711735500004 ], [ -17.338816928999908, 28.171047137000073 ] ] ], [ [ [ -16.427966321999918, 28.16768590300007 ], [ -16.419232876999956, 28.211382738000054 ], [ -16.386773159999905, 28.264989735000086 ], [ -16.380015986999922, 28.288342115000034 ], [ -16.371000227999954, 28.297118609000051 ], [ -16.361332216999926, 28.304423457000041 ], [ -16.35810622799994, 28.314630928000042 ], [ -16.360577139999911, 28.324581066000064 ], [ -16.366106515999945, 28.341425299000036 ], [ -16.365771928999948, 28.362455298000043 ], [ -16.355513648999931, 28.381149772000072 ], [ -16.341633609999917, 28.391334892000089 ], [ -16.32389560799993, 28.397469471000072 ], [ -16.296135933999949, 28.417762461000052 ], [ -16.268671852999944, 28.443315981000069 ], [ -16.248014738999931, 28.461122820000071 ], [ -16.231391362999943, 28.488415548000038 ], [ -16.157397776999915, 28.524482834000086 ], [ -16.127070471999957, 28.543818502000079 ], [ -16.117746548999946, 28.572088934000078 ], [ -16.141346808999913, 28.58344147300005 ], [ -16.202707485999952, 28.564032294000071 ], [ -16.30016028599994, 28.566636460000037 ], [ -16.316395636999907, 28.572088934000078 ], [ -16.322743292999917, 28.553452867000093 ], [ -16.341053839999915, 28.546576239000046 ], [ -16.363352016999954, 28.543036200000074 ], [ -16.381214972999942, 28.534247137000079 ], [ -16.389393683999913, 28.52875397300005 ], [ -16.408273891999954, 28.51984284100007 ], [ -16.411976691999939, 28.513739325000074 ], [ -16.41429602799991, 28.499212958000044 ], [ -16.420399542999917, 28.490627346000053 ], [ -16.439930792999917, 28.475246486000067 ], [ -16.486903533999907, 28.438273596000041 ], [ -16.507135176999952, 28.424134052000053 ], [ -16.528187628999945, 28.422105210000041 ], [ -16.538929816999939, 28.417873440000054 ], [ -16.564478885999904, 28.415335341000063 ], [ -16.584633967999935, 28.401099510000051 ], [ -16.604406380999933, 28.399666977000038 ], [ -16.644398566999943, 28.396429755000046 ], [ -16.664179502999957, 28.400726786000067 ], [ -16.687189944999943, 28.392780067000047 ], [ -16.719619392999963, 28.383261875000073 ], [ -16.74156653599994, 28.373480536000045 ], [ -16.770130988999941, 28.366278387000087 ], [ -16.782541469999956, 28.366034247000073 ], [ -16.794178839999915, 28.369126695000091 ], [ -16.817766410999923, 28.383563112000051 ], [ -16.837439856999936, 28.391082809000068 ], [ -16.891935291999921, 28.368656446000056 ], [ -16.916058089999922, 28.354969806000042 ], [ -16.906605597999938, 28.335150458000051 ], [ -16.873402472999949, 28.305243231000077 ], [ -16.861195441999939, 28.281887111000053 ], [ -16.847238735999952, 28.262518622000076 ], [ -16.84398352799991, 28.253078518000052 ], [ -16.837147589999919, 28.208970445000102 ], [ -16.82681230399993, 28.195746161000049 ], [ -16.810536261999921, 28.181870835000044 ], [ -16.795399542999917, 28.165269273000035 ], [ -16.788685675999947, 28.143784898000035 ], [ -16.780629035999937, 28.127875067000048 ], [ -16.741607225999935, 28.093817450000074 ], [ -16.727894660999937, 28.078599351000037 ], [ -16.725941535999937, 28.071478583000044 ], [ -16.724110480999911, 28.052679755000042 ], [ -16.721058722999945, 28.044501044000079 ], [ -16.713246222999942, 28.038275458000044 ], [ -16.704090949999909, 28.034979559000078 ], [ -16.705751978999956, 28.023000334000081 ], [ -16.703551699999934, 28.013683183000069 ], [ -16.692683274999922, 27.99984694200009 ], [ -16.676339731999924, 27.997096487000086 ], [ -16.657439618999945, 28.003653684000081 ], [ -16.634421504999921, 28.011656512000059 ], [ -16.579710212999942, 28.030332462000047 ], [ -16.545765753999948, 28.023993231000073 ], [ -16.536327270999948, 28.036474285000054 ], [ -16.521546654999952, 28.057573086000048 ], [ -16.456776495999918, 28.115464585000041 ], [ -16.441029425999943, 28.132757880000046 ], [ -16.427695488999912, 28.149669540000041 ], [ -16.427966321999918, 28.16768590300007 ] ] ], [ [ [ -17.76500403599994, 28.829413153000075 ], [ -17.78148352799991, 28.84227122600003 ], [ -17.801380988999938, 28.849310614000043 ], [ -17.841664191999939, 28.835435289000085 ], [ -17.865834113999938, 28.840643622000073 ], [ -17.890534539999919, 28.843945767000037 ], [ -17.911145077999947, 28.855619032000035 ], [ -17.936350063999953, 28.840318101000037 ], [ -17.970692511999918, 28.81321849200009 ], [ -17.996815558999913, 28.780096747000073 ], [ -18.0021866529999, 28.749579169000071 ], [ -17.992298956999946, 28.738592841000074 ], [ -17.976144985999952, 28.728176174000058 ], [ -17.971413903999917, 28.712563172000049 ], [ -17.967145670999912, 28.696735831000073 ], [ -17.963098057999957, 28.671488781000054 ], [ -17.92483835399992, 28.618339006000049 ], [ -17.919289367999916, 28.596303282000068 ], [ -17.898589853999912, 28.571648749000079 ], [ -17.891166430999931, 28.555651122000093 ], [ -17.879687701999963, 28.543712542000037 ], [ -17.872153170999923, 28.494426209000039 ], [ -17.865122056999951, 28.475381034000073 ], [ -17.842884894999937, 28.465033270000049 ], [ -17.837066209999932, 28.45538971600007 ], [ -17.830881313999953, 28.45538971600007 ], [ -17.821685350999928, 28.475816148000046 ], [ -17.80329779699991, 28.50945607500006 ], [ -17.783340290999945, 28.548595946000042 ], [ -17.759856402999958, 28.576821003000077 ], [ -17.753660395999933, 28.603026217000036 ], [ -17.745604195999931, 28.621886961000087 ], [ -17.757532133999916, 28.657676527000039 ], [ -17.765253519999931, 28.677548591000065 ], [ -17.751099500999942, 28.699983927000059 ], [ -17.721044159999906, 28.730643804000071 ], [ -17.721882904999923, 28.749028849000076 ], [ -17.741438084999906, 28.757911764000088 ], [ -17.750602426999933, 28.774762657000053 ], [ -17.757801886999914, 28.798651434000075 ], [ -17.755767381999931, 28.818508205000043 ], [ -17.76500403599994, 28.829413153000075 ] ] ], [ [ [ -15.399647589999923, 28.042669989000053 ], [ -15.403920050999943, 28.056301174000055 ], [ -15.406239386999912, 28.068060614000053 ], [ -15.408558722999944, 28.074896552000041 ], [ -15.414947068999933, 28.114488023000042 ], [ -15.415638800999945, 28.141506252000056 ], [ -15.408558722999944, 28.153753973000054 ], [ -15.400135870999918, 28.157212632000039 ], [ -15.399891730999911, 28.165025132000032 ], [ -15.405262824999911, 28.177923895000056 ], [ -15.409291144999939, 28.179754950000078 ], [ -15.438710089999915, 28.174872137000079 ], [ -15.435047980999913, 28.140936591000077 ], [ -15.45872962099992, 28.134222723000043 ], [ -15.521311001999946, 28.147528387000083 ], [ -15.597035285999933, 28.147528387000083 ], [ -15.650786912999935, 28.163885809000085 ], [ -15.665272589999915, 28.160549221000053 ], [ -15.674427863999938, 28.165269273000035 ], [ -15.684396938999953, 28.167629299000055 ], [ -15.695057745999918, 28.168198960000034 ], [ -15.706206834999932, 28.167385158000059 ], [ -15.700062628999945, 28.152899481000077 ], [ -15.698109503999945, 28.133042710000041 ], [ -15.702137824999907, 28.115057684000078 ], [ -15.713693813999955, 28.105902411000052 ], [ -15.708363410999935, 28.081935940000051 ], [ -15.725209113999941, 28.056870835000048 ], [ -15.749826626999948, 28.035956122000073 ], [ -15.767689581999946, 28.023993231000073 ], [ -15.806996222999942, 28.005031643000052 ], [ -15.816070115999933, 27.996039130000042 ], [ -15.820627407999952, 27.984076239000046 ], [ -15.82176673099991, 27.968329169000068 ], [ -15.82005774599992, 27.952866929000045 ], [ -15.816070115999933, 27.941473700000074 ], [ -15.821197068999938, 27.921779690000058 ], [ -15.815052863999938, 27.901271877000056 ], [ -15.786000128999945, 27.844224351000037 ], [ -15.781971808999911, 27.838446356000077 ], [ -15.772816535999938, 27.831976630000042 ], [ -15.751861131999933, 27.821356512000079 ], [ -15.747873501999946, 27.814520575000074 ], [ -15.73965410099993, 27.804348049000051 ], [ -15.685699022999927, 27.763332424000055 ], [ -15.669545050999943, 27.757147528000075 ], [ -15.650502081999948, 27.753119208000051 ], [ -15.607248501999949, 27.750311591000074 ], [ -15.597727016999954, 27.746283270000049 ], [ -15.588246222999949, 27.73891836100006 ], [ -15.577951626999948, 27.734361070000098 ], [ -15.566029425999943, 27.739406643000052 ], [ -15.539662238999943, 27.765611070000091 ], [ -15.534901495999918, 27.766424872000073 ], [ -15.523426886999914, 27.771673895000049 ], [ -15.453033006999931, 27.791245835000034 ], [ -15.43919837099992, 27.802679755000046 ], [ -15.406971808999913, 27.838324286000045 ], [ -15.394683397999927, 27.845892645000049 ], [ -15.377837693999936, 27.85228099200009 ], [ -15.375965949999916, 27.867580471000053 ], [ -15.382720506999931, 27.88548411700009 ], [ -15.391590949999909, 27.899847723000054 ], [ -15.381906704999949, 27.921210028000079 ], [ -15.374623175999943, 27.929877020000056 ], [ -15.363636847999937, 27.934637762000079 ], [ -15.36363684799994, 27.941473700000074 ], [ -15.376698370999916, 27.957505601000037 ], [ -15.374134894999941, 27.975490627000056 ], [ -15.366281704999951, 27.993475653000083 ], [ -15.363636847999944, 28.009711005000042 ], [ -15.367583787999934, 28.015814520000049 ], [ -15.383452928999931, 28.024318752000056 ], [ -15.391590949999909, 28.030218817000048 ], [ -15.399647589999923, 28.042669989000053 ] ] ], [ [ [ -13.989491339999917, 28.72687409100007 ], [ -13.999908006999934, 28.716742255000042 ], [ -14.005279100999932, 28.703599351000037 ], [ -14.010121222999945, 28.667466539000095 ], [ -14.024566209999936, 28.637111721000057 ], [ -14.036122199999909, 28.587388414000095 ], [ -14.075550910999937, 28.536118882000043 ], [ -14.09829667899993, 28.486639716000074 ], [ -14.127919074999912, 28.443589585000048 ], [ -14.140858527999907, 28.434881903000075 ], [ -14.146392381999927, 28.423325914000085 ], [ -14.171294725999932, 28.352362372000073 ], [ -14.193226691999939, 28.321844794000071 ], [ -14.201893683999913, 28.303900458000047 ], [ -14.20738684799994, 28.254380601000037 ], [ -14.21353105399993, 28.234930731000073 ], [ -14.224436001999948, 28.218573309000082 ], [ -14.240142381999936, 28.201564846000061 ], [ -14.270130988999941, 28.175970770000049 ], [ -14.341175910999937, 28.134507554000045 ], [ -14.398915167999919, 28.111232815000051 ], [ -14.436024542999917, 28.100531317000051 ], [ -14.455555792999917, 28.099107164000092 ], [ -14.489735480999913, 28.104315497000069 ], [ -14.496896938999953, 28.102525132000046 ], [ -14.496449347999942, 28.09853750200006 ], [ -14.499256964999915, 28.086574611000056 ], [ -14.503407355999911, 28.07477448100007 ], [ -14.507069464999917, 28.071193752000056 ], [ -14.494862433999915, 28.067816473000054 ], [ -14.428618943999933, 28.071193752000053 ], [ -14.408314581999948, 28.066961981000077 ], [ -14.369007941999937, 28.050767320000091 ], [ -14.34316972599993, 28.050685940000051 ], [ -14.30134029899995, 28.067857164000088 ], [ -14.271392381999929, 28.096136786000038 ], [ -14.244536912999934, 28.12921784100007 ], [ -14.212228969999961, 28.160549221000061 ], [ -14.191639777999914, 28.170843817000048 ], [ -14.152007615999935, 28.179999091000063 ], [ -14.11856035099993, 28.200506903000075 ], [ -14.072580532999954, 28.212836005000042 ], [ -13.966786261999914, 28.227972723000054 ], [ -13.933705206999946, 28.244208075000067 ], [ -13.911284959999936, 28.277248440000051 ], [ -13.900217251999948, 28.31110260600007 ], [ -13.89207923099991, 28.328192450000067 ], [ -13.875152147999925, 28.34906647300005 ], [ -13.871815558999916, 28.357977606000077 ], [ -13.870106574999909, 28.367743231000077 ], [ -13.869618292999917, 28.376898505000042 ], [ -13.865712042999919, 28.382879950000074 ], [ -13.847767706999946, 28.397406317000048 ], [ -13.842925584999932, 28.406927802000041 ], [ -13.844349738999938, 28.414292710000041 ], [ -13.853627081999946, 28.428412177000045 ], [ -13.856556769999941, 28.434881903000075 ], [ -13.85773678299995, 28.445502020000049 ], [ -13.856556769999939, 28.478989976000037 ], [ -13.852935350999928, 28.492743231000084 ], [ -13.835194464999915, 28.530747789000088 ], [ -13.828684048999946, 28.551581122000073 ], [ -13.821156378999946, 28.636664130000046 ], [ -13.824370897999927, 28.681789455000054 ], [ -13.835519985999952, 28.71548086100006 ], [ -13.864572719999954, 28.744208075000071 ], [ -13.89867102799991, 28.753892320000091 ], [ -13.935414191999939, 28.749497789000081 ], [ -13.972645636999914, 28.735907294000071 ], [ -13.989491339999917, 28.72687409100007 ] ] ], [ [ [ -13.495472785999938, 29.22508372600004 ], [ -13.503163214999919, 29.208156643000052 ], [ -13.513986782999954, 29.174750067000048 ], [ -13.526112433999909, 29.150295315000051 ], [ -13.537220831999942, 29.138251044000071 ], [ -13.551177537999932, 29.134222723000047 ], [ -13.602365688999958, 29.134263414000088 ], [ -13.618275519999937, 29.132391669000075 ], [ -13.636830206999942, 29.126939195000091 ], [ -13.65648352799991, 29.116034247000069 ], [ -13.690174933999915, 29.090887762000083 ], [ -13.708892381999929, 29.086004950000074 ], [ -13.731434699999905, 29.084662177000041 ], [ -13.750559048999946, 29.08063385600008 ], [ -13.766835089999915, 29.074042059000078 ], [ -13.780873175999943, 29.064886786000045 ], [ -13.798491990999938, 29.048081773000039 ], [ -13.832102016999951, 29.000392971000057 ], [ -13.835072394999941, 28.987209377000056 ], [ -13.839100714999917, 28.937892971000053 ], [ -13.842925584999934, 28.921535549000069 ], [ -13.853423631999931, 28.904974677000041 ], [ -13.861927863999938, 28.897406317000044 ], [ -13.873036261999914, 28.894232489000046 ], [ -13.876332160999937, 28.888820705000057 ], [ -13.873646613999938, 28.876857815000051 ], [ -13.867298956999949, 28.864894924000058 ], [ -13.85968990799995, 28.859442450000085 ], [ -13.812123175999947, 28.85907623900005 ], [ -13.791493292999917, 28.853461005000042 ], [ -13.78087317599994, 28.839585679000034 ], [ -13.774647589999917, 28.839585679000034 ], [ -13.757191535999938, 28.870306708000054 ], [ -13.73607337099992, 28.896470445000091 ], [ -13.70929928299995, 28.914699611000064 ], [ -13.67438717399995, 28.921535549000055 ], [ -13.65843665299991, 28.922593492000093 ], [ -13.635487433999911, 28.927232164000088 ], [ -13.619781053999933, 28.928371486000064 ], [ -13.607574022999929, 28.932603257000039 ], [ -13.599720831999946, 28.94204336100006 ], [ -13.589955206999942, 28.951361395000049 ], [ -13.543039516999954, 28.961737372000069 ], [ -13.510487433999909, 28.977484442000048 ], [ -13.482045050999947, 28.99945709800005 ], [ -13.465565558999913, 29.02391185100004 ], [ -13.46458899599992, 29.032171942000048 ], [ -13.466216600999932, 29.049750067000048 ], [ -13.465565558999916, 29.058050848000054 ], [ -13.462269660999933, 29.065741278000075 ], [ -13.453846808999913, 29.078924872000073 ], [ -13.451893683999909, 29.086004950000074 ], [ -13.454009568999936, 29.104071356000077 ], [ -13.459136522999929, 29.118597723000054 ], [ -13.462391730999911, 29.132147528000075 ], [ -13.458729620999922, 29.147406317000055 ], [ -13.438791469999956, 29.159002997000076 ], [ -13.431507941999939, 29.172430731000077 ], [ -13.427601691999939, 29.188706773000032 ], [ -13.417795376999951, 29.20892975500005 ], [ -13.446603969999954, 29.23297760600007 ], [ -13.46540279899995, 29.243312893000056 ], [ -13.482980923999948, 29.23993561400005 ], [ -13.495472785999938, 29.22508372600004 ] ] ], [ [ [ -13.508168097999942, 29.289455471000053 ], [ -13.517933722999938, 29.273504950000074 ], [ -13.525746222999945, 29.251206773000035 ], [ -13.54124915299991, 29.23680247600004 ], [ -13.54124915299991, 29.22939687700006 ], [ -13.517079230999915, 29.226263739000043 ], [ -13.492014126999948, 29.242661851000037 ], [ -13.477894660999937, 29.266262111000064 ], [ -13.486683722999942, 29.284613348000054 ], [ -13.508168097999942, 29.289455471000053 ] ] ] ] } },
{ "type": "Feature", "properties": { "region": "Cantabria", "wind_mw": 35.3, "area_km2": 5338.0402530916608, "wind_mw_per_1000km2": 6.6129137897667807 }, "geometry": { "type": "MultiPolygon", "coordinates": [ [ [ [ -4.514370083412643, 43.39649872493618 ], [ -4.513259040272487, 43.384354762961891 ], [ -4.521966519139538, 43.370634670753418 ], [ -4.534446376998688, 43.354614976999592 ], [ -4.537314419325015, 43.348310452465405 ], [ -4.535144008988823, 43.342264309450293 ], [ -4.530880702682283, 43.338233548039796 ], [ -4.521863166352034, 43.319965929583994 ], [ -4.518710903185649, 43.305987454057743 ], [ -4.520364548684995, 43.296220607994655 ], [ -4.5235426502731, 43.287900701855904 ], [ -4.529821336385567, 43.281699531008556 ], [ -4.537159389694068, 43.277203680705263 ], [ -4.545169236571041, 43.275808416725063 ], [ -4.551163702742713, 43.279167385466451 ], [ -4.556796433708485, 43.290562039506483 ], [ -4.563540207814356, 43.29420522728941 ], [ -4.581885342434589, 43.297357490455795 ], [ -4.592608202006945, 43.298158474334116 ], [ -4.602220018439084, 43.296840724719623 ], [ -4.617412888993613, 43.289864407516347 ], [ -4.624285855208086, 43.284128322863808 ], [ -4.628704189346875, 43.278547267842093 ], [ -4.633690965165897, 43.275705063937558 ], [ -4.643173591288189, 43.272191067363849 ], [ -4.663947515965105, 43.270744127439514 ], [ -4.673636846763089, 43.271105861746094 ], [ -4.682783576101144, 43.272501125726365 ], [ -4.693118862045878, 43.271881008102014 ], [ -4.703609177621444, 43.269503893090189 ], [ -4.715675625229949, 43.264697984424409 ], [ -4.721540900192396, 43.25870351825273 ], [ -4.723633796162744, 43.251985582568587 ], [ -4.721127489042373, 43.238239651039052 ], [ -4.723246221635806, 43.231392524145633 ], [ -4.724641485616075, 43.224493720408873 ], [ -4.725313280083811, 43.216432196688508 ], [ -4.727948778413406, 43.207750556243134 ], [ -4.734537522888388, 43.196898505461654 ], [ -4.74267656097453, 43.192144272739995 ], [ -4.751849127834987, 43.191937568064304 ], [ -4.770917731068437, 43.19493480070048 ], [ -4.780400356291409, 43.193617051985314 ], [ -4.790012172723607, 43.191110744864943 ], [ -4.819726121163569, 43.187596747391986 ], [ -4.831870083137858, 43.188681952110358 ], [ -4.836030035757574, 43.135093491771215 ], [ -4.833549567058867, 43.123931383526497 ], [ -4.827890997671432, 43.108066718504233 ], [ -4.820759649937884, 43.100676988352291 ], [ -4.811380378401736, 43.094811713389838 ], [ -4.770452643075034, 43.078636990005066 ], [ -4.764458176903362, 43.071608995059037 ], [ -4.758515386675754, 43.06228139946699 ], [ -4.738723313929824, 43.048096218365743 ], [ -4.734744229362718, 43.04140412020395 ], [ -4.726863572795651, 43.015927638749531 ], [ -4.70583126480102, 43.015720934073848 ], [ -4.689604864572857, 43.019596665853442 ], [ -4.639116990556658, 43.019777533906051 ], [ -4.601238165608891, 43.025539456080992 ], [ -4.565607266262361, 43.023239854535632 ], [ -4.552378098670317, 43.023937486525782 ], [ -4.518710903185649, 43.037709256477001 ], [ -4.505662603646272, 43.039414577920411 ], [ -4.490857305820043, 43.039595445073701 ], [ -4.481245490287165, 43.042541001765819 ], [ -4.462874518144531, 43.050938422270349 ], [ -4.446028001191338, 43.050860907904557 ], [ -4.433961553582833, 43.048018703999958 ], [ -4.409647793011231, 43.038329373201975 ], [ -4.400811122935012, 43.033290921438834 ], [ -4.38109656365549, 43.008615423862693 ], [ -4.377401699029178, 43.001251533031791 ], [ -4.376445684620649, 42.999701240319951 ], [ -4.370425380926576, 42.99277659816147 ], [ -4.356550259087214, 42.985412706431248 ], [ -4.254127570231162, 42.957636624330753 ], [ -4.239916550708244, 42.950246894178804 ], [ -4.237591111640484, 42.943425604807771 ], [ -4.237901170002999, 42.936294257074287 ], [ -4.23888302193393, 42.92921458618418 ], [ -4.236738450918779, 42.915158596292144 ], [ -4.231829188566224, 42.901076768877772 ], [ -4.230072191178692, 42.893867905879127 ], [ -4.229452073554341, 42.886633206257443 ], [ -4.22730750163987, 42.879734402520626 ], [ -4.226739060858961, 42.872060452427888 ], [ -4.225111252882017, 42.865445867732618 ], [ -4.224516973679386, 42.859373888094424 ], [ -4.223483445804391, 42.855420641049704 ], [ -4.221390549834041, 42.850201321233953 ], [ -4.215964525342599, 42.845292059780718 ], [ -4.208652309556443, 42.842734076716219 ], [ -4.20131425624794, 42.842346503088606 ], [ -4.196637538791378, 42.844051826330698 ], [ -4.183821784148051, 42.852345893148424 ], [ -4.174494187656649, 42.857022609705666 ], [ -4.150154587764008, 42.862190253577296 ], [ -4.141162888956161, 42.858831284835901 ], [ -4.134444953272008, 42.853508613131964 ], [ -4.132713791608183, 42.846118882980022 ], [ -4.135530157990388, 42.839504299184057 ], [ -4.141627976949565, 42.8345433617867 ], [ -4.15023210302917, 42.831597805094589 ], [ -4.159404669889625, 42.831055202735392 ], [ -4.177362229982919, 42.826843574171562 ], [ -4.184674444869757, 42.823484605430167 ], [ -4.187671678405252, 42.817671007311105 ], [ -4.185242885650666, 42.811960761080236 ], [ -4.178214890704623, 42.806224677326945 ], [ -4.158577846690264, 42.79351227547113 ], [ -4.147054002340326, 42.790515041935635 ], [ -4.120440640223363, 42.788964749223794 ], [ -4.110389574219482, 42.785967515688313 ], [ -4.101475388878102, 42.781006578290956 ], [ -4.096126877853122, 42.776200670524467 ], [ -4.085765754386046, 42.763126533462767 ], [ -4.047163459026422, 42.770102851565291 ], [ -4.018896449611475, 42.816301580853235 ], [ -4.011041632365448, 42.820771592734786 ], [ -4.00277340307008, 42.823587958217672 ], [ -4.000344611214871, 42.821107490418342 ], [ -3.999104376865489, 42.81542308170981 ], [ -3.998251716143784, 42.792685452271769 ], [ -3.99739905362344, 42.785941677266578 ], [ -4.000189581583925, 42.769792792303519 ], [ -3.96520463738409, 42.762506414939082 ], [ -3.94902991399937, 42.764418442856815 ], [ -3.929418708406673, 42.768965969104158 ], [ -3.917403936742289, 42.77346181940743 ], [ -3.883039110166806, 42.797129624832273 ], [ -3.865469122801812, 42.79981679910599 ], [ -3.830897589751999, 42.79986847594936 ], [ -3.821389126107306, 42.803950914203313 ], [ -3.815756395141534, 42.810048733162489 ], [ -3.814722866367219, 42.81697337532097 ], [ -3.815601366409964, 42.823717149426898 ], [ -3.818081834209295, 42.828600572458413 ], [ -3.825549078727023, 42.839349270452445 ], [ -3.827797004328318, 42.847152410855074 ], [ -3.826815150598746, 42.857539374542455 ], [ -3.827564460331587, 42.865497545475307 ], [ -3.831388516167124, 42.87231883394702 ], [ -3.839682582984836, 42.87578115547592 ], [ -3.849914517041326, 42.876633816197618 ], [ -3.86208431563864, 42.872008775584504 ], [ -3.869370693003078, 42.864799913485172 ], [ -3.877199672726704, 42.855265611418815 ], [ -3.885312873290502, 42.851234850008325 ], [ -3.893891160049009, 42.851389878739894 ], [ -3.900996670260156, 42.855368964206313 ], [ -3.904639858043026, 42.861544298430601 ], [ -3.905208298823936, 42.868649806843109 ], [ -3.909239061133747, 42.880277004879872 ], [ -3.906422694751598, 42.885392971008805 ], [ -3.90047990632263, 42.889630438893619 ], [ -3.899833950276617, 42.894539700346854 ], [ -3.898154466355549, 42.898570461757409 ], [ -3.869680752264912, 42.899991563260016 ], [ -3.839475877409825, 42.914176744361228 ], [ -3.834101527963127, 42.921566474513156 ], [ -3.836246099877599, 42.927870999047343 ], [ -3.841749639634146, 42.934433905999938 ], [ -3.848519253061113, 42.940996812952505 ], [ -3.855883144791334, 42.945751043875546 ], [ -3.864642299602452, 42.947921454211723 ], [ -3.873323940047783, 42.946216131868994 ], [ -3.881333786924756, 42.94386485437952 ], [ -3.886320562743777, 42.938361313723654 ], [ -3.894821336035818, 42.925597235923703 ], [ -3.901952683769366, 42.920377916107903 ], [ -3.927790900429728, 42.908828233336294 ], [ -3.946110194829657, 42.90435822235407 ], [ -3.956161260833538, 42.90456492792908 ], [ -3.965773078165059, 42.907252102202747 ], [ -3.974248013035377, 42.912161362756649 ], [ -3.98065589035707, 42.918491725712556 ], [ -3.984790004555066, 42.925829779920385 ], [ -3.985100062917581, 42.933141994807215 ], [ -3.983627284571526, 42.94032501938409 ], [ -3.960708787080876, 42.987428087136493 ], [ -3.952621425838117, 42.999236152326546 ], [ -3.951148646592799, 43.000631415407504 ], [ -3.943293830246091, 43.004972236079816 ], [ -3.934973924107339, 43.007633571931763 ], [ -3.916628791285689, 43.016496080429761 ], [ -3.896139084750984, 43.033187567752002 ], [ -3.88024858220632, 43.039905504335536 ], [ -3.864952357964966, 43.043471177752622 ], [ -3.854901291961086, 43.047656968794065 ], [ -3.842679815621011, 43.057320462069647 ], [ -3.838804083841409, 43.067087307233408 ], [ -3.83802893658617, 43.07602733009719 ], [ -3.838287319004564, 43.084657293699138 ], [ -3.831724412051984, 43.088377996747113 ], [ -3.823068610028316, 43.090341702407613 ], [ -3.813224249599444, 43.090858466345146 ], [ -3.784647182721301, 43.089101467158969 ], [ -3.775293747808235, 43.090393378351685 ], [ -3.766224534634602, 43.093442287831301 ], [ -3.751005824759034, 43.103338325103621 ], [ -3.732815720669009, 43.110857245565391 ], [ -3.721111009165725, 43.11804027014233 ], [ -3.706202357652671, 43.129719143223845 ], [ -3.682327846652811, 43.153386949548064 ], [ -3.662148200279205, 43.169303290514442 ], [ -3.647807990446438, 43.176176255829546 ], [ -3.636697557246464, 43.177054754972922 ], [ -3.627783371905084, 43.17431590385587 ], [ -3.612022060569644, 43.16532420504803 ], [ -3.603779669695996, 43.161758530731561 ], [ -3.574349941196829, 43.158657945307873 ], [ -3.546082932681202, 43.152999375920444 ], [ -3.519030320992556, 43.143775133115867 ], [ -3.500065069647235, 43.1407003852146 ], [ -3.481668259982201, 43.141863105198134 ], [ -3.452005988385679, 43.138865872561958 ], [ -3.423790655814116, 43.140622869949482 ], [ -3.425651006888472, 43.15312856712967 ], [ -3.433118252305519, 43.173980007071634 ], [ -3.43776913134036, 43.181137193226846 ], [ -3.440947231129827, 43.188061835385383 ], [ -3.441463995966671, 43.19514150717481 ], [ -3.44004289356468, 43.202143662799749 ], [ -3.440327114404796, 43.209869289735934 ], [ -3.441722378385066, 43.217310695831941 ], [ -3.445029670283078, 43.224235337990422 ], [ -3.44164486311996, 43.23330455206343 ], [ -3.430896165125943, 43.243458970854817 ], [ -3.347154506775097, 43.287590644392701 ], [ -3.33581152957845, 43.295290432007789 ], [ -3.322944098091682, 43.300096341572896 ], [ -3.261035731613732, 43.296763211253179 ], [ -3.235197515852691, 43.299088650320925 ], [ -3.212899135986333, 43.293197536936759 ], [ -3.203545701972586, 43.292293199371599 ], [ -3.160240850734681, 43.307796129187977 ], [ -3.153910487778774, 43.315030828809661 ], [ -3.149543829584104, 43.324435940566168 ], [ -3.150499843992634, 43.353684801012726 ], [ -3.150601676019187, 43.360154508954992 ], [ -3.150868292999917, 43.360215562000064 ], [ -3.176909959999932, 43.366237697000095 ], [ -3.200021938999954, 43.385524807000081 ], [ -3.210519985999952, 43.389837958000058 ], [ -3.223540818999936, 43.391628322000095 ], [ -3.268950975999927, 43.404120184000064 ], [ -3.33031165299991, 43.410345770000056 ], [ -3.37804114499994, 43.422552802000041 ], [ -3.392486131999931, 43.424587307000095 ], [ -3.422230597999942, 43.418076890000059 ], [ -3.43618730399993, 43.419012762000065 ], [ -3.447010870999918, 43.430772203000053 ], [ -3.461089647999926, 43.412461656000062 ], [ -3.470448370999919, 43.416774807000081 ], [ -3.481800910999936, 43.42804596600007 ], [ -3.501698370999919, 43.430772203000068 ], [ -3.485829230999911, 43.437567450000074 ], [ -3.477772589999916, 43.443060614000046 ], [ -3.474354620999918, 43.448797919000071 ], [ -3.470041469999956, 43.454169012000079 ], [ -3.460601365999935, 43.452215887000079 ], [ -3.451161261999914, 43.447699286000045 ], [ -3.447010870999918, 43.445095119000086 ], [ -3.438872850999928, 43.446559963000077 ], [ -3.432606574999909, 43.445420640000073 ], [ -3.428618943999936, 43.446844794000057 ], [ -3.427154100999929, 43.455633856000077 ], [ -3.428293423999946, 43.461737372000073 ], [ -3.431507941999939, 43.466864325000074 ], [ -3.43663489499994, 43.470485744000086 ], [ -3.505360480999911, 43.479193427000041 ], [ -3.514719204999949, 43.483221747000073 ], [ -3.52562415299991, 43.49164459800005 ], [ -3.539051886999915, 43.498968817000048 ], [ -3.556263800999943, 43.499701239000046 ], [ -3.554351365999936, 43.516913153000075 ], [ -3.579416469999956, 43.518255927000048 ], [ -3.656076626999948, 43.500677802000055 ], [ -3.667062954999949, 43.496649481000077 ], [ -3.676991339999915, 43.489447333000044 ], [ -3.688384568999936, 43.48423899900007 ], [ -3.71792558499993, 43.48273346600007 ], [ -3.728871222999942, 43.479193427000041 ], [ -3.721424933999912, 43.471747137000079 ], [ -3.725819464999916, 43.470526434000078 ], [ -3.727162238999938, 43.470526434000078 ], [ -3.728871222999942, 43.465521552000034 ], [ -3.735747850999929, 43.468817450000074 ], [ -3.741525844999956, 43.47024160400008 ], [ -3.755523240999937, 43.471747137000079 ], [ -3.755523240999937, 43.465521552000034 ], [ -3.748890753999945, 43.460720119000079 ], [ -3.743031378999945, 43.451361395000049 ], [ -3.740712042999917, 43.442328192000048 ], [ -3.744984503999944, 43.438259182000081 ], [ -3.75413977799991, 43.440497137000079 ], [ -3.763498501999949, 43.450262762000094 ], [ -3.772287563999953, 43.452500718000081 ], [ -3.776193813999953, 43.449652411000045 ], [ -3.789540167999916, 43.43585846600007 ], [ -3.796498175999943, 43.430772203000053 ], [ -3.81118730399993, 43.425482489000046 ], [ -3.82022050699993, 43.424261786000045 ], [ -3.831288214999916, 43.424587307000081 ], [ -3.831532355999911, 43.429063218000067 ], [ -3.829986131999931, 43.430121161000045 ], [ -3.827259894999941, 43.430039781000062 ], [ -3.823841925999944, 43.430772203000053 ], [ -3.829253709999934, 43.433132229000073 ], [ -3.833851691999939, 43.435899156000062 ], [ -3.844309048999947, 43.445095119000086 ], [ -3.830962693999936, 43.456000067000048 ], [ -3.812652147999928, 43.464870510000083 ], [ -3.769154425999945, 43.479193427000055 ], [ -3.797027147999927, 43.492743231000091 ], [ -3.826730923999946, 43.497015692000055 ], [ -3.856800910999937, 43.492377020000056 ], [ -3.88585364499994, 43.479193427000041 ], [ -3.89085852799991, 43.483710028000083 ], [ -3.893788214999916, 43.484890041000085 ], [ -3.906320766999954, 43.479193427000041 ], [ -3.922718878999945, 43.482611395000056 ], [ -3.940052863999937, 43.477118231000077 ], [ -3.974598761999913, 43.458766994000072 ], [ -3.974598761999915, 43.452500718000067 ], [ -3.965443488999938, 43.446844794000071 ], [ -3.961008266999954, 43.445095119000086 ], [ -3.967152472999943, 43.444199937000064 ], [ -3.971994594999956, 43.444159247000073 ], [ -3.976470506999931, 43.442938544000071 ], [ -3.98143469999991, 43.438259182000081 ], [ -4.005686001999948, 43.450791734000063 ], [ -4.012766079999949, 43.452500718000067 ], [ -4.020904100999928, 43.450384833000044 ], [ -4.022572394999941, 43.445746161000045 ], [ -4.023426886999914, 43.44094472900008 ], [ -4.029204881999932, 43.438259182000095 ], [ -4.073963995999918, 43.438259182000081 ], [ -4.097727016999954, 43.435614325000074 ], [ -4.160959438999954, 43.421169338000084 ], [ -4.188588019999941, 43.40538157800006 ], [ -4.31281490799995, 43.395778713000084 ], [ -4.359364386999914, 43.399684963000084 ], [ -4.368763800999942, 43.396185614000046 ], [ -4.379261847999942, 43.383612372000073 ], [ -4.385568813999953, 43.383612372000073 ], [ -4.404896613999938, 43.396999416000085 ], [ -4.432525193999936, 43.402614651000079 ], [ -4.460804816999939, 43.398708401000079 ], [ -4.481678839999915, 43.383612372000073 ], [ -4.508168097999942, 43.402451890000073 ], [ -4.512318488999938, 43.402736721000061 ], [ -4.513830313924713, 43.402834267007492 ], [ -4.514370083412643, 43.39649872493618 ] ] ], [ [ [ -3.267360201312272, 43.227393998034586 ], [ -3.268909273644056, 43.237589310798064 ], [ -3.286146823017475, 43.256364946385133 ], [ -3.304197361319154, 43.260682573541885 ], [ -3.304241306690983, 43.222153519869032 ], [ -3.299198581349459, 43.216869095432415 ], [ -3.267360201312272, 43.227393998034586 ] ] ] ] } },
{ "type": "Feature", "properties": { "region": "Castilla y León", "wind_mw": 6507.2, "area_km2": 94643.794978782782, "wind_mw_per_1000km2": 68.75463945057129 }, "geometry": { "type": "MultiPolygon", "coordinates": [ [ [ [ -2.63890316365007, 42.774236964864031 ], [ -2.700423957399721, 42.787957057971823 ], [ -2.71502254875162, 42.792995509734965 ], [ -2.726132981951594, 42.795062568182971 ], [ -2.752798020911939, 42.796974596100704 ], [ -2.81659257598659, 42.793977363464535 ], [ -2.827082891562213, 42.791832791550064 ], [ -2.832870653058194, 42.787259425981702 ], [ -2.853541225846925, 42.763694973344343 ], [ -2.868113978777104, 42.751395981739165 ], [ -2.870155198803389, 42.744678046054958 ], [ -2.865323451715938, 42.736280626449734 ], [ -2.840751308725942, 42.717754625575481 ], [ -2.81413794570966, 42.702923489327532 ], [ -2.75243628570604, 42.681839505388837 ], [ -2.684352585903127, 42.670289821717866 ], [ -2.634071418361259, 42.654761054379151 ], [ -2.556918503586076, 42.65336579039888 ], [ -2.550407274376198, 42.651815496787719 ], [ -2.545136277717063, 42.650006822556804 ], [ -2.542759161805862, 42.646208604243675 ], [ -2.538237473980246, 42.643366401238382 ], [ -2.526041836061893, 42.644735825897612 ], [ -2.515267299646155, 42.649309190566669 ], [ -2.512941859679074, 42.653365790398873 ], [ -2.514440477346171, 42.66576813389225 ], [ -2.518290370704052, 42.674527288703359 ], [ -2.519530605053375, 42.680961005346084 ], [ -2.522553677010592, 42.686387030736853 ], [ -2.525783453643498, 42.689487617059861 ], [ -2.532346360596079, 42.688815823491446 ], [ -2.537720710042719, 42.685973618687512 ], [ -2.547099981578924, 42.678067125497421 ], [ -2.553301154224869, 42.675379951223761 ], [ -2.55950232597155, 42.673519599250071 ], [ -2.566065232924188, 42.674527288703359 ], [ -2.572137214360964, 42.677395331029686 ], [ -2.581981573890516, 42.688247381811216 ], [ -2.586839159399688, 42.69253652653947 ], [ -2.592161831103624, 42.696257228688125 ], [ -2.597045254135196, 42.700287990997943 ], [ -2.600791794705573, 42.704370429251867 ], [ -2.600300869189766, 42.709072984230829 ], [ -2.598207974118736, 42.71315542338408 ], [ -2.593117844612834, 42.715894272702492 ], [ -2.580431281178676, 42.718478095088024 ], [ -2.575160285418861, 42.721320298992566 ], [ -2.571284551840621, 42.725247708514928 ], [ -2.561931117826817, 42.739148667876691 ], [ -2.560354986693312, 42.743851222855646 ], [ -2.557771165207101, 42.74824372037137 ], [ -2.556065842864371, 42.756382758457505 ], [ -2.559192266709773, 42.75935415357128 ], [ -2.569501715132049, 42.759095771152886 ], [ -2.578105841211595, 42.760491035133157 ], [ -2.586942511287873, 42.764883530850227 ], [ -2.59270443436219, 42.769250189944273 ], [ -2.596347622145061, 42.77364268746004 ], [ -2.601541104438411, 42.776097316837699 ], [ -2.608129848913393, 42.776614080775175 ], [ -2.616682298149556, 42.774185288919909 ], [ -2.626294114581754, 42.773203436988979 ], [ -2.63890316365007, 42.774236964864031 ] ] ], [ [ [ -6.482128385697166, 41.302991610357729 ], [ -6.495852010999897, 41.294948222000095 ], [ -6.554453083999931, 41.275621237000038 ], [ -6.563496459999897, 41.270711975000019 ], [ -6.62891882399987, 41.269936829000088 ], [ -6.64664383999988, 41.267611390000056 ], [ -6.65821935999992, 41.257844544000129 ], [ -6.693772745999892, 41.217381897000038 ], [ -6.701265828999909, 41.202447408000054 ], [ -6.706950235999955, 41.194334209000061 ], [ -6.742245238999942, 41.171441549000043 ], [ -6.755216023999878, 41.158832500000116 ], [ -6.758988403999892, 41.151752828 ], [ -6.756507934999918, 41.127051494000078 ], [ -6.764776163999954, 41.10886139000003 ], [ -6.804360310999924, 41.064419658000055 ], [ -6.818002888999928, 41.054136048000075 ], [ -6.845288044999933, 41.051913961000068 ], [ -6.90683467599996, 41.056099752000094 ], [ -6.927866983999877, 41.047934876000078 ], [ -6.931794392999963, 41.029124654000057 ], [ -6.94249141499995, 41.015998840000123 ], [ -6.9404243569999, 41.003389791000089 ], [ -6.930605834999938, 40.992072652 ], [ -6.89923824099992, 40.966751201000122 ], [ -6.885182251999879, 40.948922832000065 ], [ -6.863633178999919, 40.908305156000054 ], [ -6.855261596999868, 40.88722117200011 ], [ -6.847045043999914, 40.878901266000064 ], [ -6.83205887799994, 40.875904033000054 ], [ -6.821155151999902, 40.870064596000056 ], [ -6.81619421399995, 40.856835429000064 ], [ -6.820328327999959, 40.844226380000016 ], [ -6.836658080999909, 40.840247294000065 ], [ -6.838053343999889, 40.814925842000079 ], [ -6.836813109999953, 40.808311260000089 ], [ -6.833505818999953, 40.797820943000019 ], [ -6.834539347999937, 40.792239889000101 ], [ -6.837278197999864, 40.786762187000107 ], [ -6.839138549999888, 40.776891989000056 ], [ -6.839138549999888, 40.75751332600008 ], [ -6.836968139999898, 40.743302308000125 ], [ -6.824307413999861, 40.710694478000065 ], [ -6.816245889999948, 40.677156474000036 ], [ -6.814230508999913, 40.659328105 ], [ -6.814282185999928, 40.647184143000104 ], [ -6.821310180999944, 40.630182597000086 ], [ -6.844461222999911, 40.597781474000065 ], [ -6.850455688999944, 40.582226868000049 ], [ -6.848388630999893, 40.564760234000104 ], [ -6.839758666999955, 40.554579976000028 ], [ -6.828544881999903, 40.54553660100008 ], [ -6.818054564999954, 40.531894023000078 ], [ -6.812525186999948, 40.51463409500009 ], [ -6.815315714999912, 40.502541810000096 ], [ -6.838673461999862, 40.47722035800011 ], [ -6.857121948999862, 40.442132060000077 ], [ -6.851282510999881, 40.40952423100002 ], [ -6.828079793999962, 40.38058542900005 ], [ -6.794438435999924, 40.35640085900009 ], [ -6.811956745999908, 40.332319641000034 ], [ -6.820793415999902, 40.325343323000041 ], [ -6.863943236999915, 40.300952047000031 ], [ -6.870196085999908, 40.295526022000061 ], [ -6.873865112999908, 40.287774556000016 ], [ -6.87450909212089, 40.279188166700521 ], [ -6.862185431212709, 40.271754055005594 ], [ -6.844253708641759, 40.255786038095152 ], [ -6.834745245896386, 40.250308335861021 ], [ -6.824513311839894, 40.246355088816301 ], [ -6.814694789832685, 40.244417223376161 ], [ -6.804695399772866, 40.244365546532734 ], [ -6.794385952249911, 40.247905382427462 ], [ -6.785135871023614, 40.248706367205045 ], [ -6.77777197929339, 40.24648428002547 ], [ -6.758780890425783, 40.244830634526132 ], [ -6.726328090868719, 40.258111477162913 ], [ -6.717646450423331, 40.25893830036226 ], [ -6.698707038399107, 40.250850938220196 ], [ -6.68857845713012, 40.249739895080097 ], [ -6.677416347986082, 40.253512274971513 ], [ -6.668398809857195, 40.258163154006354 ], [ -6.655040451955301, 40.262038885785955 ], [ -6.585148077921474, 40.271986599002332 ], [ -6.571014573663661, 40.276534125249668 ], [ -6.562229580430826, 40.281495063546345 ], [ -6.556105923049929, 40.287101956090396 ], [ -6.553186203880213, 40.293871567718668 ], [ -6.552772792730195, 40.300847886720589 ], [ -6.558121303755175, 40.314697171037608 ], [ -6.557966274124283, 40.321570136352705 ], [ -6.553082851992031, 40.327822984043451 ], [ -6.546881680245349, 40.333636583061832 ], [ -6.515539923828442, 40.35242096635448 ], [ -6.507840135313985, 40.355857449461723 ], [ -6.487402105622665, 40.362110297152469 ], [ -6.479831509216808, 40.365546780259706 ], [ -6.442262742631498, 40.375933743047767 ], [ -6.421307949002651, 40.393400376725992 ], [ -6.41280717571061, 40.397431139035803 ], [ -6.402213508246804, 40.400635077246996 ], [ -6.372396206120015, 40.405440985912719 ], [ -6.362732712844434, 40.410401923310076 ], [ -6.357720098603693, 40.417352402990957 ], [ -6.354464484448384, 40.424302883571215 ], [ -6.349503547051087, 40.430607408105409 ], [ -6.342423875261659, 40.436085110339548 ], [ -6.333483853297196, 40.441588650096094 ], [ -6.323148565553878, 40.446317044396039 ], [ -6.305501063823043, 40.448745836251298 ], [ -6.292581956392155, 40.451691392943417 ], [ -6.280205451320512, 40.455980535872989 ], [ -6.246228196574007, 40.475255846480081 ], [ -6.236693895406973, 40.479441637521518 ], [ -6.224110683860999, 40.480320135765623 ], [ -6.206669887705177, 40.477555447126186 ], [ -6.172899339433004, 40.460915635747995 ], [ -6.162589891010668, 40.454481920004582 ], [ -6.146518521312715, 40.441304430155313 ], [ -6.137139247977926, 40.437532050263883 ], [ -6.117967291956973, 40.433811347215851 ], [ -6.116416999245132, 40.427403468994896 ], [ -6.115822720042502, 40.421253974091599 ], [ -6.107735357900482, 40.415517890338322 ], [ -6.095591395926192, 40.410608628885093 ], [ -6.074610764775001, 40.40474335392264 ], [ -6.06913306344012, 40.400169990152904 ], [ -6.069107225018456, 40.396294257473983 ], [ -6.075075852768408, 40.38869782174703 ], [ -6.075618455127598, 40.384718736280604 ], [ -6.078408983088083, 40.380739650814235 ], [ -6.082336391711124, 40.376657213459623 ], [ -6.084248419628864, 40.372936510411598 ], [ -6.086625534640746, 40.365081692266244 ], [ -6.089571092232121, 40.361154282743939 ], [ -6.096263190393927, 40.357562770905147 ], [ -6.093162604070928, 40.353687039125546 ], [ -6.080036790165765, 40.348390204044676 ], [ -6.045077684387648, 40.337693182894043 ], [ -6.023011846719386, 40.327771308099386 ], [ -6.009524299406906, 40.319244697284944 ], [ -6.001204393268155, 40.311519070348837 ], [ -5.987613491369531, 40.303225003531054 ], [ -5.951543340652676, 40.289143175217362 ], [ -5.92555009616001, 40.281495063546345 ], [ -5.912450119777191, 40.280745754712775 ], [ -5.903690964966076, 40.28425975218579 ], [ -5.896456265344399, 40.289995835939074 ], [ -5.891805386309557, 40.296894640575196 ], [ -5.888213873571431, 40.304361884193554 ], [ -5.885810920137886, 40.311286526352099 ], [ -5.881805996249739, 40.317487698098773 ], [ -5.875062222143869, 40.32167348914021 ], [ -5.867620815148484, 40.324929104194787 ], [ -5.83408281087304, 40.332215481559217 ], [ -5.813334722819206, 40.340845445161172 ], [ -5.804162156858069, 40.342964179553235 ], [ -5.794989589997613, 40.341827297991365 ], [ -5.785377772666095, 40.331647039878987 ], [ -5.781579556151598, 40.323352973061219 ], [ -5.780752732952295, 40.315058906243507 ], [ -5.783000657654213, 40.308082587241586 ], [ -5.79181148930877, 40.296041978954115 ], [ -5.789796107704205, 40.290460923932464 ], [ -5.783646612800963, 40.286145942581186 ], [ -5.762433437653043, 40.284414780917359 ], [ -5.727732713394006, 40.293974921405493 ], [ -5.686908331754127, 40.281495063546345 ], [ -5.65858964729438, 40.265940456886547 ], [ -5.627041185302459, 40.244003811326813 ], [ -5.603812629449294, 40.219405829015791 ], [ -5.5777418687922, 40.207778631878334 ], [ -5.539811367000993, 40.197443345933664 ], [ -5.500718146125564, 40.198373521021153 ], [ -5.494516974378882, 40.199252021063899 ], [ -5.486300421926956, 40.201344916134943 ], [ -5.478135545419094, 40.204212958461255 ], [ -5.464544644419788, 40.214806626824327 ], [ -5.457800869414598, 40.221111152257834 ], [ -5.423591070671364, 40.243125312183395 ], [ -5.373077358233502, 40.254416612536602 ], [ -5.354603034202682, 40.255165921370185 ], [ -5.349797126436273, 40.251031806272806 ], [ -5.350029670432946, 40.245450751251155 ], [ -5.361036749946038, 40.22488353124993 ], [ -5.363775601063139, 40.217442125153923 ], [ -5.364705776150688, 40.209690659796088 ], [ -5.3615018379395, 40.164835516745654 ], [ -5.354060430944115, 40.151425482899697 ], [ -5.3491770079126, 40.145198472731288 ], [ -5.345378791398105, 40.137602037004406 ], [ -5.327963832764682, 40.115897936340673 ], [ -5.230321214152696, 40.106466987061765 ], [ -5.201950852849564, 40.096183377061159 ], [ -5.190582038130573, 40.089439602055961 ], [ -5.166785040597176, 40.088819485330994 ], [ -5.150661994055782, 40.091610012392152 ], [ -5.141179368832809, 40.094788113080938 ], [ -5.135029873030248, 40.098663844860539 ], [ -5.131231654717112, 40.10253957843878 ], [ -5.089812994773923, 40.126284898229471 ], [ -5.08585974772916, 40.130729071689302 ], [ -5.077384812858838, 40.138583888935329 ], [ -5.069633348400317, 40.143544827231949 ], [ -5.057851120732664, 40.148557441472747 ], [ -5.032322964233401, 40.154810289163493 ], [ -5.021290046298589, 40.155172024369392 ], [ -5.014546271293398, 40.150882880540507 ], [ -5.00788001065399, 40.122486680815641 ], [ -5.003099941309245, 40.117086492947294 ], [ -4.988630540267252, 40.114037584366997 ], [ -4.96617713076995, 40.117861640202534 ], [ -4.951656052884516, 40.12277090075645 ], [ -4.929977789743191, 40.134501451580718 ], [ -4.922407192438016, 40.140289212177386 ], [ -4.918040534243288, 40.146722927021415 ], [ -4.914087287198527, 40.154138494695758 ], [ -4.912201096803187, 40.161631578534539 ], [ -4.903493617936135, 40.173956406762727 ], [ -4.893158331991458, 40.181216945705444 ], [ -4.875898402988923, 40.189640203732381 ], [ -4.865459764256742, 40.196823229208633 ], [ -4.843161382591744, 40.2065900743724 ], [ -4.826960821684565, 40.217648830728926 ], [ -4.815023566184664, 40.229844469546606 ], [ -4.81282731832607, 40.239042873929463 ], [ -4.811819627074158, 40.24705272080638 ], [ -4.806316087317612, 40.260953681067519 ], [ -4.800760870717625, 40.265656236046411 ], [ -4.779935269197322, 40.265320340161551 ], [ -4.732909714911443, 40.270410467868778 ], [ -4.710792202198377, 40.275836493259533 ], [ -4.700043504204359, 40.275603950162122 ], [ -4.694927537176112, 40.269531968725346 ], [ -4.695831874741259, 40.26229726820435 ], [ -4.693894009301118, 40.254700833376717 ], [ -4.691336025337307, 40.247776191218236 ], [ -4.686891851877476, 40.224263414524955 ], [ -4.68407548729391, 40.217080389948023 ], [ -4.678985357788065, 40.211344306194754 ], [ -4.672009039685463, 40.206745104003346 ], [ -4.652604538768458, 40.199949653054034 ], [ -4.63937537297511, 40.197081610727707 ], [ -4.62547441181465, 40.19759837556456 ], [ -4.602426724014094, 40.202249253700074 ], [ -4.571885952374828, 40.212016099763161 ], [ -4.558140020845315, 40.229172675078871 ], [ -4.549716762818377, 40.263124091403654 ], [ -4.536978521641458, 40.283536281773934 ], [ -4.531578334672417, 40.289298203948931 ], [ -4.529821336385567, 40.296662096578473 ], [ -4.531423305940849, 40.304568589768564 ], [ -4.536616787334879, 40.317461860576373 ], [ -4.538037888837495, 40.325032456982292 ], [ -4.53762447768753, 40.334075833532886 ], [ -4.532146776352647, 40.338416653305899 ], [ -4.524989590197436, 40.338985094086809 ], [ -4.518064948038956, 40.334566759048649 ], [ -4.506928677316637, 40.321802680349379 ], [ -4.501089239876533, 40.317901109248794 ], [ -4.496360845576589, 40.316454169324459 ], [ -4.479281784626664, 40.317616889307999 ], [ -4.469463262619457, 40.320097358006649 ], [ -4.45762935990706, 40.326221015387546 ], [ -4.450032925079427, 40.335367742926962 ], [ -4.44029191743806, 40.350198880074231 ], [ -4.436519538445964, 40.359603990032099 ], [ -4.434891729569699, 40.36691620491888 ], [ -4.434736700838073, 40.372548936783971 ], [ -4.431481085783503, 40.389317939371381 ], [ -4.427398646630251, 40.395105699068715 ], [ -4.418794520550705, 40.402495429220664 ], [ -4.413368496059261, 40.405906073906181 ], [ -4.407270677100087, 40.408464056970615 ], [ -4.401224534984294, 40.409549261689051 ], [ -4.394480759979103, 40.40892914496402 ], [ -4.386419237158066, 40.407378852252187 ], [ -4.38073482934891, 40.40567352990945 ], [ -4.374947068752249, 40.40471751640024 ], [ -4.370502896191738, 40.405053412285099 ], [ -4.363319870715486, 40.40776642498048 ], [ -4.334975347834018, 40.409420071379152 ], [ -4.324820929042632, 40.413269964737097 ], [ -4.323709885902531, 40.418515122974505 ], [ -4.328722500143272, 40.432571112866526 ], [ -4.32063513800125, 40.454378567217077 ], [ -4.316707729378209, 40.46254344282562 ], [ -4.315234951032152, 40.46926138030841 ], [ -4.316397671015692, 40.475979315992618 ], [ -4.318748949404494, 40.482490546101815 ], [ -4.318258022090048, 40.494686184020154 ], [ -4.316940273374939, 40.500163886254313 ], [ -4.317250331737455, 40.505021470864165 ], [ -4.318748949404494, 40.510705877774008 ], [ -4.318283861411089, 40.525278632502875 ], [ -4.319214035599259, 40.533727728951533 ], [ -4.318981493401225, 40.544037177373809 ], [ -4.312082688765088, 40.553545641018502 ], [ -4.304667121090802, 40.55910085671912 ], [ -4.297174038151354, 40.56295075097637 ], [ -4.293298306371754, 40.565947984511865 ], [ -4.290507778411268, 40.569358629197382 ], [ -4.288621588915191, 40.572950141036131 ], [ -4.284461636295476, 40.584138089501209 ], [ -4.283996548302071, 40.591114406704492 ], [ -4.284384121030369, 40.597987372019574 ], [ -4.286683721676411, 40.605377102171531 ], [ -4.290197720048752, 40.612456773061588 ], [ -4.290301072836257, 40.621629339922094 ], [ -4.285960252163932, 40.626771145372068 ], [ -4.278880581273826, 40.627572130149645 ], [ -4.273480394304784, 40.623334662264824 ], [ -4.266349045671916, 40.611423245186586 ], [ -4.259760301196934, 40.607134101357644 ], [ -4.251182012639788, 40.604446926184657 ], [ -4.242086961044436, 40.602793280685319 ], [ -4.223173387441874, 40.605454617436649 ], [ -4.205551724132761, 40.611164862768184 ], [ -4.195009730814434, 40.61318024347343 ], [ -4.184364385607921, 40.616358344162222 ], [ -4.173951585297459, 40.622869575170746 ], [ -4.171290249445464, 40.629897569217405 ], [ -4.171031867027068, 40.644909573517971 ], [ -4.168241339965903, 40.660929267271854 ], [ -4.168189663122462, 40.66759552701194 ], [ -4.161290859385645, 40.687310086291404 ], [ -4.132739630929223, 40.719220283489278 ], [ -4.128863898250302, 40.725473131180024 ], [ -4.090106574159051, 40.76913971582519 ], [ -4.079642096105886, 40.776451930712028 ], [ -4.0598500233599, 40.784125881704036 ], [ -4.047473517388937, 40.783970852073139 ], [ -4.036311408244899, 40.782317206573794 ], [ -4.027836473374578, 40.77960419387842 ], [ -4.018741420879905, 40.779371649881739 ], [ -3.995848760911598, 40.783014838563936 ], [ -3.990112677158323, 40.78456513127577 ], [ -3.984092372564931, 40.788725083895486 ], [ -3.98024247920705, 40.796631577984897 ], [ -3.975746628903835, 40.80365957293094 ], [ -3.968615282069606, 40.818284002704573 ], [ -3.966444870834152, 40.8256478953341 ], [ -3.965437181380821, 40.840427353839296 ], [ -3.963654343772931, 40.848023790465561 ], [ -3.959365199944045, 40.855981961398356 ], [ -3.952931484200633, 40.865206204202948 ], [ -3.949908413142737, 40.873086859870682 ], [ -3.949598353880959, 40.880579941910767 ], [ -3.953060675409857, 40.894300035018595 ], [ -3.951071133126277, 40.901379705908653 ], [ -3.947893032437491, 40.908278510544797 ], [ -3.93479305695405, 40.92615855627237 ], [ -3.919884406340315, 40.940240382787408 ], [ -3.911512824257443, 40.950265611268946 ], [ -3.902081874978535, 40.958533840564264 ], [ -3.891875780243083, 40.964838365098437 ], [ -3.805731166659996, 40.987265937073275 ], [ -3.79622270301536, 40.991451728114725 ], [ -3.787127651420007, 40.996774399818662 ], [ -3.773485072677943, 41.013000800046882 ], [ -3.768472459336523, 41.020623074195498 ], [ -3.762529670008292, 41.028064480291505 ], [ -3.752762823945204, 41.04302480684936 ], [ -3.74302181630378, 41.051758124138075 ], [ -3.727906460115037, 41.061990058194624 ], [ -3.684911668138966, 41.084701850110264 ], [ -3.665429652856176, 41.099972235929897 ], [ -3.647627122393772, 41.117413032085722 ], [ -3.64147762659121, 41.124621894185047 ], [ -3.633829514920194, 41.131959947493556 ], [ -3.623881801703817, 41.139401354488875 ], [ -3.592204149401994, 41.154077460206622 ], [ -3.545772874318687, 41.161751410299303 ], [ -3.527918667012898, 41.160046087956573 ], [ -3.519624600195129, 41.162216498292764 ], [ -3.442109951113366, 41.206529038983945 ], [ -3.41921729204438, 41.210714830025388 ], [ -3.411310797954968, 41.213608709874052 ], [ -3.408752813991157, 41.221799424803578 ], [ -3.406194830926722, 41.237173163410716 ], [ -3.406530727710901, 41.244046128725813 ], [ -3.411104092379957, 41.250609036577771 ], [ -3.416400925662175, 41.256396796275126 ], [ -3.419759894403626, 41.261202704041523 ], [ -3.416891852077299, 41.264096584789513 ], [ -3.389710049179429, 41.255569973075751 ], [ -3.339764776623155, 41.253554592370506 ], [ -3.291085577737249, 41.260685940104054 ], [ -3.279871791749826, 41.266008612707317 ], [ -3.249175991378934, 41.266628730331604 ], [ -3.219823778144871, 41.293035386873555 ], [ -3.19879147015024, 41.301200263381411 ], [ -3.083811408169936, 41.280762233690098 ], [ -3.048903978335943, 41.280917263321044 ], [ -2.982267217558047, 41.287247626276894 ], [ -2.959994676113411, 41.291433417318338 ], [ -2.944000819881922, 41.299081528989348 ], [ -2.94092607287996, 41.305205187269564 ], [ -2.93570675306421, 41.310915431701801 ], [ -2.929815639680044, 41.316289781148441 ], [ -2.921133999234712, 41.319648748990573 ], [ -2.909713506772903, 41.322129217689231 ], [ -2.89715613364865, 41.321405748176687 ], [ -2.879637824026361, 41.314584458805712 ], [ -2.87426347457972, 41.307530626337325 ], [ -2.871472948417819, 41.29993418971106 ], [ -2.869767625175768, 41.292725328511096 ], [ -2.863850674269202, 41.278746852984852 ], [ -2.855763312127181, 41.272700710869074 ], [ -2.844084438146297, 41.267920641524377 ], [ -2.805895554836014, 41.259936632169804 ], [ -2.781297573424296, 41.261047675309953 ], [ -2.770057949015154, 41.265543524713834 ], [ -2.760988734942146, 41.270556138954646 ], [ -2.751816168981009, 41.273940945218442 ], [ -2.741351690927786, 41.274225165159237 ], [ -2.728096685813397, 41.272778225234894 ], [ -2.720138515779865, 41.265956935863869 ], [ -2.715125902438444, 41.259032293705388 ], [ -2.709234788154959, 41.252521064495518 ], [ -2.698124354955041, 41.247973538248175 ], [ -2.680218471705132, 41.243736070363354 ], [ -2.655801357446705, 41.240945543302132 ], [ -2.639471605330357, 41.234873561865356 ], [ -2.631410080710679, 41.228362331756159 ], [ -2.625906540954134, 41.222652086424603 ], [ -2.618258429283117, 41.220094103360168 ], [ -2.609525111994344, 41.221876939169363 ], [ -2.599913295562145, 41.222574571159498 ], [ -2.59192928710695, 41.221980291956868 ], [ -2.585986496879343, 41.215520737791792 ], [ -2.58859615678722, 41.209965522091139 ], [ -2.593350388609565, 41.203583482291833 ], [ -2.608362392910123, 41.195573635414917 ], [ -2.610041876831134, 41.19169790273601 ], [ -2.602161221163442, 41.186659450972861 ], [ -2.584823777795122, 41.179398912030138 ], [ -2.579501105191865, 41.172370917084152 ], [ -2.580224574704346, 41.165756334187449 ], [ -2.588854539205614, 41.154852607461862 ], [ -2.586322393663523, 41.14958161080267 ], [ -2.578235033320141, 41.146377671692171 ], [ -2.567176276064288, 41.14555084939218 ], [ -2.55087236236966, 41.150382595580311 ], [ -2.540795457044737, 41.154852607461869 ], [ -2.532062139755964, 41.157229723373007 ], [ -2.522786221007322, 41.152630520282287 ], [ -2.517902797975751, 41.146170966117168 ], [ -2.513717006934315, 41.139091295227047 ], [ -2.51149491975474, 41.132580064218594 ], [ -2.508135951912664, 41.127515774033732 ], [ -2.505603807269893, 41.124725246972559 ], [ -2.500384486554821, 41.12193471901206 ], [ -2.488137172692348, 41.117232164033112 ], [ -2.481445075429917, 41.113821520246915 ], [ -2.477491828385155, 41.107904568441086 ], [ -2.471884934941783, 41.093461004921437 ], [ -2.467621628635244, 41.086071274769495 ], [ -2.460386929013566, 41.079740911813587 ], [ -2.449715745385333, 41.074599107262941 ], [ -2.422482265644078, 41.065426541301804 ], [ -2.409201423007289, 41.064987290830793 ], [ -2.376516078554175, 41.077570502376773 ], [ -2.364475470266768, 41.080671087800454 ], [ -2.352409022658265, 41.077958076004407 ], [ -2.344580043833958, 41.073178005760326 ], [ -2.326880866159058, 41.065245673249194 ], [ -2.313315801782835, 41.063798733324859 ], [ -2.288356086064539, 41.067519436372891 ], [ -2.273266567398195, 41.071291816264313 ], [ -2.260554164642997, 41.076046048086653 ], [ -2.249056158714779, 41.083539130126731 ], [ -2.237041387949716, 41.088965156416805 ], [ -2.219109666278086, 41.091109728331276 ], [ -2.196475388728231, 41.088396714736568 ], [ -2.187070277871044, 41.088810125886603 ], [ -2.177613491069792, 41.090670477860215 ], [ -2.145186529934392, 41.114389960128563 ], [ -2.137099167792371, 41.118317368751548 ], [ -2.128960129706229, 41.116457018576511 ], [ -2.123146531587166, 41.111470241858171 ], [ -2.115860155122049, 41.106328437307525 ], [ -2.09121049596763, 41.094442856852311 ], [ -2.084389206596597, 41.089688625929334 ], [ -2.079299078889392, 41.083797512545125 ], [ -2.072942878411141, 41.078888251091882 ], [ -2.065268927419083, 41.076872870386637 ], [ -2.059377814034917, 41.079456691872799 ], [ -2.05728491896383, 41.084986070051059 ], [ -2.060075446024996, 41.091135565853676 ], [ -2.061780768367782, 41.109997464411435 ], [ -2.05265987835071, 41.135525620910641 ], [ -2.05322831913162, 41.15035675715859 ], [ -2.061806605890183, 41.158624986453958 ], [ -2.083743252349223, 41.171879991568346 ], [ -2.09234737842877, 41.174825548260408 ], [ -2.101752489285957, 41.176970120174872 ], [ -2.111286789553731, 41.176866767387367 ], [ -2.129657761696365, 41.179166368033407 ], [ -2.13823605025351, 41.181465969578824 ], [ -2.145057338725223, 41.18658193570775 ], [ -2.149139776979155, 41.193945828337291 ], [ -2.15133602483769, 41.23128205002655 ], [ -2.159216681404757, 41.269212550918439 ], [ -2.161464606106676, 41.275646267561171 ], [ -2.165417853151439, 41.280943101742707 ], [ -2.173350185662571, 41.294585680484715 ], [ -2.171877407316515, 41.327761949554315 ], [ -2.166244676350743, 41.34595205274502 ], [ -2.159836799029051, 41.353186754165336 ], [ -2.153919847223165, 41.357036648422543 ], [ -2.147072720329788, 41.358897000396226 ], [ -2.140148078171308, 41.362695216910708 ], [ -2.133946906424626, 41.36910309513172 ], [ -2.127952440252898, 41.376751206802737 ], [ -2.122371385231247, 41.399333808408528 ], [ -2.120976121250977, 41.408273831272254 ], [ -2.120769415676023, 41.415999457309105 ], [ -2.119580858170082, 41.423673408301113 ], [ -2.116273566272072, 41.431373195916258 ], [ -2.110950893668815, 41.437884426025391 ], [ -2.09971127015899, 41.442612820325394 ], [ -2.069506395303903, 41.439357205270767 ], [ -2.0521172750922, 41.434990546176721 ], [ -2.045218472254703, 41.430753079191227 ], [ -2.040981004369883, 41.424887804228781 ], [ -2.039353197292257, 41.417678941230129 ], [ -2.039120653295526, 41.410108343924897 ], [ -2.040567593219862, 41.401865953051242 ], [ -2.040825974738937, 41.394734605317751 ], [ -2.037415330053478, 41.388765978467134 ], [ -2.030619880003485, 41.385432848147389 ], [ -2.022196621077227, 41.385381171304005 ], [ -2.014057582991086, 41.388068346476985 ], [ -1.996048346054352, 41.397990221271698 ], [ -1.979847785147172, 41.404940700952579 ], [ -1.970132615927469, 41.407291979341323 ], [ -1.960133225867708, 41.408790595209787 ], [ -1.951787482206555, 41.411658637536043 ], [ -1.945948044766453, 41.415534369315651 ], [ -1.95284684940259, 41.457831529301593 ], [ -1.956179978823002, 41.46682322900881 ], [ -1.961916062576222, 41.473747870267971 ], [ -1.969124924675555, 41.479794013283083 ], [ -1.975274421377435, 41.491136990479731 ], [ -1.978710902686032, 41.507621772226969 ], [ -1.975920375624867, 41.542658393270194 ], [ -1.981940680218202, 41.570796210576646 ], [ -1.987909307968208, 41.575188707193035 ], [ -1.990234747935289, 41.581751614145666 ], [ -1.990777350294479, 41.588547065094922 ], [ -1.988271043174109, 41.595497544775867 ], [ -1.980700445868877, 41.601905422996879 ], [ -1.975145229268946, 41.605212713995513 ], [ -1.969460822359054, 41.607719021115869 ], [ -1.964551560905818, 41.60867503552447 ], [ -1.958582933155867, 41.608726712367869 ], [ -1.95052141033483, 41.605806993198144 ], [ -1.932124599770475, 41.601130275741582 ], [ -1.923520473690927, 41.602990627715258 ], [ -1.917035081104131, 41.607408962753425 ], [ -1.910937262144956, 41.61415273685931 ], [ -1.893961553982536, 41.62944896110065 ], [ -1.874789597961581, 41.636942044040097 ], [ -1.865642868623524, 41.643039862999274 ], [ -1.854299893225516, 41.65260000348735 ], [ -1.844352179109763, 41.656863307995245 ], [ -1.834301113105881, 41.658232734453136 ], [ -1.824973516614535, 41.658026027978806 ], [ -1.815878465019182, 41.66166921576167 ], [ -1.807326015783019, 41.670428372371475 ], [ -1.799419520794231, 41.687171536537164 ], [ -1.792701585110081, 41.696886704857548 ], [ -1.788179897284465, 41.705749213355489 ], [ -1.785544398954869, 41.719288438410672 ], [ -1.79595720106397, 41.7287452261113 ], [ -1.802649299225777, 41.731819973113254 ], [ -1.808540411710624, 41.73750438092241 ], [ -1.810788337311919, 41.744919949496008 ], [ -1.818901536077022, 41.757813219404511 ], [ -1.83546383308942, 41.777036852268907 ], [ -1.842465989613742, 41.783134671228083 ], [ -1.845850795877539, 41.790731106055659 ], [ -1.842672695188753, 41.799567776131937 ], [ -1.83182064530655, 41.814295558693061 ], [ -1.825903692601344, 41.820574245704847 ], [ -1.821562872828338, 41.827834785546877 ], [ -1.817764655414521, 41.836051337099491 ], [ -1.815826789075061, 41.844216214506673 ], [ -1.816033493750751, 41.851683458125081 ], [ -1.836884934592092, 41.874085190778892 ], [ -1.851586879630816, 41.906150418506975 ], [ -1.857736375433376, 41.954803778971211 ], [ -1.896519537946347, 41.938784085217321 ], [ -1.904710251976553, 41.934004014973311 ], [ -1.922461107394213, 41.925735784778624 ], [ -1.932512173398095, 41.922557684989158 ], [ -1.943855149695423, 41.920464789018752 ], [ -1.967884691225549, 41.918449409212826 ], [ -1.977935757229431, 41.920542304283913 ], [ -1.988219367230045, 41.927725327961468 ], [ -1.998270433233927, 41.933513089457506 ], [ -2.023359341060768, 41.941316229860085 ], [ -2.040128342748801, 41.942039700271948 ], [ -2.095215419855776, 41.952736721422525 ], [ -2.105369838647164, 41.957077542094844 ], [ -2.110640835306299, 41.963407905050765 ], [ -2.116118536641181, 41.978109850089488 ], [ -2.117203742258881, 41.984931139460514 ], [ -2.115395067128645, 41.99139069272627 ], [ -2.110485805675409, 41.995886542130158 ], [ -2.106558397052368, 41.998832098822277 ], [ -2.104594692291244, 42.000072333171602 ], [ -2.104052089931998, 42.001312568420246 ], [ -2.104181281141223, 42.003844713063017 ], [ -2.106661749839874, 42.009219062509715 ], [ -2.11663530057865, 42.022034817153042 ], [ -2.140509813377207, 42.036865953400991 ], [ -2.146194220287044, 42.043222153879299 ], [ -2.149449836240933, 42.050766912762811 ], [ -2.150535040959369, 42.058156642914696 ], [ -2.148984748247528, 42.064771226710718 ], [ -2.142886929288352, 42.069732164108068 ], [ -2.135057948665406, 42.072936103218581 ], [ -2.127797409722689, 42.077897039716554 ], [ -2.123224045952953, 42.083684801212598 ], [ -2.122681443593763, 42.090712796158584 ], [ -2.127797409722689, 42.096655585486872 ], [ -2.137874315047611, 42.101564846040787 ], [ -2.153377243964656, 42.104562079576297 ], [ -2.17179989295073, 42.105492255563092 ], [ -2.189679937778919, 42.104071153161158 ], [ -2.245516322820038, 42.089524237753324 ], [ -2.256290859235776, 42.089420884965818 ], [ -2.266135219664648, 42.09515696871911 ], [ -2.272233038623824, 42.101926581246687 ], [ -2.275669520831741, 42.10934214892103 ], [ -2.276315476877756, 42.116654364707131 ], [ -2.27853756315801, 42.123682358753861 ], [ -2.281224738330991, 42.129935208243239 ], [ -2.286650762822433, 42.134120999284676 ], [ -2.296133388944781, 42.137790025489267 ], [ -2.347448086160285, 42.14220836052737 ], [ -2.410467494879015, 42.138565171845187 ], [ -2.437442593101196, 42.131898912105108 ], [ -2.449948289382065, 42.123113918872207 ], [ -2.472634242876041, 42.111409207368965 ], [ -2.481522589795703, 42.108231105780874 ], [ -2.502451545002828, 42.111099148107201 ], [ -2.508394334331058, 42.110349840172944 ], [ -2.511572435019843, 42.105130520357186 ], [ -2.512735155003384, 42.097947495780261 ], [ -2.513613654146809, 42.082496242807323 ], [ -2.515654873273775, 42.068801988121209 ], [ -2.519737310628386, 42.063427639573895 ], [ -2.524982468865858, 42.059965318044988 ], [ -2.530408494256619, 42.056968085408819 ], [ -2.536919725265136, 42.052575588792365 ], [ -2.542113205759847, 42.046426092989812 ], [ -2.546169805592058, 42.038571274844458 ], [ -2.55681515079857, 42.022758287564898 ], [ -2.567951423319529, 42.01009756075382 ], [ -2.570354376753073, 42.004774889049877 ], [ -2.57226640467087, 42.00170014114854 ], [ -2.572938198239286, 42.000149848436713 ], [ -2.590869919910858, 41.999529730812412 ], [ -2.619550339576506, 42.002320257873578 ], [ -2.655620490293416, 42.000692450795952 ], [ -2.660426398059826, 41.999555569234133 ], [ -2.664147101107858, 41.999555569234133 ], [ -2.671846889622259, 42.000459906799222 ], [ -2.690605435392513, 42.011596178420859 ], [ -2.701328294065547, 42.014929307841278 ], [ -2.71370480003651, 42.016789658915627 ], [ -2.729026861800265, 42.016944688546516 ], [ -2.743599615629762, 42.022525743568167 ], [ -2.748483038661334, 42.02877859125897 ], [ -2.747449509886962, 42.036039130201694 ], [ -2.744348923563961, 42.043428860353572 ], [ -2.740473191784361, 42.050715236818689 ], [ -2.737786016611381, 42.057872422973901 ], [ -2.734168667250231, 42.064073594720583 ], [ -2.721094530188452, 42.073711249574501 ], [ -2.715746019163476, 42.07991242132119 ], [ -2.71233537357864, 42.093968411213211 ], [ -2.71256791757537, 42.101254788577592 ], [ -2.714195725552315, 42.108127752993383 ], [ -2.717192959087811, 42.114199734430201 ], [ -2.725202805964727, 42.117765407847287 ], [ -2.735357224756116, 42.120116686236038 ], [ -2.762228970190846, 42.118101305530786 ], [ -2.773933681694075, 42.112468574565021 ], [ -2.785896775615698, 42.10109975804739 ], [ -2.789694993029514, 42.092702338442166 ], [ -2.79504350405449, 42.084950873084324 ], [ -2.79752397275314, 42.077793687828446 ], [ -2.798557502426831, 42.070765692882389 ], [ -2.796438768034705, 42.063686021092963 ], [ -2.796283739303135, 42.056012071000225 ], [ -2.801632249428792, 42.047304592133166 ], [ -2.812846035416214, 42.038054510906932 ], [ -2.840105352679872, 42.025497137782679 ], [ -2.870930345159308, 42.014748439788661 ], [ -2.910178594766364, 42.023430081133313 ], [ -2.91762000176169, 42.057174790983765 ], [ -2.921805792803127, 42.063298448364662 ], [ -2.924234584658336, 42.07019725210148 ], [ -2.928730434961608, 42.077018541472498 ], [ -2.934156460352369, 42.082702949281675 ], [ -2.942217983173407, 42.084873358718482 ], [ -2.95131303476876, 42.085080064293493 ], [ -2.960149704845037, 42.083323066006642 ], [ -2.975032517936369, 42.082082830757997 ], [ -2.990018682915887, 42.082392890019825 ], [ -2.997718472329666, 42.081514390876407 ], [ -3.010844285335509, 42.082134508500758 ], [ -3.026321376730152, 42.087973945041483 ], [ -3.036475796420859, 42.099549465335535 ], [ -3.039860601785334, 42.106551621859865 ], [ -3.044485643297833, 42.113269558443335 ], [ -3.05523434129185, 42.125258490786678 ], [ -3.070711431787175, 42.133190823297809 ], [ -3.077765265154881, 42.137686672701761 ], [ -3.084509040160071, 42.150915839394429 ], [ -3.087144537590348, 42.158563951065453 ], [ -3.120449997869116, 42.196287747281708 ], [ -3.120966762705961, 42.201558743041524 ], [ -3.108693610421767, 42.209465237130985 ], [ -3.10220821783497, 42.217836819213801 ], [ -3.090839403115979, 42.24907522194394 ], [ -3.088772344667973, 42.260444037562259 ], [ -3.087893846423868, 42.269952501206944 ], [ -3.088565639992281, 42.277393907302951 ], [ -3.090167608648244, 42.284757799033173 ], [ -3.093474901445574, 42.291940822710785 ], [ -3.096162074819915, 42.299795640856132 ], [ -3.098099941159376, 42.307753810889665 ], [ -3.097867397162644, 42.325117091780321 ], [ -3.099572720404751, 42.33250682193227 ], [ -3.105463832889598, 42.337648627382237 ], [ -3.109417079934304, 42.343462226400625 ], [ -3.107866787222463, 42.348965766157164 ], [ -3.09781572121858, 42.352608953940035 ], [ -3.078385381879855, 42.355502834688025 ], [ -3.071951667035819, 42.359378567366946 ], [ -3.056035326069435, 42.380281684152365 ], [ -3.056087002013555, 42.388058987032593 ], [ -3.05828324987209, 42.395345364397024 ], [ -3.059290941124061, 42.403613592793015 ], [ -3.058231573928026, 42.425860296715314 ], [ -3.049601610326078, 42.446298326406627 ], [ -3.049214035799139, 42.452344469421689 ], [ -3.052082078125409, 42.459062405105897 ], [ -3.057301397941161, 42.464953518490077 ], [ -3.060066086580662, 42.47146474949858 ], [ -3.065621304079912, 42.476890773990021 ], [ -3.080478277850261, 42.484668076870207 ], [ -3.083191291444961, 42.491463527819512 ], [ -3.080555793115366, 42.499731757114887 ], [ -3.073734503744332, 42.512082423764809 ], [ -3.070711431787175, 42.520970771583805 ], [ -3.070013799797039, 42.529135647192334 ], [ -3.072390915708183, 42.53523346615151 ], [ -3.077842780419985, 42.539755153977126 ], [ -3.085800951352838, 42.540065213238961 ], [ -3.094611782108075, 42.538954169199542 ], [ -3.102595790563271, 42.536163642138376 ], [ -3.110708991127069, 42.536809597285085 ], [ -3.11515316368758, 42.54076284432977 ], [ -3.113887090916535, 42.548410956000794 ], [ -3.083656379438367, 42.57321564388684 ], [ -3.079625617128556, 42.579416816532834 ], [ -3.07350195974766, 42.585669664223587 ], [ -3.066758184742469, 42.591457423920929 ], [ -3.060531174574066, 42.599415594853788 ], [ -3.061151292198359, 42.606521104165616 ], [ -3.064484421618772, 42.613523260689931 ], [ -3.075801561293019, 42.625667223563482 ], [ -3.072106695767388, 42.632075099985855 ], [ -3.056887986791139, 42.637294419801606 ], [ -3.014151577233519, 42.640885932539732 ], [ -2.948651698916763, 42.635149847887135 ], [ -2.933381313097128, 42.630188910489771 ], [ -2.906716274136727, 42.626261501866807 ], [ -2.837314825618705, 42.644115709172652 ], [ -2.841707323134471, 42.655820421575186 ], [ -2.852456021128489, 42.665406398686351 ], [ -2.917930060124206, 42.705791530754539 ], [ -2.943354864735227, 42.714343979990652 ], [ -2.968676316558799, 42.737753403896477 ], [ -2.984127570431041, 42.743127753343124 ], [ -3.003196173664491, 42.75323049619044 ], [ -3.031437343758399, 42.772738348995581 ], [ -3.063502569687842, 42.785295722119884 ], [ -3.093991665383043, 42.774443671338368 ], [ -3.119571498725691, 42.768707586685764 ], [ -3.123860642554632, 42.770051173822594 ], [ -3.13631466289138, 42.769896145091025 ], [ -3.132232224637448, 42.777389228030415 ], [ -3.1290024480046, 42.786251736528413 ], [ -3.134454311817023, 42.793228053731681 ], [ -3.141585658651252, 42.797956448031655 ], [ -3.147735155353132, 42.803692531784918 ], [ -3.151869268651808, 42.810152085949994 ], [ -3.151197475982713, 42.817593492046008 ], [ -3.147683477610428, 42.825396633347907 ], [ -3.141301438710456, 42.834698391417589 ], [ -3.130216843932203, 42.845214545414933 ], [ -3.119313117206616, 42.858314520898375 ], [ -3.112543503779705, 42.868262234114809 ], [ -3.110424771186274, 42.87960521131145 ], [ -3.114222987700714, 42.886917426198238 ], [ -3.121225145124355, 42.89032807088374 ], [ -3.130216843932204, 42.888622748540982 ], [ -3.144221156980791, 42.873533229874631 ], [ -3.151481695923565, 42.868107205383183 ], [ -3.15907813165046, 42.864619046331882 ], [ -3.178120897361509, 42.865239163056913 ], [ -3.187551845741097, 42.863714707867473 ], [ -3.19569088382724, 42.860329902502997 ], [ -3.202718878773226, 42.855058905843805 ], [ -3.207369756908746, 42.848857734097123 ], [ -3.210909592803489, 42.842863267925452 ], [ -3.209979416816623, 42.837282212903801 ], [ -3.211917284055403, 42.83206289308805 ], [ -3.217394985390285, 42.829737454020282 ], [ -3.224293789127103, 42.831830349091319 ], [ -3.231450975282314, 42.83588694892353 ], [ -3.261810878868971, 42.864929103795077 ], [ -3.275918544705064, 42.87469594985815 ], [ -3.2800784982241, 42.880354519245657 ], [ -3.279096646293226, 42.887201646139033 ], [ -3.275453456711659, 42.89391958272256 ], [ -3.270259976216948, 42.900947576769227 ], [ -3.256023118272311, 42.912264716443474 ], [ -3.244421758657268, 42.924615383093446 ], [ -3.239977586096757, 42.931565864572981 ], [ -3.233182135147444, 42.938154609047956 ], [ -3.224112921973757, 42.943787340013735 ], [ -3.188326992097018, 42.946732895806463 ], [ -3.175950487025375, 42.945079251206437 ], [ -3.166054449753063, 42.942857164026861 ], [ -3.157450323673515, 42.939343167453217 ], [ -3.151197475982712, 42.934278876369035 ], [ -3.146494920104488, 42.921256415251321 ], [ -3.141043057191326, 42.916088772279011 ], [ -3.13305904783681, 42.913039862799401 ], [ -3.123912319398016, 42.910766100575074 ], [ -3.104146084174431, 42.908518174973779 ], [ -3.094405077432384, 42.90650279426854 ], [ -3.084741584156802, 42.905546779860003 ], [ -3.07528479735555, 42.905572618281667 ], [ -3.058980881862225, 42.908673203705355 ], [ -3.03789689792353, 42.908854071757958 ], [ -3.02918941905648, 42.910249334838909 ], [ -3.021696336117032, 42.914460965201393 ], [ -3.008958095839489, 42.923271795956623 ], [ -3.000870733697411, 42.923271795956623 ], [ -2.987460699851454, 42.926320706335503 ], [ -2.982267217558047, 42.929395453337463 ], [ -2.979063280246181, 42.93360708280062 ], [ -2.9771254130074, 42.939033108191381 ], [ -2.978520676987671, 42.944484972003814 ], [ -2.983378261597522, 42.950996202113004 ], [ -3.012291226159164, 42.95846344753005 ], [ -3.025442877586727, 42.965078030426753 ], [ -3.034279547663004, 42.972622789310257 ], [ -3.039628057788661, 42.978048813801706 ], [ -3.03936967626953, 42.987040514408193 ], [ -3.027019008720288, 42.986497911149684 ], [ -3.008596360633533, 42.988978379848334 ], [ -3.001645880952651, 42.989055895113445 ], [ -2.999320440985571, 42.989469306263459 ], [ -2.99699500191781, 42.990916246187794 ], [ -2.992912562764559, 42.994275214029869 ], [ -2.989708624553373, 43.000476385776551 ], [ -2.987409023008012, 43.008925483124521 ], [ -2.989501918978362, 43.014687405299469 ], [ -2.997124193127034, 43.020836900202767 ], [ -3.01608944267366, 43.025410264871809 ], [ -3.022884893622973, 43.031327215778397 ], [ -3.023582525613051, 43.037114977274371 ], [ -3.023608364034772, 43.043109443446042 ], [ -3.028620978275512, 43.047346910431557 ], [ -3.036734177939991, 43.049724026342744 ], [ -3.055260178814195, 43.04313528096845 ], [ -3.07352779816938, 43.013963934887684 ], [ -3.084948288832493, 43.010708319833043 ], [ -3.092079636565984, 43.012206935701492 ], [ -3.121612717852656, 43.01357636215937 ], [ -3.152231003857764, 43.019855048271836 ], [ -3.160473394731411, 43.022955633695517 ], [ -3.165124273766252, 43.026676336743542 ], [ -3.160938482724817, 43.03303253812112 ], [ -3.155124883706435, 43.039595445073694 ], [ -3.148510300809733, 43.050447495855224 ], [ -3.148148565603833, 43.074218654966948 ], [ -3.142748378634792, 43.092460435900364 ], [ -3.141844041069647, 43.104139308981928 ], [ -3.147580124822923, 43.111270656715419 ], [ -3.165098436243852, 43.116541653374554 ], [ -3.17083451999713, 43.122432765859458 ], [ -3.17256567986226, 43.131372788723183 ], [ -3.164814215403737, 43.146979072226365 ], [ -3.159543218744546, 43.154937242259905 ], [ -3.141844041069646, 43.165117499472998 ], [ -3.142154100331482, 43.174780991849275 ], [ -3.145926479323577, 43.178372503688081 ], [ -3.151507534345228, 43.181447252488688 ], [ -3.173573371114173, 43.183979397131459 ], [ -3.207498949017292, 43.184392809180792 ], [ -3.229745652939528, 43.186976629767635 ], [ -3.246592169892723, 43.198087062967545 ], [ -3.252483283276888, 43.200438341356346 ], [ -3.25945960137949, 43.201187649290539 ], [ -3.268322108978169, 43.199947414941221 ], [ -3.278476527769556, 43.197311917510945 ], [ -3.362424892594732, 43.157934474896081 ], [ -3.423790655814116, 43.140622869949482 ], [ -3.452005988385679, 43.138865872561958 ], [ -3.481668259982201, 43.141863105198134 ], [ -3.500065069647235, 43.1407003852146 ], [ -3.519030320992556, 43.143775133115867 ], [ -3.546082932681202, 43.152999375920444 ], [ -3.574349941196829, 43.158657945307873 ], [ -3.603779669695996, 43.161758530731561 ], [ -3.612022060569644, 43.16532420504803 ], [ -3.627783371905084, 43.17431590385587 ], [ -3.636697557246464, 43.177054754972922 ], [ -3.647807990446438, 43.176176255829546 ], [ -3.662148200279205, 43.169303290514442 ], [ -3.682327846652811, 43.153386949548064 ], [ -3.706202357652671, 43.129719143223845 ], [ -3.721111009165725, 43.11804027014233 ], [ -3.732815720669009, 43.110857245565391 ], [ -3.751005824759034, 43.103338325103621 ], [ -3.766224534634602, 43.093442287831301 ], [ -3.775293747808235, 43.090393378351685 ], [ -3.784647182721301, 43.089101467158969 ], [ -3.813224249599444, 43.090858466345146 ], [ -3.823068610028316, 43.090341702407613 ], [ -3.831724412051984, 43.088377996747113 ], [ -3.838287319004564, 43.084657293699138 ], [ -3.83802893658617, 43.07602733009719 ], [ -3.838804083841409, 43.067087307233408 ], [ -3.842679815621011, 43.057320462069647 ], [ -3.854901291961086, 43.047656968794065 ], [ -3.864952357964966, 43.043471177752622 ], [ -3.88024858220632, 43.039905504335536 ], [ -3.896139084750984, 43.033187567752002 ], [ -3.916628791285689, 43.016496080429761 ], [ -3.934973924107339, 43.007633571931763 ], [ -3.943293830246091, 43.004972236079816 ], [ -3.951148646592799, 43.000631415407504 ], [ -3.952621425838117, 42.999236152326546 ], [ -3.960708787080876, 42.987428087136493 ], [ -3.983627284571526, 42.94032501938409 ], [ -3.985100062917581, 42.933141994807215 ], [ -3.984790004555066, 42.925829779920385 ], [ -3.98065589035707, 42.918491725712556 ], [ -3.974248013035377, 42.912161362756649 ], [ -3.965773078165059, 42.907252102202747 ], [ -3.956161260833538, 42.90456492792908 ], [ -3.946110194829657, 42.90435822235407 ], [ -3.927790900429728, 42.908828233336294 ], [ -3.901952683769366, 42.920377916107903 ], [ -3.894821336035818, 42.925597235923703 ], [ -3.886320562743777, 42.938361313723654 ], [ -3.881333786924756, 42.94386485437952 ], [ -3.873323940047783, 42.946216131868994 ], [ -3.864642299602452, 42.947921454211723 ], [ -3.855883144791334, 42.945751043875546 ], [ -3.848519253061113, 42.940996812952505 ], [ -3.841749639634146, 42.934433905999938 ], [ -3.836246099877599, 42.927870999047343 ], [ -3.834101527963127, 42.921566474513156 ], [ -3.839475877409825, 42.914176744361228 ], [ -3.869680752264912, 42.899991563260016 ], [ -3.898154466355549, 42.898570461757409 ], [ -3.899833950276617, 42.894539700346854 ], [ -3.90047990632263, 42.889630438893619 ], [ -3.906422694751598, 42.885392971008805 ], [ -3.909239061133747, 42.880277004879872 ], [ -3.905208298823936, 42.868649806843109 ], [ -3.904639858043026, 42.861544298430601 ], [ -3.900996670260156, 42.855368964206313 ], [ -3.893891160049009, 42.851389878739894 ], [ -3.885312873290502, 42.851234850008325 ], [ -3.877199672726704, 42.855265611418815 ], [ -3.869370693003078, 42.864799913485172 ], [ -3.86208431563864, 42.872008775584504 ], [ -3.849914517041326, 42.876633816197618 ], [ -3.839682582984836, 42.87578115547592 ], [ -3.831388516167124, 42.87231883394702 ], [ -3.827564460331587, 42.865497545475307 ], [ -3.826815150598746, 42.857539374542455 ], [ -3.827797004328318, 42.847152410855074 ], [ -3.825549078727023, 42.839349270452445 ], [ -3.818081834209295, 42.828600572458413 ], [ -3.815601366409964, 42.823717149426898 ], [ -3.814722866367219, 42.81697337532097 ], [ -3.815756395141534, 42.810048733162489 ], [ -3.821389126107306, 42.803950914203313 ], [ -3.830897589751999, 42.79986847594936 ], [ -3.865469122801812, 42.79981679910599 ], [ -3.883039110166806, 42.797129624832273 ], [ -3.917403936742289, 42.77346181940743 ], [ -3.929418708406673, 42.768965969104158 ], [ -3.94902991399937, 42.764418442856815 ], [ -3.96520463738409, 42.762506414939082 ], [ -4.000189581583925, 42.769792792303519 ], [ -3.99739905362344, 42.785941677266578 ], [ -3.998251716143784, 42.792685452271769 ], [ -3.999104376865489, 42.81542308170981 ], [ -4.000344611214871, 42.821107490418342 ], [ -4.00277340307008, 42.823587958217672 ], [ -4.011041632365448, 42.820771592734786 ], [ -4.018896449611475, 42.816301580853235 ], [ -4.047163459026422, 42.770102851565291 ], [ -4.085765754386046, 42.763126533462767 ], [ -4.096126877853122, 42.776200670524467 ], [ -4.101475388878102, 42.781006578290956 ], [ -4.110389574219482, 42.785967515688313 ], [ -4.120440640223363, 42.788964749223794 ], [ -4.147054002340326, 42.790515041935635 ], [ -4.158577846690264, 42.79351227547113 ], [ -4.178214890704623, 42.806224677326945 ], [ -4.185242885650666, 42.811960761080236 ], [ -4.187671678405252, 42.817671007311105 ], [ -4.184674444869757, 42.823484605430167 ], [ -4.177362229982919, 42.826843574171562 ], [ -4.159404669889625, 42.831055202735392 ], [ -4.15023210302917, 42.831597805094589 ], [ -4.141627976949565, 42.8345433617867 ], [ -4.135530157990388, 42.839504299184057 ], [ -4.132713791608183, 42.846118882980022 ], [ -4.134444953272008, 42.853508613131964 ], [ -4.141162888956161, 42.858831284835901 ], [ -4.150154587764008, 42.862190253577296 ], [ -4.174494187656649, 42.857022609705666 ], [ -4.183821784148051, 42.852345893148424 ], [ -4.196637538791378, 42.844051826330698 ], [ -4.20131425624794, 42.842346503088606 ], [ -4.208652309556443, 42.842734076716219 ], [ -4.215964525342599, 42.845292059780718 ], [ -4.221390549834041, 42.850201321233953 ], [ -4.223483445804391, 42.855420641049704 ], [ -4.224516973679386, 42.859373888094424 ], [ -4.225111252882017, 42.865445867732618 ], [ -4.226739060858961, 42.872060452427888 ], [ -4.22730750163987, 42.879734402520626 ], [ -4.229452073554341, 42.886633206257443 ], [ -4.230072191178692, 42.893867905879127 ], [ -4.231829188566224, 42.901076768877772 ], [ -4.236738450918779, 42.915158596292144 ], [ -4.23888302193393, 42.92921458618418 ], [ -4.237901170002999, 42.936294257074287 ], [ -4.237591111640484, 42.943425604807771 ], [ -4.239916550708244, 42.950246894178804 ], [ -4.254127570231162, 42.957636624330753 ], [ -4.356550259087214, 42.985412706431248 ], [ -4.370425380926576, 42.99277659816147 ], [ -4.376445684620649, 42.999701240319951 ], [ -4.377401699029178, 43.001251533031791 ], [ -4.38109656365549, 43.008615423862693 ], [ -4.400811122935012, 43.033290921438834 ], [ -4.409647793011231, 43.038329373201975 ], [ -4.433961553582833, 43.048018703999958 ], [ -4.446028001191338, 43.050860907904557 ], [ -4.462874518144531, 43.050938422270349 ], [ -4.481245490287165, 43.042541001765819 ], [ -4.490857305820043, 43.039595445073701 ], [ -4.505662603646272, 43.039414577920411 ], [ -4.518710903185649, 43.037709256477001 ], [ -4.552378098670317, 43.023937486525782 ], [ -4.565607266262361, 43.023239854535632 ], [ -4.601238165608891, 43.025539456080992 ], [ -4.639116990556658, 43.019777533906051 ], [ -4.689604864572857, 43.019596665853442 ], [ -4.70583126480102, 43.015720934073848 ], [ -4.726863572795651, 43.015927638749531 ], [ -4.734744229362718, 43.04140412020395 ], [ -4.738723313929824, 43.048096218365743 ], [ -4.758515386675754, 43.06228139946699 ], [ -4.764458176903362, 43.071608995059037 ], [ -4.770452643075034, 43.078636990005066 ], [ -4.811380378401736, 43.094811713389838 ], [ -4.820759649937884, 43.100676988352291 ], [ -4.827890997671432, 43.108066718504233 ], [ -4.833549567058867, 43.123931383526497 ], [ -4.836030035757574, 43.135093491771215 ], [ -4.831870083137858, 43.188681952110358 ], [ -4.859413621241628, 43.22340851479111 ], [ -4.878998989311924, 43.235164903137729 ], [ -4.888584967322403, 43.237516181526537 ], [ -4.898377650907889, 43.238549710300845 ], [ -4.908480393755156, 43.2373094750522 ], [ -4.961474574891724, 43.216225491113512 ], [ -4.977158371861378, 43.205580145906985 ], [ -5.008293422703333, 43.192919419995235 ], [ -5.045888026810985, 43.185271308324218 ], [ -5.062889574294445, 43.178760077315701 ], [ -5.072113817098967, 43.172455552781514 ], [ -5.082449103043702, 43.158037828582906 ], [ -5.086195645412717, 43.151449083208611 ], [ -5.08818518679692, 43.144188544265887 ], [ -5.095471564161358, 43.128323880142943 ], [ -5.102835455891581, 43.119538886010737 ], [ -5.118131680132933, 43.108583482441759 ], [ -5.129836391636161, 43.107188219360808 ], [ -5.140016648849269, 43.109591172794353 ], [ -5.150403611637388, 43.114164537463409 ], [ -5.159550340076122, 43.113182685532479 ], [ -5.212001918853501, 43.09395905176882 ], [ -5.307474128028616, 43.085484116898442 ], [ -5.36103674994604, 43.091530259913554 ], [ -5.374007534220311, 43.089669907939886 ], [ -5.382844204296589, 43.085329088166887 ], [ -5.389898036764976, 43.063780016234716 ], [ -5.398502162844523, 43.056493638870336 ], [ -5.408062303332657, 43.053573919700625 ], [ -5.418759325382553, 43.051868598257151 ], [ -5.473381312697427, 43.051119290322958 ], [ -5.4786264709349, 43.046235867291443 ], [ -5.481391159574344, 43.039905504335536 ], [ -5.485835333933552, 43.033549302957965 ], [ -5.490770432909187, 43.028640042403993 ], [ -5.498754442263703, 43.027864895148753 ], [ -5.517306280660305, 43.029053453554013 ], [ -5.540999925406254, 43.021792913711977 ], [ -5.551567756246982, 43.021017768255376 ], [ -5.561696335717329, 43.022955633695517 ], [ -5.570765549790282, 43.02652130801193 ], [ -5.578982103141527, 43.031172187046764 ], [ -5.600815395913799, 43.034686184519785 ], [ -5.615439825687416, 43.03458283083296 ], [ -5.637092251306342, 43.037993476417796 ], [ -5.665152554247016, 43.048277086418352 ], [ -5.679932012752204, 43.049646511077597 ], [ -5.705175951109254, 43.048793850355878 ], [ -5.719541999363798, 43.045124824151287 ], [ -5.729980638095983, 43.040577297903965 ], [ -5.735174118590692, 43.034479478944775 ], [ -5.738662279440632, 43.028200791932989 ], [ -5.743855759935402, 43.021947944242186 ], [ -5.750599534940591, 43.016134345223804 ], [ -5.755327928341217, 43.010088202208749 ], [ -5.758170132245823, 43.004248766567287 ], [ -5.759151984176754, 43.001458237707482 ], [ -5.759797939323448, 42.998667711545643 ], [ -5.762278408022097, 42.993164170889777 ], [ -5.766309170331966, 42.987660631133224 ], [ -5.769926519693115, 42.981614488118112 ], [ -5.778685675403608, 42.97466400843723 ], [ -5.789279343766736, 42.972364406891813 ], [ -5.804833950426485, 42.970607407705707 ], [ -5.844831508867061, 42.971692613323398 ], [ -5.854856737348541, 42.974276434809617 ], [ -5.86294409769198, 42.977945461913514 ], [ -5.889014858349015, 42.985645250427922 ], [ -5.893717414227298, 42.989986070200942 ], [ -5.904853684949614, 42.992699082896308 ], [ -5.918651292423193, 42.998796901855492 ], [ -5.930924444707387, 43.00652252879167 ], [ -5.954669766296661, 43.017581285148147 ], [ -5.960405850049938, 43.023394884166521 ], [ -5.964591641091374, 43.030035305484944 ], [ -5.96761471214927, 43.03706330043093 ], [ -5.971257899932141, 43.051403510263754 ], [ -5.976373866960386, 43.05768219727554 ], [ -5.987794359422139, 43.062333076310374 ], [ -6.016758999028582, 43.057320462069647 ], [ -6.029988165721306, 43.05788890195123 ], [ -6.079106615078216, 43.065097764949883 ], [ -6.088330857882794, 43.062100532313707 ], [ -6.091276413675587, 43.056493638870336 ], [ -6.092723355398563, 43.049517319868421 ], [ -6.095746425557081, 43.041895047518381 ], [ -6.102386846875504, 43.03478953730729 ], [ -6.122023891789184, 43.027916571992193 ], [ -6.135511440000982, 43.02711558721456 ], [ -6.148068813125237, 43.029570217491546 ], [ -6.175457323396756, 43.03783844678685 ], [ -6.199745246445957, 43.041042384998036 ], [ -6.212793545086073, 43.038871975561221 ], [ -6.218968879310352, 43.033600978902015 ], [ -6.221681891106416, 43.020087592268581 ], [ -6.226281094197134, 43.015436713233726 ], [ -6.234445969805678, 43.01435150851529 ], [ -6.253592088304231, 43.017994697197466 ], [ -6.297284512270437, 43.033962714107929 ], [ -6.310384486854618, 43.033600978902022 ], [ -6.329814826193285, 43.037864285208563 ], [ -6.337928025857707, 43.043445340230214 ], [ -6.347281459871512, 43.048096218365743 ], [ -6.364851447236504, 43.051429347786154 ], [ -6.39275671964691, 43.042205104981576 ], [ -6.398725348296183, 43.03517711003559 ], [ -6.401877610563306, 43.028640042404007 ], [ -6.408724738356, 43.022154648917876 ], [ -6.413659837331636, 43.016496080429761 ], [ -6.414745042050072, 43.010294907783759 ], [ -6.414745042050072, 43.00486888329231 ], [ -6.418698289094778, 43.000528063519312 ], [ -6.426139696090104, 42.99758250592788 ], [ -6.446939460088004, 42.99277659816147 ], [ -6.475568202910268, 42.991846422174604 ], [ -6.480270757889173, 42.987867336708177 ], [ -6.481226772297703, 42.982389635373359 ], [ -6.476317510844467, 42.976860257195078 ], [ -6.468204312079365, 42.973139553247734 ], [ -6.450350103874199, 42.968126939006993 ], [ -6.444071417761734, 42.963992824808997 ], [ -6.444846564117654, 42.957714137797211 ], [ -6.44903235515909, 42.951073717378101 ], [ -6.501561449201516, 42.929705511699979 ], [ -6.515798306246836, 42.928697822246704 ], [ -6.551222500018354, 42.917845771465181 ], [ -6.562100389221598, 42.916657213059914 ], [ -6.608454149039743, 42.919602769751975 ], [ -6.614732835152211, 42.923271795956623 ], [ -6.622975226025859, 42.925442206292765 ], [ -6.635739304725121, 42.927302558266433 ], [ -6.682506475693288, 42.926889146217093 ], [ -6.701109991832652, 42.924512031205268 ], [ -6.719429287131902, 42.920222887376326 ], [ -6.72979041239762, 42.91526194907965 ], [ -6.737619391221926, 42.909525865326373 ], [ -6.744363166227175, 42.903092149583017 ], [ -6.752373013104092, 42.897433580195532 ], [ -6.763483446304007, 42.892834378004139 ], [ -6.770873174657311, 42.89407461235345 ], [ -6.777229376934203, 42.904099839935668 ], [ -6.79531612823672, 42.910869452463267 ], [ -6.828285691731309, 42.914796861086245 ], [ -6.837096523385869, 42.905572618281667 ], [ -6.839086065669392, 42.896658433839598 ], [ -6.843556076651623, 42.889087836534429 ], [ -6.860480108869924, 42.874463405861498 ], [ -6.862262945578493, 42.862035223946414 ], [ -6.85407223064891, 42.83759227126626 ], [ -6.853891364394942, 42.829427394758454 ], [ -6.857534552177869, 42.81813609530451 ], [ -6.863348151196249, 42.808446764506527 ], [ -6.895620082700645, 42.780644843085042 ], [ -6.918047654675548, 42.757312934444371 ], [ -6.928589647094555, 42.750052395501669 ], [ -6.938718228363541, 42.746590073972698 ], [ -6.947606574383885, 42.747339381906954 ], [ -6.955745611570706, 42.749122219514803 ], [ -6.965693324787139, 42.747029324443758 ], [ -6.988379279180381, 42.73010529222546 ], [ -7.016956346058519, 42.720855210999154 ], [ -7.021245489887462, 42.718064683937996 ], [ -7.032795172659121, 42.706256618747943 ], [ -7.037652757268916, 42.698169257505185 ], [ -7.039693976395881, 42.689125881853947 ], [ -7.036179978922918, 42.675922553582936 ], [ -7.03023718869531, 42.667189236294178 ], [ -7.023364224279533, 42.659980374194902 ], [ -7.016749639584191, 42.654270127964026 ], [ -7.013907436578963, 42.647629705746283 ], [ -7.014295010206581, 42.641325182111416 ], [ -7.023183356226923, 42.63543406782793 ], [ -7.032252570299875, 42.631558336048329 ], [ -7.039900681970893, 42.625563869876657 ], [ -7.044344855430722, 42.61708893500635 ], [ -7.04201941636296, 42.589106147330824 ], [ -7.042794561819561, 42.577608141402607 ], [ -7.060106166766217, 42.548617662475124 ], [ -7.062509121099082, 42.540659492441577 ], [ -7.061966518739837, 42.522004299458835 ], [ -7.071035731913526, 42.503452460162862 ], [ -7.026283941650605, 42.502005520238527 ], [ -6.983134120942907, 42.494822496560978 ], [ -6.972307908583106, 42.49570099480502 ], [ -6.968354660639079, 42.498388169978057 ], [ -6.966623500773947, 42.500558580314184 ], [ -6.962024298582549, 42.503814195368818 ], [ -6.952645026147026, 42.508258367929329 ], [ -6.93293046686756, 42.513064277494379 ], [ -6.919985521015006, 42.512831733497698 ], [ -6.909443528596, 42.509291896703644 ], [ -6.897170376311806, 42.501617947510226 ], [ -6.892571174120405, 42.499783433958271 ], [ -6.821050991210257, 42.485055650497827 ], [ -6.80877783892612, 42.464023342503253 ], [ -6.810819058053085, 42.456116848413799 ], [ -6.813041144333341, 42.438908596254706 ], [ -6.816400112175474, 42.430201118286959 ], [ -6.820740932847799, 42.423664048856722 ], [ -6.828544074149704, 42.415447496404809 ], [ -6.831851366047715, 42.412605292500253 ], [ -6.83911190409111, 42.410124823801539 ], [ -6.78916663333348, 42.378886420172144 ], [ -6.755421921684329, 42.362660020843229 ], [ -6.740461595126533, 42.35025767734993 ], [ -6.735707363304186, 42.341136786433538 ], [ -6.738058640793666, 42.33385040996842 ], [ -6.738756272783746, 42.326357327028973 ], [ -6.737748582431154, 42.311991278774485 ], [ -6.738317023212064, 42.30496328382845 ], [ -6.740616623858102, 42.298193671300844 ], [ -6.744414842171239, 42.29183746992328 ], [ -6.756403773615264, 42.280882066354266 ], [ -6.769813809259917, 42.261968491852379 ], [ -6.783249680628274, 42.252873440257019 ], [ -6.799424404013052, 42.238378200793306 ], [ -6.802395799126828, 42.230807604387394 ], [ -6.805470547028109, 42.217940172001313 ], [ -6.81133582199061, 42.216596584864483 ], [ -6.830456102067443, 42.220937405536787 ], [ -6.844641283168698, 42.220885728693418 ], [ -6.866758795881708, 42.217009996014504 ], [ -6.882545945638867, 42.209594428340161 ], [ -6.898410609761811, 42.200163479061317 ], [ -6.932904629345159, 42.174118556825931 ], [ -6.940578579437895, 42.165333564492343 ], [ -6.944738532057613, 42.158357245490429 ], [ -6.955590582839137, 42.132208971366929 ], [ -6.962592739363458, 42.126162828351823 ], [ -6.970809291815385, 42.122028714153828 ], [ -6.979180873898201, 42.119496567712417 ], [ -6.986932339256044, 42.114122219165033 ], [ -7.011220262305245, 42.085751857861908 ], [ -7.024656133673659, 42.075726630279746 ], [ -7.028144293624281, 42.067975164921911 ], [ -7.026283941650606, 42.061360582025209 ], [ -7.019772712440727, 42.056244614996963 ], [ -7.012693039751981, 42.0522138544858 ], [ -7.005070767402003, 42.051025296080518 ], [ -6.984761928919909, 42.051180324812087 ], [ -6.97786312518309, 42.04792470975751 ], [ -6.967501999917375, 42.035935777414181 ], [ -6.966003384048917, 42.032964382300406 ], [ -6.965305752058839, 42.028313504164885 ], [ -6.983134120942907, 41.996713365329533 ], [ -6.986467251262639, 41.989168606446015 ], [ -6.987707484712642, 41.983380845849354 ], [ -6.982720709792943, 41.973975734992166 ], [ -6.983456182999931, 41.962996166 ], [ -6.96951818799991, 41.957698466000082 ], [ -6.945126911999893, 41.943358257000071 ], [ -6.917118285999946, 41.939094950000097 ], [ -6.854951537999879, 41.942944845000071 ], [ -6.831232055999921, 41.953951925000048 ], [ -6.824927530999929, 41.983769226000064 ], [ -6.794386759999924, 41.979712626000051 ], [ -6.757903197999894, 41.937570496000021 ], [ -6.727982543999873, 41.930852559000087 ], [ -6.656772419999926, 41.933074647000076 ], [ -6.622821003999919, 41.940955302000113 ], [ -6.609488484999872, 41.962323507000022 ], [ -6.585148885999956, 41.954649557000053 ], [ -6.571661335999892, 41.942608948000057 ], [ -6.567630574999896, 41.926072490000067 ], [ -6.57579545099992, 41.882896831000053 ], [ -6.567888956999896, 41.875868836000038 ], [ -6.550060587999923, 41.873879293000101 ], [ -6.524222371999913, 41.867419740000045 ], [ -6.53574621599995, 41.848583679000015 ], [ -6.560137491999882, 41.766883240000119 ], [ -6.564374958999933, 41.75750396800008 ], [ -6.571506306999964, 41.749209900000025 ], [ -6.577397419999956, 41.73972727500005 ], [ -6.574348510999926, 41.731045634000104 ], [ -6.567682250999923, 41.722441508000038 ], [ -6.563083048999886, 41.713036397000089 ], [ -6.560499226999868, 41.694458721000061 ], [ -6.555279906999942, 41.674899191000023 ], [ -6.541533976999916, 41.658905335000085 ], [ -6.513421996999881, 41.650921326000017 ], [ -6.503035033999964, 41.653091737000118 ], [ -6.488048868999899, 41.658801982000085 ], [ -6.474354614999871, 41.665933330000108 ], [ -6.467740030999948, 41.672056987000062 ], [ -6.460815389999878, 41.67655283600007 ], [ -6.447069457999958, 41.676242778000088 ], [ -6.365937459999911, 41.663607890000051 ], [ -6.317103230999948, 41.650146180000021 ], [ -6.272248087999857, 41.628235372000049 ], [ -6.230080118999894, 41.59490407300008 ], [ -6.216127481999905, 41.580098775000067 ], [ -6.205947224999933, 41.570280253000092 ], [ -6.253644571999899, 41.517518616000061 ], [ -6.279534463999937, 41.497003072 ], [ -6.285890665999943, 41.486874492000034 ], [ -6.285167194999871, 41.478967998000115 ], [ -6.282480020999939, 41.47230173800007 ], [ -6.282945108999854, 41.46563547800006 ], [ -6.321030639999918, 41.419591777000065 ], [ -6.321133991999943, 41.411013489000119 ], [ -6.352346557999908, 41.40925649100005 ], [ -6.366247517999881, 41.405174053000039 ], [ -6.379166625999913, 41.397319234000108 ], [ -6.376169392999882, 41.396854146000088 ], [ -6.375549275999929, 41.39080800400005 ], [ -6.376737832999937, 41.383004863000039 ], [ -6.379166625999915, 41.377475485000033 ], [ -6.3831973879999, 41.376545309000065 ], [ -6.395496377999934, 41.37840566000007 ], [ -6.399578816999849, 41.377475485000033 ], [ -6.430998086999892, 41.33902821900007 ], [ -6.463140828999911, 41.314120178000024 ], [ -6.482128385697166, 41.302991610357729 ] ], [ [ -4.276278696904342, 40.692661235927289 ], [ -4.258436899343451, 40.661646830037171 ], [ -4.321926891812609, 40.657878519577991 ], [ -4.318488171192143, 40.682356059284707 ], [ -4.299349987411973, 40.69623179266307 ], [ -4.276278696904342, 40.692661235927289 ] ] ] ] } },
{ "type": "Feature", "properties": { "region": "Castilla-La Mancha", "wind_mw": 4786.2, "area_km2": 79332.399573421542, "wind_mw_per_1000km2": 60.330962201268193 }, "geometry": { "type": "MultiPolygon", "coordinates": [ [ [ [ -1.180542567885198, 40.008901881916302 ], [ -1.187105474837779, 40.006188870120241 ], [ -1.205786506242305, 40.003346666215634 ], [ -1.223537359861268, 40.00231313744132 ], [ -1.233226690659251, 40.000711167886053 ], [ -1.234932013001981, 39.999936021530175 ], [ -1.242967699199994, 39.997378038465676 ], [ -1.258909877688723, 39.99812734639989 ], [ -1.285910814332624, 40.006188870120241 ], [ -1.349343634201375, 40.014405423471487 ], [ -1.359782273832877, 40.014095364209652 ], [ -1.369549118996645, 40.016343288911621 ], [ -1.378308274707138, 40.022131049508289 ], [ -1.406626960066149, 40.085460517488855 ], [ -1.410166795061571, 40.097914536926339 ], [ -1.412931483701016, 40.104787503140756 ], [ -1.416884730745721, 40.109541734063725 ], [ -1.440940110697568, 40.120445461688682 ], [ -1.447787237590944, 40.125742295870225 ], [ -1.45233476383828, 40.130677394845861 ], [ -1.448536546424464, 40.149797674922752 ], [ -1.442981329824534, 40.159176948257539 ], [ -1.438123745214682, 40.171630967694966 ], [ -1.437322760437041, 40.178813992271898 ], [ -1.437813686852167, 40.186022854371231 ], [ -1.439389817985728, 40.192379054849482 ], [ -1.444376592905428, 40.196719876421128 ], [ -1.469801398415825, 40.192973334052112 ], [ -1.481118537190753, 40.194058538770548 ], [ -1.495277878970967, 40.198425197864594 ], [ -1.509437221650444, 40.201164048981639 ], [ -1.519901698804347, 40.201164048981639 ], [ -1.53346676318057, 40.195221258754088 ], [ -1.541709154054217, 40.197908433927068 ], [ -1.555093350377831, 40.205401515967139 ], [ -1.660099859820662, 40.283019517836465 ], [ -1.685240443591624, 40.293328966258741 ], [ -1.699994066373051, 40.294750067761413 ], [ -1.708985765180955, 40.291003526291668 ], [ -1.713559128950635, 40.287670395971986 ], [ -1.719036831184837, 40.289763291942336 ], [ -1.720638799840742, 40.302346503488309 ], [ -1.716039597649341, 40.310201320734336 ], [ -1.715341965659206, 40.321415106721759 ], [ -1.720638799840742, 40.335367742926962 ], [ -1.762134975948413, 40.378285021436561 ], [ -1.779291551264066, 40.392160143275987 ], [ -1.808256190870509, 40.40203034122726 ], [ -1.79595720106397, 40.414691067139017 ], [ -1.78962683810812, 40.41595713991007 ], [ -1.782547166318693, 40.421047268516588 ], [ -1.750042689918189, 40.459210313405208 ], [ -1.741412726316298, 40.46734935239067 ], [ -1.732472702553195, 40.472904568091352 ], [ -1.713714158581581, 40.480216782978118 ], [ -1.705626797338823, 40.485358588428078 ], [ -1.699761522376377, 40.493342596883338 ], [ -1.699994066373051, 40.528947658707466 ], [ -1.698598802392838, 40.542383530975158 ], [ -1.682759975792237, 40.579022122472978 ], [ -1.677799038394937, 40.585274970163724 ], [ -1.671055264289009, 40.589279894051856 ], [ -1.645992193984569, 40.584448146964405 ], [ -1.636871303967496, 40.5843447941769 ], [ -1.620231492589312, 40.578918768786139 ], [ -1.61248002813079, 40.574164536963792 ], [ -1.604315150723664, 40.570624701069043 ], [ -1.595711024644061, 40.569772040347345 ], [ -1.586745164257934, 40.570598863546707 ], [ -1.56989864730474, 40.578143622430218 ], [ -1.561733770796877, 40.582949531095949 ], [ -1.555635951837701, 40.589150701943311 ], [ -1.55119177927719, 40.595093492170911 ], [ -1.555222540687737, 40.614162096303687 ], [ -1.554240687857487, 40.62578929344113 ], [ -1.548607956891715, 40.641705634407458 ], [ -1.540546434070678, 40.655115668253472 ], [ -1.537445847747676, 40.662996323921163 ], [ -1.537058275019376, 40.684131984703299 ], [ -1.539667934927252, 40.694363918759848 ], [ -1.54698014981409, 40.707489731765691 ], [ -1.553077968773266, 40.716326401841975 ], [ -1.557005378295571, 40.725163071918189 ], [ -1.556695319033736, 40.735395005974738 ], [ -1.555403407841027, 40.743947455210844 ], [ -1.55119177927719, 40.752293198871996 ], [ -1.541786668420003, 40.76722768790745 ], [ -1.538763597362163, 40.776839505238968 ], [ -1.539616258083868, 40.800714016238828 ], [ -1.541399094792382, 40.80975739189013 ], [ -1.544551357059504, 40.817379666038732 ], [ -1.55369808639756, 40.825105292075527 ], [ -1.579820522099453, 40.838541165242532 ], [ -1.593618129573031, 40.85084015594839 ], [ -1.601033698146636, 40.858746650037858 ], [ -1.6088368394486, 40.871872463943021 ], [ -1.614107835208415, 40.886703600190984 ], [ -1.611937424872281, 40.919208075692097 ], [ -1.610154588163709, 40.927734687405852 ], [ -1.621885138088658, 40.946751613795925 ], [ -1.656353319250286, 40.970109360858316 ], [ -1.662606166941089, 40.976413886291823 ], [ -1.673070644994255, 40.984501248433844 ], [ -1.679271815841617, 40.99075409612459 ], [ -1.732808600236694, 41.026023261164539 ], [ -1.747303839700464, 41.038813178285523 ], [ -1.753065761875405, 41.045505276447329 ], [ -1.756398892195136, 41.052274888974935 ], [ -1.761101447174042, 41.058553575087387 ], [ -1.767328457342444, 41.0649872908308 ], [ -1.816911993793496, 41.096975003293721 ], [ -1.850424159647275, 41.111134345073935 ], [ -1.89117102692137, 41.135163885704742 ], [ -1.916234097225811, 41.143018703850089 ], [ -1.928868983816585, 41.15015005158358 ], [ -1.938661668301336, 41.157229723373007 ], [ -1.944862840048018, 41.164412747050619 ], [ -1.971863775792656, 41.169942125228886 ], [ -2.05322831913162, 41.15035675715859 ], [ -2.05265987835071, 41.135525620910641 ], [ -2.061780768367782, 41.109997464411435 ], [ -2.060075446024996, 41.091135565853676 ], [ -2.05728491896383, 41.084986070051059 ], [ -2.059377814034917, 41.079456691872799 ], [ -2.065268927419083, 41.076872870386637 ], [ -2.072942878411141, 41.078888251091882 ], [ -2.079299078889392, 41.083797512545125 ], [ -2.084389206596597, 41.089688625929334 ], [ -2.09121049596763, 41.094442856852311 ], [ -2.115860155122049, 41.106328437307525 ], [ -2.123146531587166, 41.111470241858171 ], [ -2.128960129706229, 41.116457018576511 ], [ -2.137099167792371, 41.118317368751548 ], [ -2.145186529934392, 41.114389960128563 ], [ -2.177613491069792, 41.090670477860215 ], [ -2.187070277871044, 41.088810125886603 ], [ -2.196475388728231, 41.088396714736568 ], [ -2.219109666278086, 41.091109728331276 ], [ -2.237041387949716, 41.088965156416805 ], [ -2.249056158714779, 41.083539130126731 ], [ -2.260554164642997, 41.076046048086653 ], [ -2.273266567398195, 41.071291816264313 ], [ -2.288356086064539, 41.067519436372891 ], [ -2.313315801782835, 41.063798733324859 ], [ -2.326880866159058, 41.065245673249194 ], [ -2.344580043833958, 41.073178005760326 ], [ -2.352409022658265, 41.077958076004407 ], [ -2.364475470266768, 41.080671087800454 ], [ -2.376516078554175, 41.077570502376773 ], [ -2.409201423007289, 41.064987290830793 ], [ -2.422482265644078, 41.065426541301804 ], [ -2.449715745385333, 41.074599107262941 ], [ -2.460386929013566, 41.079740911813587 ], [ -2.467621628635244, 41.086071274769495 ], [ -2.471884934941783, 41.093461004921437 ], [ -2.477491828385155, 41.107904568441086 ], [ -2.481445075429917, 41.113821520246915 ], [ -2.488137172692348, 41.117232164033112 ], [ -2.500384486554821, 41.12193471901206 ], [ -2.505603807269893, 41.124725246972559 ], [ -2.508135951912664, 41.127515774033732 ], [ -2.51149491975474, 41.132580064218594 ], [ -2.513717006934315, 41.139091295227047 ], [ -2.517902797975751, 41.146170966117168 ], [ -2.522786221007322, 41.152630520282287 ], [ -2.532062139755964, 41.157229723373007 ], [ -2.540795457044737, 41.154852607461869 ], [ -2.55087236236966, 41.150382595580311 ], [ -2.567176276064288, 41.14555084939218 ], [ -2.578235033320141, 41.146377671692171 ], [ -2.586322393663523, 41.14958161080267 ], [ -2.588854539205614, 41.154852607461862 ], [ -2.580224574704346, 41.165756334187449 ], [ -2.579501105191865, 41.172370917084152 ], [ -2.584823777795122, 41.179398912030138 ], [ -2.602161221163442, 41.186659450972861 ], [ -2.610041876831134, 41.19169790273601 ], [ -2.608362392910123, 41.195573635414917 ], [ -2.593350388609565, 41.203583482291833 ], [ -2.58859615678722, 41.209965522091139 ], [ -2.585986496879343, 41.215520737791792 ], [ -2.59192928710695, 41.221980291956868 ], [ -2.599913295562145, 41.222574571159498 ], [ -2.609525111994344, 41.221876939169363 ], [ -2.618258429283117, 41.220094103360168 ], [ -2.625906540954134, 41.222652086424603 ], [ -2.631410080710679, 41.228362331756159 ], [ -2.639471605330357, 41.234873561865356 ], [ -2.655801357446705, 41.240945543302132 ], [ -2.680218471705132, 41.243736070363354 ], [ -2.698124354955041, 41.247973538248175 ], [ -2.709234788154959, 41.252521064495518 ], [ -2.715125902438444, 41.259032293705388 ], [ -2.720138515779865, 41.265956935863869 ], [ -2.728096685813397, 41.272778225234894 ], [ -2.741351690927786, 41.274225165159237 ], [ -2.751816168981009, 41.273940945218442 ], [ -2.760988734942146, 41.270556138954646 ], [ -2.770057949015154, 41.265543524713834 ], [ -2.781297573424296, 41.261047675309953 ], [ -2.805895554836014, 41.259936632169804 ], [ -2.844084438146297, 41.267920641524377 ], [ -2.855763312127181, 41.272700710869074 ], [ -2.863850674269202, 41.278746852984852 ], [ -2.869767625175768, 41.292725328511096 ], [ -2.871472948417819, 41.29993418971106 ], [ -2.87426347457972, 41.307530626337325 ], [ -2.879637824026361, 41.314584458805712 ], [ -2.89715613364865, 41.321405748176687 ], [ -2.909713506772903, 41.322129217689231 ], [ -2.921133999234712, 41.319648748990573 ], [ -2.929815639680044, 41.316289781148441 ], [ -2.93570675306421, 41.310915431701801 ], [ -2.94092607287996, 41.305205187269564 ], [ -2.944000819881922, 41.299081528989348 ], [ -2.959994676113411, 41.291433417318338 ], [ -2.982267217558047, 41.287247626276894 ], [ -3.048903978335943, 41.280917263321044 ], [ -3.083811408169936, 41.280762233690098 ], [ -3.19879147015024, 41.301200263381411 ], [ -3.219823778144871, 41.293035386873555 ], [ -3.249175991378934, 41.266628730331604 ], [ -3.279871791749826, 41.266008612707317 ], [ -3.291085577737249, 41.260685940104054 ], [ -3.339764776623155, 41.253554592370506 ], [ -3.389710049179429, 41.255569973075751 ], [ -3.416891852077299, 41.264096584789513 ], [ -3.419759894403626, 41.261202704041523 ], [ -3.416400925662175, 41.256396796275126 ], [ -3.411104092379957, 41.250609036577771 ], [ -3.406530727710901, 41.244046128725813 ], [ -3.406194830926722, 41.237173163410716 ], [ -3.408752813991157, 41.221799424803578 ], [ -3.411310797954968, 41.213608709874052 ], [ -3.41921729204438, 41.210714830025388 ], [ -3.442109951113366, 41.206529038983945 ], [ -3.519624600195129, 41.162216498292764 ], [ -3.527918667012898, 41.160046087956573 ], [ -3.545772874318687, 41.161751410299303 ], [ -3.541612921698969, 41.14420726225535 ], [ -3.503863287960371, 41.115681871321272 ], [ -3.493166265910475, 41.102168483788503 ], [ -3.484045375893401, 41.095011298532597 ], [ -3.476655645741459, 41.090825507491161 ], [ -3.453272061156724, 41.081988837414883 ], [ -3.445753139795557, 41.080386867859659 ], [ -3.436451381725874, 41.077415472745834 ], [ -3.424669154957542, 41.043231513323633 ], [ -3.409786342765529, 41.012199815269241 ], [ -3.409450445981292, 40.998479723060768 ], [ -3.412266812363497, 40.989177964991086 ], [ -3.420147467131927, 40.976207179817486 ], [ -3.423532274295042, 40.968559068146483 ], [ -3.427924770911432, 40.961324368524743 ], [ -3.436373867360089, 40.938431708556479 ], [ -3.44004289356468, 40.930835272829547 ], [ -3.444874639752811, 40.923497219521032 ], [ -3.448156094128478, 40.914014594298074 ], [ -3.451644253179723, 40.907038276195479 ], [ -3.452651942633054, 40.89910594278502 ], [ -3.447742682079137, 40.89073436070214 ], [ -3.447380946873182, 40.880450750701584 ], [ -3.451489224448153, 40.875128078997648 ], [ -3.457173631357989, 40.871097316687781 ], [ -3.461462775186931, 40.869521186453582 ], [ -3.466113654221772, 40.86665314412727 ], [ -3.469782681325682, 40.863009955445079 ], [ -3.472366501912518, 40.858152370835221 ], [ -3.478154263408554, 40.82908437844128 ], [ -3.480040452005255, 40.823167425736074 ], [ -3.485208095876942, 40.812909654157181 ], [ -3.491383429201904, 40.803711248875004 ], [ -3.494716558622315, 40.799577135576328 ], [ -3.49843726167029, 40.796218166834919 ], [ -3.49843726167029, 40.792549139730966 ], [ -3.495879278605855, 40.789035143157328 ], [ -3.488747930872308, 40.785521144784987 ], [ -3.45991248157577, 40.778803209100758 ], [ -3.452884486629785, 40.77234365493571 ], [ -3.446373257419907, 40.761439928210109 ], [ -3.444021979031107, 40.751414699728571 ], [ -3.442962611835071, 40.737901313095108 ], [ -3.439422776839706, 40.730873318149065 ], [ -3.43965532083638, 40.723199368056385 ], [ -3.443117642365337, 40.716869005100477 ], [ -3.455209926596865, 40.703769028717659 ], [ -3.45880143933499, 40.694958197962421 ], [ -3.455054896965919, 40.68898957021247 ], [ -3.448750373331052, 40.683046779984878 ], [ -3.442109951113367, 40.678189195375069 ], [ -3.434306809811461, 40.675476183579008 ], [ -3.41882971841676, 40.678395900950022 ], [ -3.404644538214882, 40.67731069623165 ], [ -3.399606085552419, 40.68128978079875 ], [ -3.39635046959853, 40.686405747826988 ], [ -3.389193285241902, 40.686405747826996 ], [ -3.380744187893982, 40.678189195375069 ], [ -3.366765713267057, 40.658913886566609 ], [ -3.35547441201453, 40.649715481284431 ], [ -3.344932419595523, 40.644392809580495 ], [ -3.337025926405374, 40.643255927119299 ], [ -3.329842901828442, 40.645736395818005 ], [ -3.324649421333732, 40.64832021730416 ], [ -3.318164027847616, 40.646253159755489 ], [ -3.324132655597566, 40.624936631820098 ], [ -3.325967170048841, 40.597780667343912 ], [ -3.321471319745626, 40.589357408417641 ], [ -3.31578691193647, 40.582639471834113 ], [ -3.306950242759513, 40.578453680792734 ], [ -3.293075120020774, 40.56853180599802 ], [ -3.290052048962878, 40.561710517526365 ], [ -3.287984992313568, 40.553700669750071 ], [ -3.288811814613553, 40.549101467558671 ], [ -3.290672165687909, 40.545897529347485 ], [ -3.293152635285877, 40.543236191696849 ], [ -3.294961310416169, 40.538817857558058 ], [ -3.292997605654989, 40.535510566559367 ], [ -3.289509446603688, 40.533133449748902 ], [ -3.282558966023487, 40.533391832167297 ], [ -3.276693691060984, 40.534632066516622 ], [ -3.270595872101807, 40.538042711202138 ], [ -3.263748745208432, 40.540910753528401 ], [ -3.25752173504003, 40.542771103703458 ], [ -3.248530036232182, 40.541530870253439 ], [ -3.240235967615832, 40.538559475139664 ], [ -3.233259650412549, 40.533391832167297 ], [ -3.225404832267202, 40.52863760034495 ], [ -3.204527553903518, 40.513031317741081 ], [ -3.201530321267342, 40.507140204356908 ], [ -3.200806850855486, 40.50264435495302 ], [ -3.200858526799606, 40.498716946329978 ], [ -3.19879147015024, 40.478821519897224 ], [ -3.200238410074576, 40.450502835437469 ], [ -3.19646603018316, 40.44352651643554 ], [ -3.189541388024622, 40.439392402237559 ], [ -3.180575526739177, 40.437867947048119 ], [ -3.169232550441849, 40.433062039281651 ], [ -3.157140265311, 40.425388089188914 ], [ -3.141947393857151, 40.405906073906181 ], [ -3.138665941280181, 40.394743963862837 ], [ -3.140216233992021, 40.38678579382929 ], [ -3.14269670179135, 40.382600002787846 ], [ -3.143471849046592, 40.379292710889899 ], [ -3.142231614697266, 40.369887600032712 ], [ -3.142076585066378, 40.364978339478746 ], [ -3.143368496259086, 40.360172430813016 ], [ -3.146339891372919, 40.355857449461723 ], [ -3.150499843992634, 40.346555691392048 ], [ -3.151197475982713, 40.34169810588287 ], [ -3.153057827057069, 40.336246242969708 ], [ -3.157682867670189, 40.330613512003936 ], [ -3.171945563137229, 40.319709784379043 ], [ -3.177965867730619, 40.312578437544843 ], [ -3.180730557269385, 40.301571357132389 ], [ -3.181970790719447, 40.292527981481157 ], [ -3.185407273826627, 40.283820501714786 ], [ -3.187939419368718, 40.274337877391133 ], [ -3.188507860149628, 40.263692532184564 ], [ -3.185924037764153, 40.249455675139245 ], [ -3.178637661299034, 40.24227265146169 ], [ -3.171092902415524, 40.242505195458364 ], [ -3.163961553782713, 40.247672838430731 ], [ -3.157863734823537, 40.254029038908982 ], [ -3.150732387989308, 40.26023021155499 ], [ -3.124842495384883, 40.274854641328602 ], [ -3.115385707684253, 40.276094876577233 ], [ -3.103758511446131, 40.269893703931253 ], [ -3.095335251620553, 40.257207140497087 ], [ -3.086524420865316, 40.239327093870266 ], [ -3.083113776179857, 40.227674059210415 ], [ -3.082183600192991, 40.21821727150985 ], [ -3.082726202552238, 40.197624213086954 ], [ -3.072752650914141, 40.157600816224658 ], [ -3.080400762585157, 40.159176948257539 ], [ -3.084121465633132, 40.158582669054908 ], [ -3.086963670437057, 40.15470693637598 ], [ -3.085671759244291, 40.145663560724699 ], [ -3.081847703408812, 40.138790595409603 ], [ -3.079548101863395, 40.130935777264312 ], [ -3.076085781233814, 40.124114487893287 ], [ -3.071822475826593, 40.117551580940699 ], [ -3.065672980024033, 40.111918849974927 ], [ -3.062236496916796, 40.105330105499952 ], [ -3.063037481694437, 40.098121243400612 ], [ -3.06869605108193, 40.090550646095451 ], [ -3.078669602720026, 40.08230825522179 ], [ -3.093759121386369, 40.072644761946201 ], [ -3.113447842244114, 40.068019721333037 ], [ -3.163548142632692, 40.066185207781089 ], [ -3.165589361759658, 40.076055405732355 ], [ -3.169387580072795, 40.08039622730405 ], [ -3.187267624900984, 40.088354397337532 ], [ -3.227730272234282, 40.077864080862632 ], [ -3.288243373832643, 40.053162747562737 ], [ -3.329429490678478, 40.047685045328528 ], [ -3.341909349436947, 40.04463613494967 ], [ -3.352916428950039, 40.04605723735159 ], [ -3.371752489086135, 40.057400214548245 ], [ -3.406220669348442, 40.045617987779899 ], [ -3.502054612830137, 40.048666897259473 ], [ -3.515361293888589, 40.039675198451619 ], [ -3.522337611991191, 40.028771470826726 ], [ -3.526730108607637, 40.023242091749132 ], [ -3.535566778683915, 40.020219020691229 ], [ -3.575331794027079, 40.012493395553747 ], [ -3.583625860844791, 40.009392809230746 ], [ -3.589827032591472, 40.005878810858405 ], [ -3.59675167475001, 40.000866197516984 ], [ -3.598301968361171, 40.000039374317623 ], [ -3.61700883638872, 39.996370348113039 ], [ -3.632666794936654, 39.991719469078191 ], [ -3.6373951892366, 39.987559516458475 ], [ -3.636154953987955, 39.973426012200669 ], [ -3.638712937951711, 39.968310045172416 ], [ -3.646903651981972, 39.964796047699402 ], [ -3.670132208734458, 39.959680081570468 ], [ -3.687676356778467, 39.950068264239015 ], [ -3.69922604044939, 39.946192532459406 ], [ -3.717390306117752, 39.944642238848246 ], [ -3.728242356899273, 39.94182587336536 ], [ -3.735916306992012, 39.938957831039041 ], [ -3.74263424267616, 39.934410304791705 ], [ -3.751832647958337, 39.925832018033191 ], [ -3.766121181847098, 39.915445055245087 ], [ -3.774647792661483, 39.912447821709577 ], [ -3.790383267373898, 39.902836005277386 ], [ -3.797695482260679, 39.896014715906404 ], [ -3.809710252126422, 39.893534247207697 ], [ -3.825704108357911, 39.895446275125494 ], [ -3.857278407872229, 39.910949204941851 ], [ -3.869370693003078, 39.919553331021405 ], [ -3.873866543306349, 39.92673635469896 ], [ -3.864693976445892, 39.932911688923312 ], [ -3.852963425621624, 39.937872626320591 ], [ -3.790589972049588, 39.953065496875183 ], [ -3.778601039706246, 39.953737291342918 ], [ -3.773485072677943, 39.957044583240922 ], [ -3.75731035019254, 39.971539821805329 ], [ -3.751600103961664, 39.974821275281613 ], [ -3.733099940609804, 39.979007066323049 ], [ -3.717106086176956, 39.989445705954559 ], [ -3.670648972671984, 40.02753123647738 ], [ -3.65765234997599, 40.033448188283216 ], [ -3.650236782301647, 40.034507555479252 ], [ -3.638402878689931, 40.040346992020041 ], [ -3.633674486188568, 40.043447577443715 ], [ -3.631426560587329, 40.047064927704241 ], [ -3.62333919934457, 40.056805935345608 ], [ -3.62062618664919, 40.060965887965324 ], [ -3.611634486942024, 40.081558946388277 ], [ -3.610394252592698, 40.086804103726365 ], [ -3.611014370217049, 40.096803493786183 ], [ -3.610394252592698, 40.101583564030257 ], [ -3.614114955640673, 40.106492825483478 ], [ -3.624501919328111, 40.113210761167693 ], [ -3.673336146945645, 40.131943468516226 ], [ -3.691862147819848, 40.133106186701127 ], [ -3.707856004051338, 40.136723537860988 ], [ -3.721446905949961, 40.138273831472141 ], [ -3.746639166564308, 40.135121568305692 ], [ -3.758653937329371, 40.137757065735975 ], [ -3.76439002108259, 40.139772447340533 ], [ -3.771469691972698, 40.143544827231949 ], [ -3.786895107423277, 40.160598048860841 ], [ -3.793819748682438, 40.164990546376586 ], [ -3.801674566827784, 40.166825059928541 ], [ -3.818856980565215, 40.163336899977935 ], [ -3.827977870582289, 40.164189562498279 ], [ -3.837641363857869, 40.170106513404846 ], [ -3.843119066092016, 40.175842597158123 ], [ -3.848519253061113, 40.179976712255439 ], [ -3.853557704824254, 40.182663886529106 ], [ -3.90122921425683, 40.192017320542888 ], [ -3.933061896189542, 40.203902900098747 ], [ -3.986391974110347, 40.217054552425637 ], [ -3.999026861600385, 40.221576240251238 ], [ -4.007786017310877, 40.227519029579526 ], [ -4.012746954708177, 40.234211126842027 ], [ -4.019077317664085, 40.24110993147815 ], [ -4.026647914969317, 40.246794339287305 ], [ -4.035717129042268, 40.251445217422827 ], [ -4.057292039396089, 40.258266506793859 ], [ -4.066051195106581, 40.259222521202389 ], [ -4.074939541126923, 40.253615627759018 ], [ -4.084422166349896, 40.248964748724177 ], [ -4.097961392304397, 40.24552826651626 ], [ -4.116797450641855, 40.247879544005741 ], [ -4.132558762876612, 40.251806951729407 ], [ -4.160748257026455, 40.273356025460203 ], [ -4.166923591250738, 40.279402167575952 ], [ -4.174675054809939, 40.283665472983159 ], [ -4.183899299413158, 40.284130560976578 ], [ -4.208652309556443, 40.272270819842447 ], [ -4.234102951689863, 40.268886013578651 ], [ -4.244980840893106, 40.26286570898526 ], [ -4.250510219970693, 40.257491360437939 ], [ -4.25777075801409, 40.2466909864998 ], [ -4.266064825731121, 40.237079169168283 ], [ -4.272860276680433, 40.231446438202511 ], [ -4.286864589729021, 40.222351385707839 ], [ -4.291980556757323, 40.220232652215088 ], [ -4.296037156589534, 40.220801092996005 ], [ -4.309989792794738, 40.232841702182782 ], [ -4.325286017036092, 40.237621772426849 ], [ -4.334200202377475, 40.243332017758405 ], [ -4.340995653326729, 40.24927480708665 ], [ -4.348617925676763, 40.262659003410249 ], [ -4.351227585584639, 40.269428615937841 ], [ -4.351563483268137, 40.276714993302285 ], [ -4.348979660882662, 40.29149445180748 ], [ -4.349935675291192, 40.298315742077818 ], [ -4.353863083914177, 40.304155177719281 ], [ -4.36011593340362, 40.308082587241593 ], [ -4.365852017156897, 40.309477851221857 ], [ -4.371071336073328, 40.307979234454081 ], [ -4.383551194831796, 40.293483994990368 ], [ -4.388227912288357, 40.286145942581186 ], [ -4.394842495185004, 40.279453844419386 ], [ -4.425434942768391, 40.255217597314243 ], [ -4.430550909796635, 40.247414456012329 ], [ -4.439749315078814, 40.239172065138682 ], [ -4.453727789705738, 40.231653143777521 ], [ -4.484061854870731, 40.221627916195359 ], [ -4.496696743260088, 40.215814317176978 ], [ -4.50636023563635, 40.208915514339488 ], [ -4.511243658667922, 40.202817695380304 ], [ -4.520571255159325, 40.198838609014558 ], [ -4.532999437074352, 40.197960109871133 ], [ -4.549303350769037, 40.200595608200729 ], [ -4.571885952374828, 40.212016099763161 ], [ -4.602426724014094, 40.202249253700074 ], [ -4.62547441181465, 40.19759837556456 ], [ -4.63937537297511, 40.197081610727707 ], [ -4.652604538768458, 40.199949653054034 ], [ -4.672009039685463, 40.206745104003346 ], [ -4.678985357788065, 40.211344306194754 ], [ -4.68407548729391, 40.217080389948023 ], [ -4.686891851877476, 40.224263414524955 ], [ -4.691336025337307, 40.247776191218236 ], [ -4.693894009301118, 40.254700833376717 ], [ -4.695831874741259, 40.26229726820435 ], [ -4.694927537176112, 40.269531968725346 ], [ -4.700043504204359, 40.275603950162122 ], [ -4.710792202198377, 40.275836493259533 ], [ -4.732909714911443, 40.270410467868778 ], [ -4.779935269197322, 40.265320340161551 ], [ -4.800760870717625, 40.265656236046411 ], [ -4.806316087317612, 40.260953681067519 ], [ -4.811819627074158, 40.24705272080638 ], [ -4.81282731832607, 40.239042873929463 ], [ -4.815023566184664, 40.229844469546606 ], [ -4.826960821684565, 40.217648830728926 ], [ -4.843161382591744, 40.2065900743724 ], [ -4.865459764256742, 40.196823229208633 ], [ -4.875898402988923, 40.189640203732381 ], [ -4.893158331991458, 40.181216945705444 ], [ -4.903493617936135, 40.173956406762727 ], [ -4.912201096803187, 40.161631578534539 ], [ -4.914087287198527, 40.154138494695758 ], [ -4.918040534243288, 40.146722927021415 ], [ -4.922407192438016, 40.140289212177386 ], [ -4.929977789743191, 40.134501451580718 ], [ -4.951656052884516, 40.12277090075645 ], [ -4.96617713076995, 40.117861640202534 ], [ -4.988630540267252, 40.114037584366997 ], [ -5.003099941309245, 40.117086492947294 ], [ -5.00788001065399, 40.122486680815641 ], [ -5.014546271293398, 40.150882880540507 ], [ -5.021290046298589, 40.155172024369392 ], [ -5.032322964233401, 40.154810289163493 ], [ -5.057851120732664, 40.148557441472747 ], [ -5.069633348400317, 40.143544827231949 ], [ -5.077384812858838, 40.138583888935329 ], [ -5.08585974772916, 40.130729071689302 ], [ -5.089812994773923, 40.126284898229471 ], [ -5.131231654717112, 40.10253957843878 ], [ -5.135029873030248, 40.098663844860539 ], [ -5.141179368832809, 40.094788113080938 ], [ -5.150661994055782, 40.091610012392152 ], [ -5.166785040597176, 40.088819485330994 ], [ -5.190582038130573, 40.089439602055961 ], [ -5.201950852849564, 40.096183377061159 ], [ -5.230321214152696, 40.106466987061765 ], [ -5.327963832764682, 40.115897936340673 ], [ -5.357626105260578, 40.105330105499945 ], [ -5.360700853161861, 40.101531887186823 ], [ -5.365041672934865, 40.093263657891498 ], [ -5.370390183959843, 40.068329779695546 ], [ -5.371139491894041, 40.058020331273269 ], [ -5.368891567192067, 40.048666897259473 ], [ -5.374110887007816, 39.994820055401192 ], [ -5.391009079905134, 39.920405991743124 ], [ -5.390595668755111, 39.893585924051138 ], [ -5.3861514961946, 39.881028550926885 ], [ -5.376746385337412, 39.883948269197219 ], [ -5.357781133992148, 39.887178045830126 ], [ -5.33023759588832, 39.888935045016296 ], [ -5.321504278599604, 39.887488105091961 ], [ -5.313210211781836, 39.884284165981455 ], [ -5.306027188104281, 39.879555772580829 ], [ -5.299490118674043, 39.873897203193337 ], [ -5.293754034920767, 39.867851061077602 ], [ -5.289309862360256, 39.861701565274991 ], [ -5.289051479941861, 39.854854438381608 ], [ -5.292100389421421, 39.848369045794811 ], [ -5.302849087415439, 39.835243231889592 ], [ -5.307758347969411, 39.82692332575084 ], [ -5.31039384629895, 39.814882717463433 ], [ -5.311866623745687, 39.803333034691775 ], [ -5.314347093343713, 39.793436998318782 ], [ -5.316930914829868, 39.77188792638669 ], [ -5.313416917356847, 39.763206285041974 ], [ -5.308120083175311, 39.758297024488058 ], [ -5.274065314063025, 39.752870999097304 ], [ -5.260267706589389, 39.752250882372323 ], [ -5.253989019577604, 39.753956203815733 ], [ -5.24892473029206, 39.757366848501249 ], [ -5.237840134614542, 39.771422838393285 ], [ -5.229106818225092, 39.779329332482696 ], [ -5.208746303798875, 39.792739366328647 ], [ -5.202235072790359, 39.794573879880602 ], [ -5.182339647256923, 39.796925157370083 ], [ -5.175725062561582, 39.796485907798399 ], [ -5.168128627734006, 39.792894395959593 ], [ -5.163813646382664, 39.78491038750434 ], [ -5.159240281713664, 39.771784572699858 ], [ -5.159085252082718, 39.762250271532764 ], [ -5.165363939094505, 39.747186591288141 ], [ -5.162418382402451, 39.741243801060534 ], [ -5.148930833291331, 39.728686427936282 ], [ -5.141721971191998, 39.720314845853409 ], [ -5.140585089630179, 39.712356675819933 ], [ -5.142419603182133, 39.704837755358085 ], [ -5.146140306230166, 39.697964789143668 ], [ -5.150481126003172, 39.68411550572597 ], [ -5.151824714039322, 39.663005683365569 ], [ -5.155028652250508, 39.656571966722886 ], [ -5.157379929739989, 39.649673162986062 ], [ -5.160997280000458, 39.643213608821 ], [ -5.171487595576081, 39.630966294958512 ], [ -5.175828416248407, 39.624222519953321 ], [ -5.181745368054296, 39.618047187527679 ], [ -5.186783819817435, 39.611432603731657 ], [ -5.197610033076558, 39.599650376963325 ], [ -5.199522060994355, 39.593578396425805 ], [ -5.196447313093018, 39.587661445519238 ], [ -5.190271978868736, 39.582338772016669 ], [ -5.182908088037835, 39.577119452200918 ], [ -5.16683671744056, 39.568799546961493 ], [ -5.159395311344555, 39.563941962351642 ], [ -5.122627528637567, 39.527200018965686 ], [ -5.101285163179739, 39.509371650081562 ], [ -5.086893275604211, 39.500069892011894 ], [ -5.079245163933193, 39.492835191490883 ], [ -5.06428483737534, 39.485548814126453 ], [ -5.046430630069551, 39.482008979131074 ], [ -5.039247606391939, 39.478107408030439 ], [ -5.024623174819681, 39.459297187215398 ], [ -4.994831712013934, 39.432657985777382 ], [ -4.984444749225815, 39.420953274274154 ], [ -4.9714222881081, 39.409739488286732 ], [ -4.966487189132463, 39.406225490813704 ], [ -4.955971035135178, 39.399610907917065 ], [ -4.944369676419456, 39.391911119402607 ], [ -4.880135870873744, 39.366873888419207 ], [ -4.855382859831138, 39.378242703138199 ], [ -4.850060187227882, 39.378733629553324 ], [ -4.842618781131875, 39.380542303784296 ], [ -4.836365933441072, 39.38384959658157 ], [ -4.813679979047778, 39.392376207396019 ], [ -4.777919887592759, 39.400592759847939 ], [ -4.767016159967795, 39.404649360579526 ], [ -4.752960170975142, 39.418162747212989 ], [ -4.70355750167738, 39.43841990795238 ], [ -4.692731289317579, 39.449814561992419 ], [ -4.677874314647907, 39.417594306432065 ], [ -4.68136247369921, 39.400127671854534 ], [ -4.696064418737932, 39.378371894347417 ], [ -4.710947230929947, 39.344136257182527 ], [ -4.720352341787133, 39.334834500012164 ], [ -4.730274216581848, 39.329537664931252 ], [ -4.740661180269286, 39.327935696275347 ], [ -4.749394496658681, 39.324576728433271 ], [ -4.756758389288223, 39.316515203813594 ], [ -4.756189947607993, 39.306154080346516 ], [ -4.753554450177718, 39.297394923736711 ], [ -4.734615037254173, 39.260963040511911 ], [ -4.717200080419389, 39.236054998939039 ], [ -4.715675625229951, 39.232075914371933 ], [ -4.710611335045087, 39.225306300945022 ], [ -4.69911332821755, 39.218123277267416 ], [ -4.670432908551901, 39.190993150313609 ], [ -4.658392300264439, 39.173939927785398 ], [ -4.671414761382154, 39.174456691722938 ], [ -4.676117316361059, 39.175619411706464 ], [ -4.711179774926677, 39.189029446451798 ], [ -4.719034593072022, 39.193163561549113 ], [ -4.727328659889736, 39.196496690070148 ], [ -4.744769456045561, 39.198822130037229 ], [ -4.762623664250727, 39.19543732377344 ], [ -4.771925422320407, 39.194817206149132 ], [ -4.781097988281545, 39.195127265410967 ], [ -4.798642137224874, 39.199106349978031 ], [ -4.806781175311018, 39.198796292514899 ], [ -4.813395758207662, 39.194455470943197 ], [ -4.819648606797784, 39.188719387189948 ], [ -4.825772264178681, 39.182027289028149 ], [ -4.839724901283148, 39.170270901580814 ], [ -4.847037116169986, 39.165490831336797 ], [ -4.851119554423915, 39.158979601227585 ], [ -4.855563726984427, 39.147843328706642 ], [ -4.867397629696883, 39.106140448822657 ], [ -4.867475144961987, 39.091981106143123 ], [ -4.863986985910683, 39.081619980877392 ], [ -4.857475754902167, 39.076219793908365 ], [ -4.840241665220673, 39.068623359080732 ], [ -4.833627082323972, 39.062887275327455 ], [ -4.831043259938498, 39.054257310826188 ], [ -4.834712287042406, 39.047591051086094 ], [ -4.859000210091609, 39.036506456307905 ], [ -4.867604336171212, 39.033638413981578 ], [ -4.877293666969139, 39.032604885207263 ], [ -4.895328742327592, 39.037669176291445 ], [ -4.919926723739309, 39.049141343797942 ], [ -4.928582525762977, 39.051518459709143 ], [ -4.937806768567498, 39.053068753320304 ], [ -4.946385057124701, 39.050975857349883 ], [ -4.954136521583223, 39.045575670380863 ], [ -4.953593919223978, 39.038961087484161 ], [ -4.951165127368768, 39.03170054854143 ], [ -4.947599453052304, 39.024388332755336 ], [ -4.946385057124701, 39.016791897028384 ], [ -4.944317999576015, 39.009660549294892 ], [ -4.939512090910284, 39.004622097531751 ], [ -4.934447800725422, 39.00152151120875 ], [ -4.931269700935957, 39.000126248127799 ], [ -4.930933804151719, 38.999351100872559 ], [ -4.929796921690581, 38.991728826723943 ], [ -4.929590216115571, 38.984907538252287 ], [ -4.92803992430305, 38.977466132156223 ], [ -4.925016852345892, 38.97017975479185 ], [ -4.920624354830125, 38.964133613575363 ], [ -4.913828904780132, 38.95968943921622 ], [ -4.879774135667843, 38.952248033120206 ], [ -4.873211228715262, 38.948940742121522 ], [ -4.846649543441688, 38.945969347007747 ], [ -4.840060798067384, 38.93963898405184 ], [ -4.836314255698369, 38.928528550851922 ], [ -4.841404385204214, 38.914240016963163 ], [ -4.845719366555556, 38.892044989884376 ], [ -4.850757819218017, 38.886670641336984 ], [ -4.858586798941644, 38.886153876500202 ], [ -4.886337042620426, 38.889099433192257 ], [ -4.895793830320997, 38.888117581261326 ], [ -4.904682176341396, 38.885998846869256 ], [ -4.912898728793321, 38.882278143821281 ], [ -4.9197458556867, 38.877162176792993 ], [ -4.927342292312971, 38.87031504989961 ], [ -4.942871059651679, 38.848869329855688 ], [ -4.947521937787203, 38.839360867110322 ], [ -4.971654832104833, 38.769158433814653 ], [ -4.981370002223855, 38.749598904166078 ], [ -4.990775112181666, 38.739315294165465 ], [ -4.997854783971095, 38.735827135114171 ], [ -5.002815721368449, 38.735103664702365 ], [ -5.009740362627667, 38.735362047120759 ], [ -5.021445075030215, 38.734225165558946 ], [ -5.036586269640623, 38.728411567439878 ], [ -4.979199590988346, 38.694382635849934 ], [ -4.945971645974682, 38.683737291542741 ], [ -4.924241705989971, 38.683323880392727 ], [ -4.912821214427538, 38.684925849048682 ], [ -4.883029750722415, 38.685235908310524 ], [ -4.873495448656058, 38.680688381163868 ], [ -4.869723069663961, 38.673867091792829 ], [ -4.867371792174482, 38.658467516562617 ], [ -4.867371792174482, 38.650793565570552 ], [ -4.865899013828427, 38.635006414914074 ], [ -4.861093105162696, 38.625808010531216 ], [ -4.849285040871962, 38.614852606962245 ], [ -4.828485276874062, 38.604052232124786 ], [ -4.813938360566908, 38.599763089195164 ], [ -4.801251797132749, 38.597747708489926 ], [ -4.78158891379735, 38.597334296440579 ], [ -4.768979864728975, 38.594388739748524 ], [ -4.727974615935807, 38.579764309075586 ], [ -4.714926317295693, 38.572581285397973 ], [ -4.706993983885241, 38.565398260821048 ], [ -4.703970912827401, 38.559352117805979 ], [ -4.685238206378131, 38.550437934263236 ], [ -4.668004115797316, 38.545089423238259 ], [ -4.632734950757369, 38.523540351306167 ], [ -4.623820767214625, 38.51434194602399 ], [ -4.61854977055549, 38.505970363941117 ], [ -4.610488246835131, 38.49697866513327 ], [ -4.6025300768016, 38.492586168516837 ], [ -4.593331672418742, 38.490002346131355 ], [ -4.584184943080686, 38.490002346131348 ], [ -4.570439011551174, 38.486746731076778 ], [ -4.558269212054483, 38.478814399464966 ], [ -4.54305050307829, 38.472923285181423 ], [ -4.517057256786984, 38.455508328346639 ], [ -4.48889360195818, 38.431969713231638 ], [ -4.469514940362217, 38.409542141256793 ], [ -4.460058152661645, 38.400912176755526 ], [ -4.449748704239312, 38.395951240257489 ], [ -4.405694545966527, 38.379569811297756 ], [ -4.379752977417978, 38.372593492295834 ], [ -4.366317105150301, 38.37117238989385 ], [ -4.301799078764475, 38.350114244376854 ], [ -4.290042690417863, 38.348874010027544 ], [ -4.275495775010029, 38.350915229154459 ], [ -4.274849818963958, 38.387993069324686 ], [ -4.271800910383718, 38.394788520273949 ], [ -4.264979621012685, 38.401428940693052 ], [ -4.256065435671303, 38.402772528729194 ], [ -4.235110642941834, 38.403392646353552 ], [ -4.215525274871538, 38.401222236017361 ], [ -4.177594773979649, 38.390576890810848 ], [ -3.89373613131744, 38.381611030424665 ], [ -3.859939743724226, 38.385951850197728 ], [ -3.839682582984836, 38.392618109937814 ], [ -3.829683192925017, 38.407785142969942 ], [ -3.823094447550717, 38.415200711543605 ], [ -3.807539841790288, 38.423107204733697 ], [ -3.794155646365994, 38.426078599847479 ], [ -3.778368495709516, 38.427344671719197 ], [ -3.767051356934587, 38.42654368694155 ], [ -3.757801275708289, 38.422797146371167 ], [ -3.740980597176815, 38.41814626733634 ], [ -3.732660691937383, 38.420239163306761 ], [ -3.725581021047276, 38.422797146371181 ], [ -3.717467821382854, 38.422099514381031 ], [ -3.692172207081683, 38.413469549879785 ], [ -3.671966722286413, 38.411557521962038 ], [ -3.61985104029327, 38.401428940693052 ], [ -3.607061123172286, 38.401687324010766 ], [ -3.596028205237474, 38.403986925556126 ], [ -3.588741827873094, 38.407681790182437 ], [ -3.584866095194174, 38.413650417932452 ], [ -3.580602789786952, 38.43589712185468 ], [ -3.576752896429013, 38.443493557581576 ], [ -3.566391771163297, 38.449126288547347 ], [ -3.553601854042313, 38.450159817321676 ], [ -3.543835007979226, 38.448816230184832 ], [ -3.538073085804286, 38.443648587212522 ], [ -3.534559089230584, 38.437395737723087 ], [ -3.533112148406929, 38.430264390888908 ], [ -3.530399135711548, 38.423391425573811 ], [ -3.526368374301057, 38.417138576983731 ], [ -3.519081996936619, 38.413340359569922 ], [ -3.486060756598647, 38.406441554933792 ], [ -3.469575974851353, 38.404477851071917 ], [ -3.457328660089615, 38.40483958627788 ], [ -3.445210537436367, 38.406493231777176 ], [ -3.41906226241349, 38.415045681013339 ], [ -3.395937059347831, 38.426440335053371 ], [ -3.381390143040676, 38.438635972971781 ], [ -3.37666174964005, 38.444759630352621 ], [ -3.375628220865735, 38.451761785977631 ], [ -3.373612840160434, 38.458893133711115 ], [ -3.369556240328222, 38.466231187019616 ], [ -3.361882290235542, 38.473259181965666 ], [ -3.345785081216547, 38.47979625139584 ], [ -3.322814906882456, 38.482405911303715 ], [ -3.307415329853598, 38.481889146466926 ], [ -3.29571061835037, 38.478685208255733 ], [ -3.277933926309685, 38.471657213309697 ], [ -3.259562954166996, 38.466747951856476 ], [ -3.240287645358535, 38.463724880798566 ], [ -3.17083451999713, 38.460960191259801 ], [ -3.137348191665694, 38.452795314751931 ], [ -3.123266364251322, 38.453803006003909 ], [ -3.113525355710578, 38.457549547473604 ], [ -3.098487514786996, 38.468582465408417 ], [ -3.069703742333843, 38.482715968766925 ], [ -3.060608689839171, 38.482612616878725 ], [ -3.052960578168155, 38.478969428196535 ], [ -3.04634599437213, 38.472923285181423 ], [ -3.023194952884752, 38.446335761486182 ], [ -3.009371506989453, 38.434450181930345 ], [ -3.000870733697411, 38.430057685313898 ], [ -2.997072516283595, 38.433054917950074 ], [ -2.995134649944134, 38.438532620184276 ], [ -2.99273169561127, 38.451968492451961 ], [ -2.986814743805382, 38.457213649790106 ], [ -2.966557583065992, 38.468608302930818 ], [ -2.950796270831233, 38.474473577893264 ], [ -2.938135544919475, 38.475946357138632 ], [ -2.923459438302472, 38.476333929866939 ], [ -2.913124152357739, 38.474654445945873 ], [ -2.902737188670359, 38.471915594828829 ], [ -2.89503740105522, 38.466902981487408 ], [ -2.883849452590198, 38.461554470462438 ], [ -2.878991867980346, 38.460598456053901 ], [ -2.875503708929045, 38.461942044090051 ], [ -2.873333298592855, 38.464034939161095 ], [ -2.870646125218514, 38.465714423082147 ], [ -2.865168422984368, 38.467833157474224 ], [ -2.863359747854076, 38.469047553401822 ], [ -2.861602748667906, 38.470907905375498 ], [ -2.859639044806102, 38.473465888439989 ], [ -2.850905728416649, 38.479951280127473 ], [ -2.844885422923937, 38.483439439178767 ], [ -2.81659257598659, 38.49584178357145 ], [ -2.811269904282653, 38.497547105014853 ], [ -2.807368333182012, 38.499924220926005 ], [ -2.806903245188607, 38.500492661706971 ], [ -2.790857713013054, 38.507055569558879 ], [ -2.770083787436874, 38.520517280248271 ], [ -2.767680833103952, 38.524212144874582 ], [ -2.756027798444165, 38.533126329316651 ], [ -2.718536546224641, 38.514290270079869 ], [ -2.675205858363653, 38.500234280187826 ], [ -2.656163091753285, 38.506332099147023 ], [ -2.642804734750713, 38.509277655839128 ], [ -2.626319953003417, 38.510827949450288 ], [ -2.598750575578606, 38.509949449407557 ], [ -2.582214117887247, 38.505246894428637 ], [ -2.573842535804375, 38.502042955318132 ], [ -2.571904670364234, 38.500544339449675 ], [ -2.571387904628125, 38.499872544981947 ], [ -2.571207038374154, 38.498735663420121 ], [ -2.571129523108993, 38.495583401152999 ], [ -2.574617682160294, 38.483594468809656 ], [ -2.57226640467087, 38.469667670126853 ], [ -2.570044318390615, 38.462717190445971 ], [ -2.570664435115589, 38.448402818135548 ], [ -2.573248256601743, 38.441271471301327 ], [ -2.574023402957665, 38.43455353381853 ], [ -2.571517095837294, 38.427628893458632 ], [ -2.567408820061019, 38.422797146371181 ], [ -2.55717688600447, 38.414451401810709 ], [ -2.488731451894978, 38.398741767318711 ], [ -2.487155320761474, 38.393083197931219 ], [ -2.488188848636469, 38.37884633998658 ], [ -2.487517055967373, 38.371094876427378 ], [ -2.485553351206192, 38.363756822219557 ], [ -2.481936000945723, 38.357013048113686 ], [ -2.479197149828622, 38.341923530346605 ], [ -2.480075648972047, 38.326291409321072 ], [ -2.479352178560192, 38.31735138645729 ], [ -2.477569341851677, 38.308127142753392 ], [ -2.471109787686544, 38.298179430436342 ], [ -2.440052253009071, 38.282754014985763 ], [ -2.43248165480452, 38.272961331400325 ], [ -2.43062130373022, 38.265623277192446 ], [ -2.430259569423584, 38.258801987821471 ], [ -2.431913214922929, 38.252497464186611 ], [ -2.432869229331459, 38.244901028459651 ], [ -2.434807094771601, 38.238854885444596 ], [ -2.437287562570987, 38.233144640113039 ], [ -2.441163296149227, 38.228467923555797 ], [ -2.445607468709738, 38.225367337232782 ], [ -2.448863083764308, 38.222266750909796 ], [ -2.448449672614288, 38.21715078388155 ], [ -2.444108852841282, 38.205136013116487 ], [ -2.442946132857742, 38.196247667096145 ], [ -2.444806483932097, 38.188186144275107 ], [ -2.506482306413318, 38.125295924966963 ], [ -2.515835741326383, 38.111911729542669 ], [ -2.521933560285561, 38.105064601749973 ], [ -2.53619625485328, 38.093075670305893 ], [ -2.547384202419038, 38.080647488390866 ], [ -2.465838791926728, 38.049383246339737 ], [ -2.361168179268077, 38.024346015356286 ], [ -2.350936245211528, 38.023622544944487 ], [ -2.338533900818902, 38.026490587270757 ], [ -2.324219530307062, 38.062379869035681 ], [ -2.318819342438701, 38.069356187138268 ], [ -2.280966355912597, 38.103230089097345 ], [ -2.250528937060778, 38.136277166957655 ], [ -2.222210251701767, 38.182837633250131 ], [ -2.211926641701154, 38.195937607834296 ], [ -2.182806973363142, 38.21790009181575 ], [ -2.170327113705356, 38.223817044520956 ], [ -2.158751593411296, 38.227098497097927 ], [ -2.139088710975215, 38.230328273730834 ], [ -2.127409836994389, 38.235185859240005 ], [ -2.085061001064332, 38.265829982767464 ], [ -2.059067755672402, 38.290376288235109 ], [ -2.042893032287623, 38.298360296690305 ], [ -2.031730923143584, 38.299910590301472 ], [ -2.023359341060768, 38.298980414314663 ], [ -2.015995449330546, 38.29507884411332 ], [ -1.998890549958901, 38.282159735783196 ], [ -1.992792730999725, 38.279524238352906 ], [ -1.984808721645208, 38.279265855035142 ], [ -1.958117845162406, 38.28665558518707 ], [ -1.926181810442188, 38.291048081803524 ], [ -1.910342982942324, 38.295518092785755 ], [ -1.885848354318114, 38.306240953257365 ], [ -1.84802120621373, 38.329081936382238 ], [ -1.795724657067297, 38.353912461790699 ], [ -1.792624070744295, 38.359829412697195 ], [ -1.792779100375184, 38.365100409356387 ], [ -1.791073778032455, 38.366934922908342 ], [ -1.786474574941678, 38.367089952539231 ], [ -1.773865525873304, 38.369492905972834 ], [ -1.767147590189154, 38.375073960994484 ], [ -1.759912888768839, 38.378122870474044 ], [ -1.750533617232634, 38.380344956754357 ], [ -1.743092210237307, 38.380499986385246 ], [ -1.736374273653837, 38.37938894324509 ], [ -1.725005458934788, 38.373627021070149 ], [ -1.719036831184837, 38.371353257946453 ], [ -1.702655402225048, 38.373627021070149 ], [ -1.695989141585642, 38.372877713135949 ], [ -1.690873174557396, 38.370216376384633 ], [ -1.686558193206054, 38.366624864545827 ], [ -1.683121710998194, 38.36243907350439 ], [ -1.681881475749492, 38.357607327316245 ], [ -1.681674771073858, 38.352543036232134 ], [ -1.684465298135023, 38.34732371731571 ], [ -1.685162930125159, 38.341897691025622 ], [ -1.684000210141619, 38.336600856844029 ], [ -1.681933152592933, 38.331562405080902 ], [ -1.678057419914012, 38.326911526046047 ], [ -1.673458217722555, 38.322777410948731 ], [ -1.66779964833512, 38.319676826424384 ], [ -1.654596320064115, 38.314664212183629 ], [ -1.646147222716138, 38.312235419429044 ], [ -1.636302863186585, 38.310788479504708 ], [ -1.626742722698509, 38.311408596229683 ], [ -1.567314825818585, 38.326213894055968 ], [ -1.494709438190057, 38.373110256233304 ], [ -1.485278489810469, 38.381378486427998 ], [ -1.481015184403248, 38.388277289265503 ], [ -1.479051478742746, 38.395692856939775 ], [ -1.477940435602648, 38.403676866294347 ], [ -1.478483038861157, 38.411454169174533 ], [ -1.483288946627568, 38.43569041627967 ], [ -1.483030565108493, 38.452226873971028 ], [ -1.485717739382153, 38.483697822496481 ], [ -1.489645148005196, 38.500001736191173 ], [ -1.494786952555842, 38.513411770037123 ], [ -1.498352626872248, 38.519354560264738 ], [ -1.500135463580761, 38.523333644831837 ], [ -1.501324021986022, 38.529173082271882 ], [ -1.501995814655118, 38.534909166025159 ], [ -1.499980434849192, 38.540593573834308 ], [ -1.497448289307101, 38.545864570493507 ], [ -1.485149297701924, 38.562917792122391 ], [ -1.476235114159181, 38.569790758336808 ], [ -1.464530401756633, 38.57619863475918 ], [ -1.458665126794187, 38.582864895398586 ], [ -1.454272630177741, 38.589686183870242 ], [ -1.452929043040911, 38.604930732167531 ], [ -1.453264939825147, 38.612346299841832 ], [ -1.450319383133035, 38.627720038449013 ], [ -1.43362789581073, 38.655832018233014 ], [ -1.402828741753012, 38.684977524992739 ], [ -1.385775519224865, 38.696914781392039 ], [ -1.371486986235425, 38.702702541988685 ], [ -1.363502976880909, 38.701307278008471 ], [ -1.357766893127632, 38.696398017454499 ], [ -1.352857631674397, 38.690455227226948 ], [ -1.345338711212548, 38.686579495447361 ], [ -1.334202439590911, 38.686734524178917 ], [ -1.278236864239887, 38.711590888009027 ], [ -1.252812058729546, 38.731873888069458 ], [ -1.243174403875628, 38.73807505981614 ], [ -1.233381720290197, 38.742131658749017 ], [ -1.174186367406946, 38.754094754469349 ], [ -1.164497035709644, 38.752621975223981 ], [ -1.128426885892054, 38.743371893997676 ], [ -1.119926112600013, 38.740064602099672 ], [ -1.114293381634241, 38.734690253552344 ], [ -1.1127430889224, 38.727868964181297 ], [ -1.111916265723096, 38.720505073350409 ], [ -1.109254929871099, 38.713761298345219 ], [ -1.105301682826394, 38.707508449755153 ], [ -1.077861496610808, 38.687613023322342 ], [ -1.022128465256458, 38.654540107040319 ], [ -1.006470505809204, 38.658312486032401 ], [ -1.001432054046063, 38.657433986888975 ], [ -0.977169969418583, 38.656452134958045 ], [ -0.957145351776547, 38.658829250869196 ], [ -0.939575365310873, 38.663996893841556 ], [ -0.908156093628804, 38.681360174732283 ], [ -0.903479377071619, 38.685080877780251 ], [ -0.903479377071619, 38.688698228940098 ], [ -0.909861415971591, 38.696217149401889 ], [ -0.916398485401771, 38.702418321148578 ], [ -0.927302212127415, 38.715053209537984 ], [ -0.933089971824757, 38.720505073350409 ], [ -0.942288377106934, 38.73117625607933 ], [ -0.948877121581916, 38.743346056475332 ], [ -0.953683031146966, 38.762647202806136 ], [ -0.95298539915683, 38.770269476954752 ], [ -0.949083828056246, 38.777271633479067 ], [ -0.939652878777338, 38.779958807752735 ], [ -0.930643004670912, 38.78550801598216 ], [ -0.920480922756383, 38.791766872942787 ], [ -0.918827277257037, 38.808406684321028 ], [ -0.915132411731406, 38.81329010735255 ], [ -0.912574428666971, 38.81980133746174 ], [ -0.913272060657107, 38.824581406806431 ], [ -0.926217007408979, 38.855251370554299 ], [ -0.926527064872175, 38.863416246162785 ], [ -0.921540289952418, 38.87855744077325 ], [ -0.920946010749788, 38.886153876500202 ], [ -0.926527064872175, 38.895533148935669 ], [ -0.959186570903512, 38.94002655678014 ], [ -0.971072149560086, 38.946253566948542 ], [ -0.981304083616578, 38.949535020424833 ], [ -0.991070928780346, 38.951214505245233 ], [ -0.998538174197393, 38.950491033934057 ], [ -1.004248420428269, 38.948682358803815 ], [ -1.019596319714366, 38.940569159139386 ], [ -1.037863939069553, 38.937313544084766 ], [ -1.066105109163459, 38.938088691339999 ], [ -1.093648647267287, 38.933231105830828 ], [ -1.121037156639488, 38.932585151583453 ], [ -1.134395513642062, 38.937985338552487 ], [ -1.15147457459193, 38.948527330072196 ], [ -1.248367886169035, 39.038134264284849 ], [ -1.255809292265042, 39.047280991824266 ], [ -1.261312832021588, 39.063352363320917 ], [ -1.262113816799229, 39.073687649265594 ], [ -1.259685024044643, 39.082369289710925 ], [ -1.256739468251851, 39.089190579081958 ], [ -1.254982469065681, 39.096063544397055 ], [ -1.251390957226931, 39.102962348133815 ], [ -1.241184861592103, 39.117302557966639 ], [ -1.237179937703957, 39.124769802484366 ], [ -1.231314662741511, 39.139936835516551 ], [ -1.226922166125064, 39.146809800831647 ], [ -1.214855719415937, 39.15916046838089 ], [ -1.207931077257399, 39.164431464140755 ], [ -1.201807419876559, 39.170425930312433 ], [ -1.193280809062117, 39.184998684141931 ], [ -1.190955369095036, 39.191768297568849 ], [ -1.186252814116074, 39.20114756910499 ], [ -1.184547491773344, 39.206961168123364 ], [ -1.181162686408868, 39.213214015814174 ], [ -1.178578864023393, 39.220552070021988 ], [ -1.176279263377296, 39.235228175739671 ], [ -1.177597012092463, 39.24241120121593 ], [ -1.177286952830628, 39.249955960099449 ], [ -1.178294644082541, 39.257707424557964 ], [ -1.175969204115461, 39.273365383105897 ], [ -1.173798793779327, 39.28075511325784 ], [ -1.170336473149746, 39.288299872141351 ], [ -1.171473353812246, 39.296077175021594 ], [ -1.177726203301631, 39.304112861219551 ], [ -1.31048295732262, 39.337289130289093 ], [ -1.320973272898243, 39.338245143798304 ], [ -1.329086472562665, 39.337935086335165 ], [ -1.339680141825113, 39.341733302849605 ], [ -1.385000372868945, 39.36498769802381 ], [ -1.406239386438529, 39.370594591467182 ], [ -1.415411953299042, 39.370284532205346 ], [ -1.420760464323962, 39.367649033875807 ], [ -1.426496548077239, 39.366718857888941 ], [ -1.435333218153517, 39.367261461147507 ], [ -1.440785081066622, 39.366227932373135 ], [ -1.445746019363298, 39.366899725941551 ], [ -1.448536546424464, 39.373772691256647 ], [ -1.45000932477052, 39.379482937487595 ], [ -1.45099117670145, 39.385529080502643 ], [ -1.452386439782401, 39.390205797059878 ], [ -1.455512865426385, 39.394236559369688 ], [ -1.464995489750038, 39.396742866490058 ], [ -1.467708503344738, 39.400799465422949 ], [ -1.46933631042242, 39.404158434164408 ], [ -1.476855230884212, 39.406070462082141 ], [ -1.481738653915784, 39.409429429924216 ], [ -1.484451666611107, 39.415372219252497 ], [ -1.487009649675599, 39.419635525559045 ], [ -1.50101613998288, 39.4220416275191 ], [ -1.506801724220225, 39.430410061075477 ], [ -1.510909999996499, 39.432683824199103 ], [ -1.515018275772832, 39.436740424031314 ], [ -1.517447069426737, 39.441081243804327 ], [ -1.518273891726722, 39.446016344578588 ], [ -1.518196377360937, 39.451829941798337 ], [ -1.512692836705071, 39.458935452009484 ], [ -1.506439989014268, 39.47604035138108 ], [ -1.50747351688932, 39.486789049375098 ], [ -1.505432297762354, 39.491026516360591 ], [ -1.501324021986022, 39.493713691533628 ], [ -1.498352626872247, 39.496090807444773 ], [ -1.499205287593953, 39.498312892825709 ], [ -1.499877082061687, 39.499294744756646 ], [ -1.501168993254453, 39.500173244799377 ], [ -1.503236049903762, 39.503971463112521 ], [ -1.502615933178788, 39.512989000342088 ], [ -1.503313564269604, 39.517949936840068 ], [ -1.503391078635388, 39.522962551080859 ], [ -1.502150845185383, 39.527355047697256 ], [ -1.499877082061687, 39.533142809193308 ], [ -1.499825405218303, 39.534899807480102 ], [ -1.499902919584088, 39.535674953836008 ], [ -1.501453213195248, 39.539111436943244 ], [ -1.503571946687998, 39.54267711036033 ], [ -1.504476284253144, 39.54554515178728 ], [ -1.504321254622198, 39.549240017312911 ], [ -1.503158534638658, 39.55293488193923 ], [ -1.498120082875516, 39.56347687435823 ], [ -1.494425218249205, 39.567275091772046 ], [ -1.485304328232189, 39.570918281353556 ], [ -1.474788174234845, 39.578488877759469 ], [ -1.463186814619803, 39.590245266106137 ], [ -1.427530075952234, 39.645228990425551 ], [ -1.421483933836499, 39.651378486228126 ], [ -1.398953009074092, 39.668948472693849 ], [ -1.380969610559078, 39.680575669831285 ], [ -1.372029587695351, 39.68357290336678 ], [ -1.363063727309168, 39.684348048823374 ], [ -1.353994513236216, 39.68362457931083 ], [ -1.337044644394837, 39.677449245985883 ], [ -1.329086472562665, 39.673651028572074 ], [ -1.320353156173212, 39.67137726544842 ], [ -1.301749640033848, 39.671015530242528 ], [ -1.29218950044509, 39.672669175741817 ], [ -1.283766242418154, 39.676209010737246 ], [ -1.275911424272806, 39.680627345775342 ], [ -1.269942795623535, 39.686776842477286 ], [ -1.265498623063024, 39.693804837423272 ], [ -1.265550299007088, 39.703442491377871 ], [ -1.269736090048525, 39.718816229985009 ], [ -1.270562913247886, 39.725947576819181 ], [ -1.270097826153744, 39.734241645435588 ], [ -1.267048915774865, 39.74346588824011 ], [ -1.243872035865763, 39.775479438225481 ], [ -1.232684089199381, 39.787003282575427 ], [ -1.225578578988234, 39.796305039745782 ], [ -1.217801276107991, 39.811911323248928 ], [ -1.202866787072594, 39.863303533930946 ], [ -1.200334642429823, 39.879555772580829 ], [ -1.199404466442957, 39.894826158400463 ], [ -1.196691452848256, 39.910587469735901 ], [ -1.196846483378522, 39.918183906362181 ], [ -1.199016892815337, 39.92407501884702 ], [ -1.205140550196234, 39.933480129704208 ], [ -1.20661332764297, 39.93857025831074 ], [ -1.203796963059403, 39.944332180485716 ], [ -1.196226365754172, 39.950636705019932 ], [ -1.157934128757063, 39.963891710134305 ], [ -1.145480109319578, 39.972289129739529 ], [ -1.162714199001073, 40.011459865880056 ], [ -1.180542567885198, 40.008901881916302 ] ] ] ] } },
{ "type": "Feature", "properties": { "region": "Cataluña", "wind_mw": 1341.8, "area_km2": 31923.634639946082, "wind_mw_per_1000km2": 42.031554838088645 }, "geometry": { "type": "MultiPolygon", "coordinates": [ [ [ [ 1.712174112944922, 42.49371226011273 ], [ 1.712690877000114, 42.496787008000062 ], [ 1.711967407000117, 42.499293315000031 ], [ 1.710003703000069, 42.501334534000073 ], [ 1.707006470000067, 42.502781474000059 ], [ 1.697498006000074, 42.494461569000109 ], [ 1.68633589600006, 42.490611675000075 ], [ 1.674243611000065, 42.490508321000036 ], [ 1.662358032000043, 42.49371226 ], [ 1.659774210000137, 42.496812846000054 ], [ 1.656983683000078, 42.497639669000066 ], [ 1.653986450000076, 42.496528626000085 ], [ 1.650369100000091, 42.493402202000141 ], [ 1.639517049000119, 42.466427104000012 ], [ 1.607477661000132, 42.456427714000085 ], [ 1.572664978328698, 42.453074853586578 ], [ 1.544432414000084, 42.450355734000127 ], [ 1.538851359000091, 42.44565317800005 ], [ 1.53451053900011, 42.439917094000087 ], [ 1.528206014000091, 42.434232686000037 ], [ 1.516630493000122, 42.429504293000051 ], [ 1.508465617000127, 42.428677470000039 ], [ 1.447900838000066, 42.434646098000073 ], [ 1.436428670000055, 42.44095062300007 ], [ 1.436428670000055, 42.453482158000085 ], [ 1.407593221000098, 42.486761780000037 ], [ 1.424543090000015, 42.49247202600008 ], [ 1.430227498000079, 42.493557231000061 ], [ 1.449967895000043, 42.504073384000023 ], [ 1.446557251000087, 42.519886374000023 ], [ 1.428987264000114, 42.531461894000067 ], [ 1.406456339000101, 42.529239808000078 ], [ 1.40976363100009, 42.54060862200005 ], [ 1.426300090000097, 42.561795960000019 ], [ 1.426403442000122, 42.565645854000053 ], [ 1.418031860000042, 42.569831645000093 ], [ 1.419272095000082, 42.579262594000042 ], [ 1.424853150000104, 42.5893653360001 ], [ 1.42929732200011, 42.595385641000064 ], [ 1.414827921000068, 42.609338277000013 ], [ 1.397981404000092, 42.643625590000049 ], [ 1.378757771000067, 42.663236796000078 ], [ 1.361084432000069, 42.686723735000058 ], [ 1.352712850000103, 42.690056865000045 ], [ 1.343307739000039, 42.690444438000057 ], [ 1.338243449000061, 42.694449361000053 ], [ 1.342584269000042, 42.708660381000122 ], [ 1.319123169000079, 42.713362936000074 ], [ 1.195926554000096, 42.713647156000079 ], [ 1.162543579000044, 42.705688986 ], [ 1.151484823000118, 42.706722514 ], [ 1.13432824700007, 42.715972596000107 ], [ 1.124096313000081, 42.72974436500003 ], [ 1.116551554000125, 42.745247294000052 ], [ 1.106733032000079, 42.759613343000055 ], [ 1.089059692000149, 42.771318054000048 ], [ 1.068182414000092, 42.77612396300006 ], [ 0.982916300000113, 42.780361430000092 ], [ 0.975268189000133, 42.78374623600012 ], [ 0.958731730000068, 42.793719788000018 ], [ 0.950256795000143, 42.796122742000058 ], [ 0.940024862000087, 42.793668112 ], [ 0.930619751000108, 42.788035380000053 ], [ 0.921111287000116, 42.784366354000085 ], [ 0.910362589000101, 42.787673646000059 ], [ 0.894446248000094, 42.799326681000039 ], [ 0.885764608000045, 42.804235942000105 ], [ 0.856102336000077, 42.812762553000084 ], [ 0.812900838000132, 42.831624451000017 ], [ 0.795744263000074, 42.833846537000042 ], [ 0.776313924000078, 42.832451274000036 ], [ 0.758847290000063, 42.835267640000041 ], [ 0.72432743300007, 42.845292867000026 ], [ 0.706757446000097, 42.846584779000082 ], [ 0.67936893700005, 42.845112 ], [ 0.656321248000097, 42.838419902000062 ], [ 0.651567016000086, 42.824053854000077 ], [ 0.653737427000095, 42.802685649000054 ], [ 0.639681437000149, 42.774677023000052 ], [ 0.650740194000065, 42.76338572300007 ], [ 0.643298787000049, 42.759070740000098 ], [ 0.63957808400005, 42.754833272000056 ], [ 0.633480265000088, 42.744782206000139 ], [ 0.647639608000134, 42.741035665000112 ], [ 0.659628540000085, 42.729899394000071 ], [ 0.666449829000044, 42.714758200000077 ], [ 0.66541630100005, 42.698660991000104 ], [ 0.663425813950141, 42.696214350811601 ], [ 0.675649041270219, 42.688686632282213 ], [ 0.694562615772099, 42.662357490106046 ], [ 0.708411899189798, 42.634193834377925 ], [ 0.716318394178529, 42.625718899507604 ], [ 0.725465121718002, 42.620292874116842 ], [ 0.733991733431765, 42.617269802159626 ], [ 0.754662306220439, 42.61445343757606 ], [ 0.765514357001962, 42.609905911328724 ], [ 0.768925001687478, 42.605590929078119 ], [ 0.769545119311772, 42.601275946827457 ], [ 0.765669385733531, 42.594919745449893 ], [ 0.764429152283526, 42.589571235324229 ], [ 0.762723829940796, 42.575386054222975 ], [ 0.761483594692152, 42.569314072786199 ], [ 0.759778273248685, 42.564663193751358 ], [ 0.757297803650715, 42.560554917975082 ], [ 0.752336867152678, 42.55487051016587 ], [ 0.746859164918533, 42.546602280870559 ], [ 0.742208285883692, 42.537713934850217 ], [ 0.73755740684885, 42.533993231802185 ], [ 0.734146763062654, 42.528231310526564 ], [ 0.730581088746248, 42.519730536335146 ], [ 0.733216587075844, 42.508775132766118 ], [ 0.730581088746248, 42.503142401800396 ], [ 0.730271030383733, 42.500713609045818 ], [ 0.726395297704812, 42.498594876452394 ], [ 0.722519565025891, 42.49725128841618 ], [ 0.718333773984454, 42.496682848534583 ], [ 0.710892367888448, 42.496372789272812 ], [ 0.704381137779251, 42.492755439012285 ], [ 0.701435581087196, 42.484332180086021 ], [ 0.703605991423331, 42.477045802721591 ], [ 0.708566928820687, 42.468984279900553 ], [ 0.710892367888448, 42.461387844173672 ], [ 0.711512484613479, 42.450794175810522 ], [ 0.715078158929884, 42.443146064139512 ], [ 0.718953891608806, 42.439063625885581 ], [ 0.722519565025891, 42.4367381859185 ], [ 0.726860385698217, 42.433327542132361 ], [ 0.732906527814009, 42.426867987967228 ], [ 0.73833255410409, 42.414620673205491 ], [ 0.746394076925071, 42.3905394557313 ], [ 0.751096631904034, 42.347958075804513 ], [ 0.751251662434242, 42.328682766096726 ], [ 0.749856397554709, 42.319251816817882 ], [ 0.744378696219826, 42.306100165390319 ], [ 0.745618930569208, 42.301681830352152 ], [ 0.745618930569208, 42.288633530812774 ], [ 0.743448521132336, 42.27065013319708 ], [ 0.741743197890287, 42.264009710979337 ], [ 0.733216587075844, 42.24522532768669 ], [ 0.725775180979781, 42.2355359968887 ], [ 0.721744418669971, 42.231479397056489 ], [ 0.71941897960221, 42.22677684207757 ], [ 0.711667515143688, 42.195357571294842 ], [ 0.708256869558852, 42.188071193930455 ], [ 0.705466343397006, 42.178356024710752 ], [ 0.703450961792441, 42.167891547556849 ], [ 0.705931431390411, 42.162232978169357 ], [ 0.708876987183203, 42.152052720956306 ], [ 0.706241488853607, 42.141665758168187 ], [ 0.703140903429926, 42.120323390911736 ], [ 0.699110142019435, 42.109367988242013 ], [ 0.693942498147749, 42.100376288534846 ], [ 0.684485711346497, 42.095027778409246 ], [ 0.684330681715551, 42.089989325746778 ], [ 0.668517694436048, 42.049164944106849 ], [ 0.65487511569404, 42.026995755449725 ], [ 0.65487511569404, 42.020484524441216 ], [ 0.655960321311795, 42.0127847359268 ], [ 0.651619499740093, 42.001881008301893 ], [ 0.646813591973682, 41.996248277336122 ], [ 0.642472772200676, 41.992269191869696 ], [ 0.631258986213254, 41.989116930501908 ], [ 0.624437696842222, 41.984776108930241 ], [ 0.619321729813976, 41.979505113170433 ], [ 0.612190382080485, 41.968678900810573 ], [ 0.607539503944963, 41.964829007452693 ], [ 0.601183301668016, 41.962038479492207 ], [ 0.5928117195852, 41.960772406721162 ], [ 0.583975050408242, 41.956767482833015 ], [ 0.576171909106336, 41.951263943076469 ], [ 0.570125766990543, 41.944907741698898 ], [ 0.566095004680733, 41.938887438004826 ], [ 0.567180210298432, 41.932737942202266 ], [ 0.58066775940955, 41.923100287348355 ], [ 0.589556105429892, 41.918578600422052 ], [ 0.593276807578604, 41.91372101491288 ], [ 0.595292189183169, 41.907416490378694 ], [ 0.59761762915025, 41.87439525004072 ], [ 0.593586866840439, 41.867548123147337 ], [ 0.587075635831923, 41.861967068125708 ], [ 0.580667759409551, 41.855533352382281 ], [ 0.572606234789873, 41.852484442902728 ], [ 0.558033480960376, 41.845172228015883 ], [ 0.549661898877503, 41.834035956394246 ], [ 0.542220492781496, 41.826749579029809 ], [ 0.533538853235484, 41.821840318475907 ], [ 0.514728630621789, 41.818326321002871 ], [ 0.506667107800752, 41.816000881935103 ], [ 0.500931024047532, 41.812435208518025 ], [ 0.496590203375149, 41.808817857358235 ], [ 0.483412712626603, 41.791971340404984 ], [ 0.473180780368693, 41.775899969807718 ], [ 0.464602491811547, 41.767425034937389 ], [ 0.454215529023429, 41.762464098439345 ], [ 0.420264112698646, 41.757761542561127 ], [ 0.41282270660264, 41.756004544274283 ], [ 0.405949741287543, 41.75295563389534 ], [ 0.402074008608622, 41.749389960478254 ], [ 0.39602786559351, 41.742310288688827 ], [ 0.393857456156638, 41.736858424876402 ], [ 0.386571078792258, 41.73275014910007 ], [ 0.379749790320545, 41.726704006984335 ], [ 0.366417270840373, 41.709960841919262 ], [ 0.342646111728641, 41.693476061071351 ], [ 0.328538445892548, 41.677404690474077 ], [ 0.328228386630713, 41.669472357962945 ], [ 0.329468620980037, 41.661746731026767 ], [ 0.343266229352992, 41.637200426458492 ], [ 0.348072137119402, 41.615160427211947 ], [ 0.351482781804918, 41.607228094700758 ], [ 0.356598747933845, 41.601621202156707 ], [ 0.365177035591728, 41.598339749579736 ], [ 0.395252720136909, 41.595445867932426 ], [ 0.405949741287543, 41.596376043919292 ], [ 0.415768263294694, 41.595420030410033 ], [ 0.423984815746621, 41.592913723289655 ], [ 0.429720900399218, 41.584697170837728 ], [ 0.429410841137383, 41.576997382323327 ], [ 0.430341017124249, 41.56934926975299 ], [ 0.432976514554468, 41.561804510869472 ], [ 0.43762739358931, 41.554879868710941 ], [ 0.441193067905772, 41.546146552321488 ], [ 0.43824751121366, 41.539712836578133 ], [ 0.433131545084734, 41.533589179197236 ], [ 0.413546177014439, 41.516174221463132 ], [ 0.408430209986193, 41.510024726559834 ], [ 0.404554478206592, 41.50421112754146 ], [ 0.402539096602027, 41.500412910127693 ], [ 0.402074008608622, 41.498940130882318 ], [ 0.400368687165155, 41.496537177448772 ], [ 0.397423129573781, 41.494289251847476 ], [ 0.390446812370499, 41.491679591939601 ], [ 0.361301303812127, 41.484599921049494 ], [ 0.351172723442403, 41.477597765424491 ], [ 0.348537225112864, 41.472094224768625 ], [ 0.349777458562869, 41.45250885669833 ], [ 0.348537225112864, 41.43323354788992 ], [ 0.338305291056315, 41.405896715361102 ], [ 0.324197625220222, 41.390161241548007 ], [ 0.327298210643903, 41.370110785484322 ], [ 0.335204704733314, 41.36889638955671 ], [ 0.351741164223313, 41.362540188179139 ], [ 0.365073682804223, 41.352566637440361 ], [ 0.374013705667949, 41.338924058698353 ], [ 0.377269320722576, 41.321405748176687 ], [ 0.352361280948344, 41.27921194097825 ], [ 0.354273308866084, 41.256293443487607 ], [ 0.36037112782526, 41.232832342738398 ], [ 0.357838983182489, 41.23053274209235 ], [ 0.347917108387833, 41.225752671848284 ], [ 0.336444939981959, 41.221566880806897 ], [ 0.321097038897221, 41.213918769135887 ], [ 0.313345575338019, 41.206890774189844 ], [ 0.308849725034747, 41.199294339362268 ], [ 0.306989373061128, 41.192007961997831 ], [ 0.306524285067667, 41.183533027127453 ], [ 0.29965131975257, 41.164877835044031 ], [ 0.29314008964343, 41.158263251248009 ], [ 0.285078565923072, 41.153173123540796 ], [ 0.276241895846795, 41.149995021952691 ], [ 0.25841352696267, 41.146429348535612 ], [ 0.252212355215988, 41.141520087082313 ], [ 0.248491652168013, 41.136197415378376 ], [ 0.242393833208837, 41.132037461859341 ], [ 0.233712191864129, 41.130332140415931 ], [ 0.224410434693823, 41.130177109885672 ], [ 0.21371341264387, 41.125758774847554 ], [ 0.208907504877459, 41.119609279944306 ], [ 0.206582064910378, 41.11178030022063 ], [ 0.205186801829427, 41.104261379758839 ], [ 0.205341830560997, 41.096871650506209 ], [ 0.208132357622219, 41.08943024351089 ], [ 0.212473179193864, 41.084159246851755 ], [ 0.216503939705035, 41.070620021796572 ], [ 0.227821079379282, 41.043179837379569 ], [ 0.243324009195646, 41.033309638528976 ], [ 0.257948438969265, 41.028452053019812 ], [ 0.274226515141549, 41.018891913431055 ], [ 0.289729444957914, 40.982460029306878 ], [ 0.285543653916477, 40.959308986920178 ], [ 0.280117629425035, 40.951867580824171 ], [ 0.275931838383599, 40.94225576439198 ], [ 0.264304640346836, 40.928716539336797 ], [ 0.260428907667972, 40.922101956440088 ], [ 0.258258498231101, 40.914712226288195 ], [ 0.254537795183069, 40.906805732198734 ], [ 0.251747267222584, 40.898589178847487 ], [ 0.249576856886449, 40.888563951265319 ], [ 0.255778028633131, 40.873577786285807 ], [ 0.257483350975861, 40.865671292196332 ], [ 0.257948438969265, 40.855516873404952 ], [ 0.261514113285671, 40.847119452001095 ], [ 0.271901076073789, 40.829213568751186 ], [ 0.271280959348758, 40.821384589027566 ], [ 0.267250197038948, 40.814279079715732 ], [ 0.261979201279132, 40.807793687128935 ], [ 0.242703891571352, 40.790740465500051 ], [ 0.23417727985759, 40.777459621963942 ], [ 0.227355991385878, 40.771723538210715 ], [ 0.172734002272364, 40.747125555899693 ], [ 0.167463005613229, 40.743198147276644 ], [ 0.173044060634879, 40.730899156570786 ], [ 0.198985630082745, 40.727178453522811 ], [ 0.21929446766552, 40.730537421364886 ], [ 0.223790317069472, 40.726067410382655 ], [ 0.226735873761527, 40.719426988164969 ], [ 0.232161899152288, 40.711675522807127 ], [ 0.243789097189051, 40.703045559205179 ], [ 0.265699904327107, 40.697877916232819 ], [ 0.27825727655204, 40.691573390799299 ], [ 0.287714064252668, 40.683821926340798 ], [ 0.286008741909882, 40.67731069623165 ], [ 0.281047803613262, 40.67141958284742 ], [ 0.277017043102035, 40.663642279967235 ], [ 0.276241895846795, 40.654314684375152 ], [ 0.283838331573747, 40.639716091224621 ], [ 0.29314008964343, 40.632145493919381 ], [ 0.316601190392589, 40.622585354330624 ], [ 0.387501254779067, 40.603749295093849 ], [ 0.418403760724971, 40.590830186763696 ], [ 0.429875929130787, 40.584396471020284 ], [ 0.436852248132709, 40.577445991339403 ], [ 0.436852248132709, 40.570753893177589 ], [ 0.440417922449171, 40.563054103763875 ], [ 0.447394239652454, 40.554579168893497 ], [ 0.456075880997105, 40.549204820346183 ], [ 0.518914421663226, 40.528947658707466 ], [ 0.523759592033164, 40.526163029399385 ], [ 0.54851321700005, 40.572333075000074 ], [ 0.563487175000091, 40.590033270000049 ], [ 0.580170118000069, 40.603664455000057 ], [ 0.599782748000052, 40.613714911000045 ], [ 0.682220899000072, 40.63422272300005 ], [ 0.712494337000066, 40.63617584800005 ], [ 0.732676629000082, 40.633734442000048 ], [ 0.696218295000051, 40.590358791000078 ], [ 0.663177931000064, 40.574733791000085 ], [ 0.640635613000086, 40.586859442000048 ], [ 0.592458530000044, 40.582098700000074 ], [ 0.615896030000044, 40.55345286700009 ], [ 0.647959832000083, 40.556911526000064 ], [ 0.67709394600007, 40.56517161700009 ], [ 0.707041863000086, 40.583400783000059 ], [ 0.756358269000088, 40.642238674000055 ], [ 0.784027540000068, 40.660956122000087 ], [ 0.848317905000044, 40.675360419000064 ], [ 0.858083530000045, 40.68626536700009 ], [ 0.872406446000071, 40.707098700000081 ], [ 0.873708530000044, 40.727932033000073 ], [ 0.854177280000045, 40.73314036700009 ], [ 0.841807488000086, 40.732123114000046 ], [ 0.815928582000083, 40.748399156000062 ], [ 0.792002800000091, 40.771185614000046 ], [ 0.780528191000087, 40.779486395000049 ], [ 0.76693769600007, 40.785020249000077 ], [ 0.750173373000052, 40.785996812000064 ], [ 0.763519727000073, 40.778387762000079 ], [ 0.76726321700005, 40.771022854000066 ], [ 0.762380405000045, 40.766058661000059 ], [ 0.750173373000053, 40.765570380000057 ], [ 0.721527540000068, 40.774278062000072 ], [ 0.694834832000083, 40.785996812000064 ], [ 0.71420332100007, 40.815212307000081 ], [ 0.822764519000089, 40.899603583000037 ], [ 0.877452019000089, 40.954779364000046 ], [ 0.990407748000052, 41.03969961100006 ], [ 1.017425977000073, 41.051784572000088 ], [ 1.055674675000091, 41.064886786000045 ], [ 1.097666863000086, 41.070868231000077 ], [ 1.141693556000064, 41.07172272300005 ], [ 1.149099155000044, 41.069647528000075 ], [ 1.172943556000064, 41.058661200000074 ], [ 1.183604363000086, 41.062567450000074 ], [ 1.188649936000047, 41.06830475500005 ], [ 1.192474806000064, 41.075995184000078 ], [ 1.210052931000064, 41.099880276000079 ], [ 1.217784050000091, 41.104681708000044 ], [ 1.288096550000091, 41.116278387000079 ], [ 1.539235873000053, 41.187445380000057 ], [ 1.624359570737568, 41.192165432388776 ], [ 1.819834832000083, 41.237127997000073 ], [ 1.854014519000089, 41.235988674000055 ], [ 1.863780144000089, 41.238104559000078 ], [ 1.88412519600007, 41.24750397300005 ], [ 1.951345248000053, 41.260687567000048 ], [ 2.019704623000052, 41.265855210000048 ], [ 2.06031334700009, 41.274603583000044 ], [ 2.13054446700005, 41.303656317000041 ], [ 2.163259311000047, 41.326646226000037 ], [ 2.191905144000089, 41.356756903000075 ], [ 2.240407748000052, 41.420965887000087 ], [ 2.26734459700009, 41.448635158000059 ], [ 2.296722852000073, 41.465318101000044 ], [ 2.371348504000082, 41.489203192000055 ], [ 2.428965691000088, 41.518947658000059 ], [ 2.449473504000083, 41.535223700000081 ], [ 2.651866082000084, 41.605292059000078 ], [ 2.778496577555018, 41.645582260812667 ], [ 2.792002800000091, 41.669012762000079 ], [ 2.803721550000092, 41.668646552000041 ], [ 2.813161655000044, 41.670314846000061 ], [ 2.817067905000044, 41.677639065000051 ], [ 2.820160352000073, 41.68195221600007 ], [ 2.835459832000082, 41.692572333000044 ], [ 2.840179884000066, 41.694647528000083 ], [ 2.851084832000083, 41.697170315000044 ], [ 2.877253539000094, 41.701957700000037 ], [ 2.900870238000039, 41.706706377000053 ], [ 2.932990851000056, 41.712464376000071 ], [ 2.95093834700009, 41.734279690000044 ], [ 3.040341037000077, 41.786890013000061 ], [ 3.069057555000087, 41.79907611200008 ], [ 3.078630960000054, 41.826618274000054 ], [ 3.116829332000067, 41.847569212000053 ], [ 3.150165377000065, 41.845350970000098 ], [ 3.178558790000068, 41.875230210000048 ], [ 3.194916212000066, 41.888291734000063 ], [ 3.207448764000048, 41.913926499000056 ], [ 3.23218834700009, 41.946030992000026 ], [ 3.23568769600007, 41.965521552000048 ], [ 3.230560743000069, 41.973008531000062 ], [ 3.21184329500005, 41.984605210000041 ], [ 3.207855665000067, 41.990016994000086 ], [ 3.206960483000046, 41.996690171000068 ], [ 3.201589389000048, 42.01744212400007 ], [ 3.195896147000043, 42.033117872000041 ], [ 3.199859564000064, 42.046190092000074 ], [ 3.213009237000051, 42.055986077000057 ], [ 3.21449569300006, 42.068333846000087 ], [ 3.192298528000038, 42.092921471000068 ], [ 3.173106316000087, 42.112005927000041 ], [ 3.138601108000045, 42.127630927000041 ], [ 3.122487826000053, 42.140488999000063 ], [ 3.116465691000087, 42.158433335000041 ], [ 3.117442254000082, 42.182847398000035 ], [ 3.11882571700005, 42.218329169000071 ], [ 3.130300326000054, 42.239732164000088 ], [ 3.151621941000087, 42.256822007000046 ], [ 3.170176629000082, 42.259670315000044 ], [ 3.178721550000091, 42.249701239000046 ], [ 3.210134311000047, 42.239732164000074 ], [ 3.247162306000064, 42.245713609000077 ], [ 3.26303144600007, 42.239854234000063 ], [ 3.270355665000069, 42.250108140000066 ], [ 3.279388868000068, 42.255641994000094 ], [ 3.287038608000046, 42.262925523000028 ], [ 3.29037519600007, 42.278062242000033 ], [ 3.294037306000064, 42.288031317000048 ], [ 3.31771894600007, 42.322984117000047 ], [ 3.293711785000085, 42.334987697000095 ], [ 3.28060957100007, 42.336859442000041 ], [ 3.269867384000066, 42.32920970300006 ], [ 3.263031446000071, 42.32920970300006 ], [ 3.249847852000073, 42.34320709800005 ], [ 3.226491733000046, 42.342515367000033 ], [ 3.204193556000064, 42.339585679000045 ], [ 3.187347852000073, 42.349514065000051 ], [ 3.174489780000044, 42.363796291000085 ], [ 3.174489780000044, 42.380886135000083 ], [ 3.170176629000082, 42.396592515000066 ], [ 3.17872155000009, 42.417995510000083 ], [ 3.180969656804698, 42.43148414767083 ], [ 3.137823527000138, 42.425938620000082 ], [ 3.111675252000111, 42.425008444000056 ], [ 3.086147094000097, 42.427178854000047 ], [ 3.065579874000094, 42.432010600000055 ], [ 3.053590942000142, 42.437643331000068 ], [ 3.04387577300011, 42.445265605000046 ], [ 3.036020956000073, 42.454619039000093 ], [ 3.029613077000135, 42.465651957 ], [ 3.02299849400012, 42.467047221000072 ], [ 2.993749634000097, 42.467615662000128 ], [ 2.983104289000097, 42.469320984 ], [ 2.966051066000148, 42.46100107900012 ], [ 2.933701619000061, 42.470225322000019 ], [ 2.900835409000138, 42.451260071000078 ], [ 2.88409224500009, 42.449193014000016 ], [ 2.866935669000044, 42.449632263000026 ], [ 2.850812622000149, 42.44836619100009 ], [ 2.834792928000099, 42.44131235800009 ], [ 2.804613892000106, 42.419556580000048 ], [ 2.788594198000055, 42.412011821000092 ], [ 2.767716919000066, 42.409557191000061 ], [ 2.72854618300002, 42.414027202000064 ], [ 2.70808231600006, 42.412890320000045 ], [ 2.690408976000072, 42.406172384000023 ], [ 2.648241007000109, 42.381471049000098 ], [ 2.640282837000143, 42.372841085000076 ], [ 2.649377889000108, 42.353720806000091 ], [ 2.661780232000098, 42.343359680000063 ], [ 2.662193644000097, 42.339018861000071 ], [ 2.635425253000022, 42.337881979000073 ], [ 2.613411092000149, 42.340956726000108 ], [ 2.567419067000061, 42.352635600000085 ], [ 2.548092081000107, 42.352248027000073 ], [ 2.540340617000084, 42.346977031000037 ], [ 2.531969035000117, 42.330776470000032 ], [ 2.525251098000098, 42.325893047000093 ], [ 2.514812459000069, 42.325660503000037 ], [ 2.503650350000016, 42.328451030000011 ], [ 2.483393188000122, 42.336977641000026 ], [ 2.464893025000095, 42.340620829000038 ], [ 2.445566040000131, 42.351963806000079 ], [ 2.429856404000077, 42.367544251000126 ], [ 2.422518351000065, 42.383693136000019 ], [ 2.406602010000142, 42.384261576000071 ], [ 2.375492798000096, 42.389325867000039 ], [ 2.317305135000083, 42.409608867000046 ], [ 2.305316203000131, 42.416972758000064 ], [ 2.277410930000144, 42.428625794000126 ], [ 2.245991659000112, 42.426119487000051 ], [ 2.184186645000124, 42.411805115000064 ], [ 2.136954386000099, 42.416223450000054 ], [ 2.121038045000148, 42.410616557000125 ], [ 2.116283813000081, 42.405397237000031 ], [ 2.108739054000125, 42.390643616000027 ], [ 2.103984823000133, 42.384830017000013 ], [ 2.080110311000055, 42.37126495400004 ], [ 2.06326379400008, 42.35790659700011 ], [ 2.05168827300011, 42.352351380000087 ], [ 2.035255168000049, 42.349250794000071 ], [ 2.009210245000076, 42.347080383000069 ], [ 1.995671020000088, 42.348682353000086 ], [ 1.983372030000055, 42.354547628 ], [ 1.963734985000116, 42.367234192000055 ], [ 1.954226522000056, 42.382685445000035 ], [ 1.941100708000079, 42.420099182000016 ], [ 1.927458129000058, 42.436894023000079 ], [ 1.911955200000136, 42.44195831300005 ], [ 1.89324833200007, 42.442733460000071 ], [ 1.869787232000107, 42.446790060000069 ], [ 1.813666626000042, 42.475237936 ], [ 1.792685995000056, 42.481723328000065 ], [ 1.730570923000073, 42.488053691000083 ], [ 1.712174112944922, 42.49371226011273 ] ] ], [ [ [ 1.986162557000114, 42.44126068100006 ], [ 1.996084432000117, 42.442836812000095 ], [ 1.99949507600013, 42.443896180000067 ], [ 1.988436320000119, 42.458184713000051 ], [ 1.978307740000076, 42.474979554000122 ], [ 1.967972453000073, 42.485702413000027 ], [ 1.956603638000076, 42.481775005000074 ], [ 1.9456482330001, 42.463817445000089 ], [ 1.947508585000122, 42.451234233000079 ], [ 1.960634399000071, 42.443715312000023 ], [ 1.983372030000055, 42.44126068100006 ], [ 1.986162557000114, 42.44126068100006 ] ] ] ] } },
{ "type": "Feature", "properties": { "region": "Comunidad Valenciana", "wind_mw": 1238.8, "area_km2": 23245.234420351753, "wind_mw_per_1000km2": 53.292643885552785 }, "geometry": { "type": "MultiPolygon", "coordinates": [ [ [ [ -0.194488085256921, 39.715440171426749 ], [ -0.091297980999912, 39.847927151000079 ], [ -0.028675910999937, 39.90180084800005 ], [ -0.002919074999909, 39.93195221600007 ], [ 0.040497267000092, 40.002875067000048 ], [ 0.06617272200009, 40.031927802000041 ], [ 0.117035352000073, 40.056341864000046 ], [ 0.144541863000086, 40.07884349200009 ], [ 0.205251498000052, 40.171535549000048 ], [ 0.264740431000064, 40.20978424700008 ], [ 0.298838738000086, 40.246771552000041 ], [ 0.312103712000067, 40.257513739000046 ], [ 0.338959181000064, 40.274359442000041 ], [ 0.350596550000091, 40.284898179000045 ], [ 0.420258009000065, 40.388251044000071 ], [ 0.446136915000068, 40.408433335000041 ], [ 0.452647332000083, 40.434068101000037 ], [ 0.46615644600007, 40.450669664000102 ], [ 0.483409050000091, 40.465033270000056 ], [ 0.50131269600007, 40.484198309000078 ], [ 0.517425977000073, 40.514349677000041 ], [ 0.523759592033164, 40.526163029399385 ], [ 0.518914421663226, 40.528947658707466 ], [ 0.456075880997105, 40.549204820346183 ], [ 0.447394239652454, 40.554579168893497 ], [ 0.440417922449171, 40.563054103763875 ], [ 0.436852248132709, 40.570753893177589 ], [ 0.436852248132709, 40.577445991339403 ], [ 0.429875929130787, 40.584396471020284 ], [ 0.418403760724971, 40.590830186763696 ], [ 0.387501254779067, 40.603749295093849 ], [ 0.316601190392589, 40.622585354330624 ], [ 0.29314008964343, 40.632145493919381 ], [ 0.283838331573747, 40.639716091224621 ], [ 0.276241895846795, 40.654314684375152 ], [ 0.277017043102035, 40.663642279967235 ], [ 0.281047803613262, 40.67141958284742 ], [ 0.286008741909882, 40.67731069623165 ], [ 0.287714064252668, 40.683821926340798 ], [ 0.27825727655204, 40.691573390799299 ], [ 0.265699904327107, 40.697877916232819 ], [ 0.243789097189051, 40.703045559205179 ], [ 0.232161899152288, 40.711675522807127 ], [ 0.226735873761527, 40.719426988164969 ], [ 0.223790317069472, 40.726067410382655 ], [ 0.21929446766552, 40.730537421364886 ], [ 0.198985630082745, 40.727178453522811 ], [ 0.173044060634879, 40.730899156570786 ], [ 0.144983757694263, 40.722579251331354 ], [ 0.107104932746438, 40.721545722557046 ], [ 0.093152297440554, 40.719504503430073 ], [ 0.081525099403791, 40.716429755528793 ], [ 0.073101841376854, 40.712709052480761 ], [ 0.064265171300633, 40.707696438240028 ], [ 0.056203646680956, 40.701701972068349 ], [ 0.045041538436237, 40.696172593890083 ], [ 0.03620486835996, 40.696689357827552 ], [ 0.029538607720554, 40.699609076097943 ], [ 0.027729932590319, 40.705836087165665 ], [ 0.028143344639659, 40.712683214059041 ], [ 0.024732699954143, 40.720202135420209 ], [ 0.018169793001562, 40.72614492384912 ], [ 0.001581659366082, 40.72963308379974 ], [ -0.048260260402685, 40.727178453522811 ], [ -0.074486049791403, 40.730847479727402 ], [ -0.119961309566804, 40.753275050802934 ], [ -0.135309210651542, 40.763377794549569 ], [ -0.142363044019248, 40.769398098243641 ], [ -0.152155727604736, 40.774901638000188 ], [ -0.165798306346744, 40.779914252240914 ], [ -0.18388505675, 40.779423325825803 ], [ -0.194814621897308, 40.775986842718567 ], [ -0.213676519555747, 40.758287665043675 ], [ -0.219025030580724, 40.751931464565402 ], [ -0.223417528096434, 40.745316880769394 ], [ -0.228016730287891, 40.73071828941751 ], [ -0.229334479003001, 40.715499579541927 ], [ -0.228869391009596, 40.708006497501856 ], [ -0.229231126215495, 40.701030178499934 ], [ -0.234088710825347, 40.694803168331539 ], [ -0.284809128838219, 40.673331610765217 ], [ -0.293077358133587, 40.667879746952735 ], [ -0.30449784969602, 40.663254706339629 ], [ -0.313050298932183, 40.662944647977092 ], [ -0.329405890369571, 40.671574612478366 ], [ -0.345813157751024, 40.673900051546127 ], [ -0.357750413250983, 40.671910509262545 ], [ -0.36867997929761, 40.667440497381051 ], [ -0.377309942899558, 40.660154120016614 ], [ -0.378705206879829, 40.652609361133109 ], [ -0.376586473387022, 40.645684718974572 ], [ -0.376302253446227, 40.63834666656539 ], [ -0.377464971631127, 40.624264838251634 ], [ -0.374596930204177, 40.618192856814858 ], [ -0.367207200951555, 40.614472153766876 ], [ -0.358758103603634, 40.611940009124112 ], [ -0.349998948792461, 40.611061509980694 ], [ -0.34268673300636, 40.607340806932655 ], [ -0.333953415717588, 40.605273749384033 ], [ -0.32511674564131, 40.604240221508974 ], [ -0.308089362434146, 40.608710232491205 ], [ -0.300415412341408, 40.609046129275441 ], [ -0.294369269326353, 40.605764674899838 ], [ -0.294782681375636, 40.592199612322254 ], [ -0.297340664440128, 40.584138089501209 ], [ -0.298555060367733, 40.576645006561762 ], [ -0.296488002819103, 40.562433987038858 ], [ -0.294162562852023, 40.555561020824427 ], [ -0.292663946983566, 40.548507188356055 ], [ -0.292974006245402, 40.534063625735712 ], [ -0.294524298057922, 40.52706146921139 ], [ -0.297469854750034, 40.52036937104964 ], [ -0.297934942743439, 40.513703111309496 ], [ -0.296694709293433, 40.507915350712828 ], [ -0.281863573045484, 40.500939033509553 ], [ -0.28062333779684, 40.499853826992471 ], [ -0.275817430030372, 40.487528997864956 ], [ -0.272639329341587, 40.48143117890578 ], [ -0.272174242247502, 40.475720934473543 ], [ -0.277367722742213, 40.471819363372909 ], [ -0.323695645038015, 40.456962388703232 ], [ -0.333850062930082, 40.450011909022351 ], [ -0.339896205945138, 40.44269969323625 ], [ -0.338655971595813, 40.435309963983627 ], [ -0.335477870907027, 40.427765204200796 ], [ -0.32935421442545, 40.421693224562667 ], [ -0.314057990184097, 40.412959907273887 ], [ -0.307236700813121, 40.407921453712106 ], [ -0.295092738838832, 40.396320094996383 ], [ -0.289098272667161, 40.389214586583876 ], [ -0.285584276093459, 40.381540636491138 ], [ -0.286488612759285, 40.371747952006331 ], [ -0.292095506202656, 40.365520941837985 ], [ -0.33165381507149, 40.345651353826888 ], [ -0.341213954660304, 40.337383124531527 ], [ -0.357156134048353, 40.317746080517168 ], [ -0.369377611287746, 40.308289292816596 ], [ -0.390926683219846, 40.295576890960717 ], [ -0.392812872715922, 40.289143175217362 ], [ -0.390745815167236, 40.282141017793727 ], [ -0.390099860020541, 40.274208686181908 ], [ -0.391417608735651, 40.263925076181287 ], [ -0.397928839744168, 40.256871242813588 ], [ -0.4058611722553, 40.251135159060304 ], [ -0.44231889480119, 40.237750962736705 ], [ -0.451620652870815, 40.235916450084055 ], [ -0.4702500074319, 40.235063788463037 ], [ -0.479474250236478, 40.233771878169591 ], [ -0.487794154576591, 40.231498115045952 ], [ -0.495493943990311, 40.230464586271637 ], [ -0.501126674956083, 40.230309557540011 ], [ -0.516267868667228, 40.233358466120308 ], [ -0.52536292206122, 40.237699285893314 ], [ -0.534380459290787, 40.240412299488014 ], [ -0.544224818820339, 40.240102241125506 ], [ -0.549960902573616, 40.235063788463037 ], [ -0.551821255446612, 40.228449205566342 ], [ -0.551640387393945, 40.214186510099353 ], [ -0.553035651374216, 40.20736522072832 ], [ -0.552286343440016, 40.200285548938893 ], [ -0.556368780794628, 40.185170192750149 ], [ -0.56334509889723, 40.176333523573248 ], [ -0.567815110778724, 40.169072983731212 ], [ -0.57003719705898, 40.153518377970741 ], [ -0.574868944146488, 40.145146795887911 ], [ -0.58318884938592, 40.134811509943248 ], [ -0.596728075340423, 40.127008367741965 ], [ -0.613419561763351, 40.113908393157772 ], [ -0.617657029648228, 40.107087103786796 ], [ -0.619517380722527, 40.09912893285393 ], [ -0.617734544014013, 40.091454982761206 ], [ -0.612747769094256, 40.077709052131013 ], [ -0.614349737750217, 40.071740424381062 ], [ -0.683854539055744, 40.044429430273965 ], [ -0.722043423265404, 40.039881904026629 ], [ -0.738786587431093, 40.040295315176635 ], [ -0.746693080621185, 40.041432196738469 ], [ -0.753901942720518, 40.039778551239124 ], [ -0.757700161033597, 40.034610908266757 ], [ -0.762040980806603, 40.018487860826092 ], [ -0.766175095903975, 40.009392809230746 ], [ -0.775089281245357, 40.00138296235383 ], [ -0.777802293041418, 39.999574286324211 ], [ -0.790773078215011, 39.992959703427566 ], [ -0.801418423421524, 39.990892645878894 ], [ -0.824440272800359, 39.981487535021699 ], [ -0.831209886227271, 39.974821275281613 ], [ -0.835654058787781, 39.967638250704681 ], [ -0.838702969166718, 39.952574571359378 ], [ -0.839090541895018, 39.94583079725345 ], [ -0.836351690777917, 39.939939683869291 ], [ -0.836196662046348, 39.933376776916703 ], [ -0.832501797420036, 39.919424139812179 ], [ -0.823820156075328, 39.90632416432868 ], [ -0.817128057913578, 39.90133738940898 ], [ -0.80919572630171, 39.897642523883349 ], [ -0.797465176376818, 39.887488105091947 ], [ -0.79128984215248, 39.877540391875584 ], [ -0.84699703598443, 39.855345363897413 ], [ -0.859812790627814, 39.853097439195437 ], [ -0.878054571561222, 39.852244778473739 ], [ -0.888208991251929, 39.855242011109908 ], [ -0.896890631697318, 39.859686184569746 ], [ -0.902394172353183, 39.865396429901296 ], [ -0.903453537750579, 39.87288951284075 ], [ -0.902936773813053, 39.880873521295939 ], [ -0.903324347440673, 39.888159897761057 ], [ -0.904357876215044, 39.894800319978742 ], [ -0.908543667256424, 39.90040721342212 ], [ -0.912109340673567, 39.906401678694522 ], [ -0.912057663830126, 39.913067939333928 ], [ -0.909861415971591, 39.920095934279914 ], [ -0.906476609707795, 39.926813869964121 ], [ -0.904771287365008, 39.934617011266027 ], [ -0.908776211253155, 39.942911078083746 ], [ -0.923064744242538, 39.955985216044837 ], [ -0.97246741443962, 39.974046128925679 ], [ -0.98921057770599, 39.977766831973682 ], [ -1.000269334062523, 39.97921377189806 ], [ -1.018097702946648, 39.977275906457919 ], [ -1.053496060095085, 39.97882619916976 ], [ -1.078455775813438, 39.975183010487513 ], [ -1.097059291952746, 39.969860337884256 ], [ -1.105999314816529, 39.969188544315841 ], [ -1.129382900300641, 39.964046738865861 ], [ -1.145480109319578, 39.972289129739529 ], [ -1.157934128757063, 39.963891710134305 ], [ -1.196226365754172, 39.950636705019932 ], [ -1.203796963059403, 39.944332180485716 ], [ -1.20661332764297, 39.93857025831074 ], [ -1.205140550196234, 39.933480129704208 ], [ -1.199016892815337, 39.92407501884702 ], [ -1.196846483378522, 39.918183906362181 ], [ -1.196691452848256, 39.910587469735901 ], [ -1.199404466442957, 39.894826158400463 ], [ -1.200334642429823, 39.879555772580829 ], [ -1.202866787072594, 39.863303533930946 ], [ -1.217801276107991, 39.811911323248928 ], [ -1.225578578988234, 39.796305039745782 ], [ -1.232684089199381, 39.787003282575427 ], [ -1.243872035865763, 39.775479438225481 ], [ -1.267048915774865, 39.74346588824011 ], [ -1.270097826153744, 39.734241645435588 ], [ -1.270562913247886, 39.725947576819181 ], [ -1.269736090048525, 39.718816229985009 ], [ -1.265550299007088, 39.703442491377871 ], [ -1.265498623063024, 39.693804837423272 ], [ -1.269942795623535, 39.686776842477286 ], [ -1.275911424272806, 39.680627345775342 ], [ -1.283766242418154, 39.676209010737246 ], [ -1.29218950044509, 39.672669175741817 ], [ -1.301749640033848, 39.671015530242528 ], [ -1.320353156173212, 39.67137726544842 ], [ -1.329086472562665, 39.673651028572074 ], [ -1.337044644394837, 39.677449245985883 ], [ -1.353994513236216, 39.68362457931083 ], [ -1.363063727309168, 39.684348048823374 ], [ -1.372029587695351, 39.68357290336678 ], [ -1.380969610559078, 39.680575669831285 ], [ -1.398953009074092, 39.668948472693849 ], [ -1.421483933836499, 39.651378486228126 ], [ -1.427530075952234, 39.645228990425551 ], [ -1.463186814619803, 39.590245266106137 ], [ -1.474788174234845, 39.578488877759469 ], [ -1.485304328232189, 39.570918281353556 ], [ -1.494425218249205, 39.567275091772046 ], [ -1.498120082875516, 39.56347687435823 ], [ -1.503158534638658, 39.55293488193923 ], [ -1.504321254622198, 39.549240017312911 ], [ -1.504476284253144, 39.54554515178728 ], [ -1.503571946687998, 39.54267711036033 ], [ -1.501453213195248, 39.539111436943244 ], [ -1.499902919584088, 39.535674953836008 ], [ -1.499825405218303, 39.534899807480102 ], [ -1.499877082061687, 39.533142809193308 ], [ -1.502150845185383, 39.527355047697256 ], [ -1.503391078635388, 39.522962551080859 ], [ -1.503313564269604, 39.517949936840068 ], [ -1.502615933178788, 39.512989000342088 ], [ -1.503236049903762, 39.503971463112521 ], [ -1.501168993254453, 39.500173244799377 ], [ -1.499877082061687, 39.499294744756646 ], [ -1.499205287593953, 39.498312892825709 ], [ -1.498352626872247, 39.496090807444773 ], [ -1.501324021986022, 39.493713691533628 ], [ -1.505432297762354, 39.491026516360591 ], [ -1.50747351688932, 39.486789049375098 ], [ -1.506439989014268, 39.47604035138108 ], [ -1.512692836705071, 39.458935452009484 ], [ -1.518196377360937, 39.451829941798337 ], [ -1.518273891726722, 39.446016344578588 ], [ -1.517447069426737, 39.441081243804327 ], [ -1.515018275772832, 39.436740424031314 ], [ -1.510909999996499, 39.432683824199103 ], [ -1.506801724220225, 39.430410061075477 ], [ -1.50101613998288, 39.4220416275191 ], [ -1.487009649675599, 39.419635525559045 ], [ -1.484451666611107, 39.415372219252497 ], [ -1.481738653915784, 39.409429429924216 ], [ -1.476855230884212, 39.406070462082141 ], [ -1.46933631042242, 39.404158434164408 ], [ -1.467708503344738, 39.400799465422949 ], [ -1.464995489750038, 39.396742866490058 ], [ -1.455512865426385, 39.394236559369688 ], [ -1.452386439782401, 39.390205797059878 ], [ -1.45099117670145, 39.385529080502643 ], [ -1.45000932477052, 39.379482937487595 ], [ -1.448536546424464, 39.373772691256647 ], [ -1.445746019363298, 39.366899725941551 ], [ -1.440785081066622, 39.366227932373135 ], [ -1.435333218153517, 39.367261461147507 ], [ -1.426496548077239, 39.366718857888941 ], [ -1.420760464323962, 39.367649033875807 ], [ -1.415411953299042, 39.370284532205346 ], [ -1.406239386438529, 39.370594591467182 ], [ -1.385000372868945, 39.36498769802381 ], [ -1.339680141825113, 39.341733302849605 ], [ -1.329086472562665, 39.337935086335165 ], [ -1.320973272898243, 39.338245143798304 ], [ -1.31048295732262, 39.337289130289093 ], [ -1.177726203301631, 39.304112861219551 ], [ -1.171473353812246, 39.296077175021594 ], [ -1.170336473149746, 39.288299872141351 ], [ -1.173798793779327, 39.28075511325784 ], [ -1.175969204115461, 39.273365383105897 ], [ -1.178294644082541, 39.257707424557964 ], [ -1.177286952830628, 39.249955960099449 ], [ -1.177597012092463, 39.24241120121593 ], [ -1.176279263377296, 39.235228175739671 ], [ -1.178578864023393, 39.220552070021988 ], [ -1.181162686408868, 39.213214015814174 ], [ -1.184547491773344, 39.206961168123364 ], [ -1.186252814116074, 39.20114756910499 ], [ -1.190955369095036, 39.191768297568849 ], [ -1.193280809062117, 39.184998684141931 ], [ -1.201807419876559, 39.170425930312433 ], [ -1.207931077257399, 39.164431464140755 ], [ -1.214855719415937, 39.15916046838089 ], [ -1.226922166125064, 39.146809800831647 ], [ -1.231314662741511, 39.139936835516551 ], [ -1.237179937703957, 39.124769802484366 ], [ -1.241184861592103, 39.117302557966639 ], [ -1.251390957226931, 39.102962348133815 ], [ -1.254982469065681, 39.096063544397055 ], [ -1.256739468251851, 39.089190579081958 ], [ -1.259685024044643, 39.082369289710925 ], [ -1.262113816799229, 39.073687649265594 ], [ -1.261312832021588, 39.063352363320917 ], [ -1.255809292265042, 39.047280991824266 ], [ -1.248367886169035, 39.038134264284849 ], [ -1.15147457459193, 38.948527330072196 ], [ -1.134395513642062, 38.937985338552487 ], [ -1.121037156639488, 38.932585151583453 ], [ -1.093648647267287, 38.933231105830828 ], [ -1.066105109163459, 38.938088691339999 ], [ -1.037863939069553, 38.937313544084766 ], [ -1.019596319714366, 38.940569159139386 ], [ -1.004248420428269, 38.948682358803815 ], [ -0.998538174197393, 38.950491033934057 ], [ -0.991070928780346, 38.951214505245233 ], [ -0.981304083616578, 38.949535020424833 ], [ -0.971072149560086, 38.946253566948542 ], [ -0.959186570903512, 38.94002655678014 ], [ -0.926527064872175, 38.895533148935669 ], [ -0.920946010749788, 38.886153876500202 ], [ -0.921540289952418, 38.87855744077325 ], [ -0.926527064872175, 38.863416246162785 ], [ -0.926217007408979, 38.855251370554299 ], [ -0.913272060657107, 38.824581406806431 ], [ -0.912574428666971, 38.81980133746174 ], [ -0.915132411731406, 38.81329010735255 ], [ -0.918827277257037, 38.808406684321028 ], [ -0.920480922756383, 38.791766872942787 ], [ -0.930643004670912, 38.78550801598216 ], [ -0.939652878777338, 38.779958807752735 ], [ -0.949083828056246, 38.777271633479067 ], [ -0.95298539915683, 38.770269476954752 ], [ -0.953683031146966, 38.762647202806136 ], [ -0.948877121581916, 38.743346056475332 ], [ -0.942288377106934, 38.73117625607933 ], [ -0.933089971824757, 38.720505073350409 ], [ -0.927302212127415, 38.715053209537984 ], [ -0.916398485401771, 38.702418321148578 ], [ -0.909861415971591, 38.696217149401889 ], [ -0.903479377071619, 38.688698228940098 ], [ -0.903479377071619, 38.685080877780251 ], [ -0.908156093628804, 38.681360174732283 ], [ -0.939575365310873, 38.663996893841556 ], [ -0.957145351776547, 38.658829250869196 ], [ -0.977169969418583, 38.656452134958045 ], [ -1.001432054046063, 38.657433986888975 ], [ -1.006470505809204, 38.658312486032401 ], [ -1.022128465256458, 38.654540107040319 ], [ -1.00543697793421, 38.590306301494593 ], [ -1.005669521031564, 38.564623115364441 ], [ -1.015255499941361, 38.537027900417229 ], [ -1.018795334936783, 38.52162832338837 ], [ -1.016547410234807, 38.498425605057605 ], [ -1.019441290982798, 38.490622463755699 ], [ -1.024014654752534, 38.483387763234646 ], [ -1.030706752914341, 38.477186591487971 ], [ -1.068947313068065, 38.449643053384193 ], [ -1.075613572808152, 38.442124132023025 ], [ -1.082098965394948, 38.431142890032334 ], [ -1.084450242884429, 38.415691637059354 ], [ -1.083959315569984, 38.37460887300108 ], [ -1.080987922254792, 38.359312648759726 ], [ -1.076672939104867, 38.349700833226848 ], [ -1.068172165812825, 38.347065334897259 ], [ -1.048690151429355, 38.344714057407828 ], [ -1.011870692778245, 38.334818020135515 ], [ -0.999778407647398, 38.328539334023048 ], [ -0.994662440619152, 38.324947822184242 ], [ -0.983629522684339, 38.310917669814614 ], [ -0.969160121642289, 38.27084259700819 ], [ -0.969418504060741, 38.258698635033966 ], [ -0.973449266370551, 38.241903794924156 ], [ -0.976446499006727, 38.234410711984772 ], [ -0.983164434690935, 38.202991441202016 ], [ -0.98595496265142, 38.195188299900117 ], [ -0.99365475116582, 38.180977281276512 ], [ -1.022826097246593, 38.146302395439193 ], [ -1.028097093006465, 38.135346991870172 ], [ -1.032903000772876, 38.116898505361689 ], [ -1.030810105701846, 38.097054754873 ], [ -1.025849168304489, 38.078864650782982 ], [ -1.020035570185428, 38.068503526416578 ], [ -1.013265956758516, 38.061708076366585 ], [ -1.00698727064605, 38.05682465333507 ], [ -1.00311153796713, 38.052716375760099 ], [ -0.982234258704068, 38.026413072005653 ], [ -0.966266241793619, 38.000652371509716 ], [ -0.965878669065318, 38.000109768251207 ], [ -0.96572363943443, 38.000006415463709 ], [ -0.955000779862132, 37.984322618494033 ], [ -0.948024460860211, 37.977527167544736 ], [ -0.934381883017522, 37.960473945016531 ], [ -0.923064744242538, 37.941301988096257 ], [ -0.916682705342566, 37.933550522738415 ], [ -0.888699916767735, 37.908022366239209 ], [ -0.881000129152653, 37.902958076054347 ], [ -0.838702969166718, 37.8679731309552 ], [ -0.830563931080576, 37.864200751063777 ], [ -0.812554694143842, 37.860299180862512 ], [ -0.804260627326073, 37.85619090418686 ], [ -0.796922573118252, 37.851074937158614 ], [ -0.791548223671612, 37.846372382179666 ], [ -0.7871040511111, 37.844279487108622 ], [ -0.779714320959158, 37.842910061550072 ], [ -0.761033291353329, 37.845907294186262 ], [ -0.760574989644056, 37.845898277583444 ], [ -0.760731574999909, 37.847072658000059 ], [ -0.758615688999953, 37.863348700000074 ], [ -0.718413865999935, 37.943019924000055 ], [ -0.708851691999939, 37.956284898000035 ], [ -0.689930792999917, 37.972154039000088 ], [ -0.663400844999956, 37.980292059000078 ], [ -0.65453040299991, 37.989325262000065 ], [ -0.652495897999927, 38.007757880000042 ], [ -0.648019985999951, 38.073797919000071 ], [ -0.645008917999917, 38.11603424700008 ], [ -0.640736456999946, 38.131659247000059 ], [ -0.634388800999943, 38.145819403000075 ], [ -0.62368730399993, 38.16242096600007 ], [ -0.609486456999946, 38.178045966000063 ], [ -0.591379360999952, 38.189642645000049 ], [ -0.568837042999917, 38.194199937000064 ], [ -0.532866990999935, 38.192165432000081 ], [ -0.515451626999948, 38.195502020000049 ], [ -0.504017706999946, 38.207220770000049 ], [ -0.518788214999915, 38.298651434000064 ], [ -0.509836391999954, 38.338364976000037 ], [ -0.474354620999918, 38.336737372000073 ], [ -0.470570441999939, 38.35187409100007 ], [ -0.460194464999915, 38.360052802000041 ], [ -0.445871548999946, 38.363430080000057 ], [ -0.413685675999943, 38.364813544000071 ], [ -0.409982876999948, 38.368963934000078 ], [ -0.410145636999914, 38.379339911000052 ], [ -0.406076626999948, 38.398871161000045 ], [ -0.39517167899993, 38.413763739000046 ], [ -0.358713344999956, 38.44594961100006 ], [ -0.350819464999915, 38.450018622000073 ], [ -0.344553188999953, 38.461615302000041 ], [ -0.329416469999956, 38.470038153000075 ], [ -0.233957485999952, 38.501654364000046 ], [ -0.202137824999909, 38.519598700000074 ], [ -0.176991339999915, 38.527248440000037 ], [ -0.131743943999936, 38.535345770000049 ], [ -0.090199347999942, 38.535345770000035 ], [ -0.075428839999915, 38.539943752000056 ], [ -0.060047980999911, 38.552720445000034 ], [ -0.053618943999936, 38.566961981000084 ], [ -0.055083787999934, 38.580755927000041 ], [ -0.054758266999954, 38.595282294000071 ], [ -0.042958136999914, 38.611721096000039 ], [ -0.028797980999911, 38.620672919000079 ], [ -0.014759894999941, 38.624416408000059 ], [ 0.015025261000062, 38.624741929000038 ], [ 0.033376498000052, 38.627386786000052 ], [ 0.04664147200009, 38.632228908000059 ], [ 0.060435418000054, 38.634833075000074 ], [ 0.080577019000088, 38.63100820500005 ], [ 0.073130730000059, 38.645209052000027 ], [ 0.083018425000091, 38.660956122000073 ], [ 0.093679233000046, 38.667629299000055 ], [ 0.105316602000073, 38.672552802000041 ], [ 0.118581576000054, 38.682806708000044 ], [ 0.125743035000085, 38.685492255000042 ], [ 0.145030144000089, 38.686346747000073 ], [ 0.148936394000089, 38.689927476000037 ], [ 0.150889519000089, 38.692450262000079 ], [ 0.162608269000088, 38.71352773600006 ], [ 0.176768425000091, 38.724025783000044 ], [ 0.192067905000044, 38.730414130000042 ], [ 0.208994988000086, 38.733710028000083 ], [ 0.227712436000047, 38.734564520000049 ], [ 0.234548373000052, 38.742254950000074 ], [ 0.23406009200005, 38.757879950000074 ], [ 0.227712436000047, 38.770209052000048 ], [ 0.217865431000064, 38.768133856000077 ], [ 0.19076582100007, 38.785223700000074 ], [ 0.182871941000087, 38.79181549700008 ], [ 0.170909050000091, 38.796087958000044 ], [ 0.18100019600007, 38.801906643000052 ], [ 0.18531334700009, 38.803534247000073 ], [ 0.15398196700005, 38.831000067000055 ], [ 0.11101321700005, 38.849920966000077 ], [ 0.063080274000072, 38.860785223000043 ], [ 0.017425977000073, 38.864325262000065 ], [ -0.009755011999914, 38.86969635600007 ], [ -0.030995245999918, 38.882757880000042 ], [ -0.06859290299991, 38.913397528000083 ], [ -0.105946417999917, 38.936509507000039 ], [ -0.120676235999952, 38.951117255000042 ], [ -0.158029751999948, 39.002142645000063 ], [ -0.184040187999926, 39.042258516000061 ], [ -0.210026595999921, 39.078690194000046 ], [ -0.226703362999956, 39.111781755000038 ], [ -0.23650532299996, 39.148053468000064 ], [ -0.242182165999907, 39.166275180000071 ], [ -0.227857368999935, 39.175244997000064 ], [ -0.215492823999909, 39.181838544000072 ], [ -0.227817945999959, 39.199335636000058 ], [ -0.23870140799994, 39.215445865000049 ], [ -0.301340298999946, 39.322007554000038 ], [ -0.320668097999942, 39.388128973000065 ], [ -0.327471569999943, 39.430674937000049 ], [ -0.330593476999923, 39.480406634000076 ], [ -0.323353644999941, 39.516221421000068 ], [ -0.31273352799991, 39.534002997000073 ], [ -0.28148352799991, 39.569362697000095 ], [ -0.274891730999911, 39.581813869000086 ], [ -0.269561326999906, 39.598700262000079 ], [ -0.257435675999943, 39.616237697000081 ], [ -0.243723110999951, 39.631048895000049 ], [ -0.219838019999941, 39.651393947000088 ], [ -0.208933071999922, 39.664089260000075 ], [ -0.202137824999909, 39.680853583000044 ], [ -0.199818488999938, 39.704942124000077 ], [ -0.194488085256921, 39.715440171426749 ] ] ], [ [ [ -1.45233476383828, 40.130677394845861 ], [ -1.447787237590944, 40.125742295870225 ], [ -1.440940110697568, 40.120445461688682 ], [ -1.416884730745721, 40.109541734063725 ], [ -1.412931483701016, 40.104787503140756 ], [ -1.410166795061571, 40.097914536926339 ], [ -1.406626960066149, 40.085460517488855 ], [ -1.378308274707138, 40.022131049508289 ], [ -1.369549118996645, 40.016343288911621 ], [ -1.359782273832877, 40.014095364209652 ], [ -1.349343634201375, 40.014405423471487 ], [ -1.285910814332624, 40.006188870120241 ], [ -1.258909877688723, 39.99812734639989 ], [ -1.242967699199994, 39.997378038465676 ], [ -1.234932013001981, 39.999936021530175 ], [ -1.233226690659251, 40.000711167886053 ], [ -1.223537359861268, 40.00231313744132 ], [ -1.205786506242305, 40.003346666215634 ], [ -1.187105474837779, 40.006188870120241 ], [ -1.180542567885198, 40.008901881916302 ], [ -1.162714199001073, 40.011459865880056 ], [ -1.139072231098623, 40.016214097702402 ], [ -1.091710780927826, 40.034559231423373 ], [ -1.084114346100193, 40.039261786402271 ], [ -1.078765835075217, 40.0451270622641 ], [ -1.075613572808152, 40.052129217889046 ], [ -1.076698778425907, 40.059002184103463 ], [ -1.079954392581158, 40.065771795731791 ], [ -1.093002692120535, 40.077011420140877 ], [ -1.125843065305219, 40.097914536926339 ], [ -1.151061164341286, 40.110058498900571 ], [ -1.215088263412611, 40.11589793634068 ], [ -1.234673630583586, 40.122951768809074 ], [ -1.242166714422353, 40.128920396559018 ], [ -1.24537065263354, 40.134966539574123 ], [ -1.245215623002593, 40.140211696912274 ], [ -1.246119960567739, 40.144862575947116 ], [ -1.250641649292675, 40.147885647004955 ], [ -1.258289760963692, 40.151425482899697 ], [ -1.26503353506962, 40.156541449927943 ], [ -1.271518926757096, 40.162716783252897 ], [ -1.276634893785342, 40.169331367048926 ], [ -1.2850581527116, 40.183154812044904 ], [ -1.29141435408917, 40.196771552365249 ], [ -1.294592453878636, 40.201629136975043 ], [ -1.300819464946357, 40.203205268108604 ], [ -1.314229498792372, 40.195272936496792 ], [ -1.320017259389033, 40.187418118351452 ], [ -1.322291021613353, 40.179046536268622 ], [ -1.318466965777873, 40.16380198797134 ], [ -1.319422980186403, 40.156463935562172 ], [ -1.324538947214648, 40.149280910985226 ], [ -1.343555873604714, 40.143131415182665 ], [ -1.364123093605883, 40.139617417709644 ], [ -1.395464850022847, 40.140082505703049 ], [ -1.448536546424464, 40.149797674922752 ], [ -1.45233476383828, 40.130677394845861 ] ] ] ] } },
{ "type": "Feature", "properties": { "region": "Extremadura", "wind_mw": 39.4, "area_km2": 42068.455216388058, "wind_mw_per_1000km2": 0.93656873772373406 }, "geometry": { "type": "MultiPolygon", "coordinates": [ [ [ [ -7.250844686233278, 39.270627339580017 ], [ -7.264332233999907, 39.252333883000112 ], [ -7.265779174999892, 39.23135325200009 ], [ -7.258079386999894, 39.211302795000073 ], [ -7.244126749999907, 39.195644837000096 ], [ -7.21932206299988, 39.184844462000072 ], [ -7.191571817999944, 39.179160055000025 ], [ -7.168059040999935, 39.170633443 ], [ -7.15581172699993, 39.151513163000025 ], [ -7.157930460999892, 39.141384583000061 ], [ -7.168885864999878, 39.12185089200004 ], [ -7.167490600999884, 39.113479310000073 ], [ -7.157206990999896, 39.105443624000102 ], [ -7.14253088399991, 39.099526673000085 ], [ -7.127286336999872, 39.097485453000033 ], [ -7.115194050999889, 39.101102804 ], [ -7.091267862999899, 39.112445781000091 ], [ -7.064912882999921, 39.114771220000137 ], [ -7.038816283999921, 39.109138489000102 ], [ -7.015768594999884, 39.096813660000052 ], [ -6.99969722599991, 39.084695536000069 ], [ -6.985692911999907, 39.066763815000073 ], [ -6.979388386999887, 39.047178447000064 ], [ -6.986313028999859, 39.0300735470001 ], [ -6.97489253799995, 39.023019715000103 ], [ -6.973290567999925, 39.013950501000025 ], [ -6.97881994599993, 39.003821920000078 ], [ -6.988638467999892, 38.993770854000061 ], [ -7.02212479699989, 38.942869568000042 ], [ -7.044500691999874, 38.918633321000044 ], [ -7.06604976499992, 38.904603170000129 ], [ -7.052200479999954, 38.884991964000093 ], [ -7.057264769999932, 38.869437357000088 ], [ -7.056076212999926, 38.855148824000096 ], [ -7.064292764999948, 38.851118063000108 ], [ -7.076540079999885, 38.843237406000057 ], [ -7.08868404099988, 38.833367209000059 ], [ -7.104858764999988, 38.827191874000086 ], [ -7.151005818999919, 38.819285380000039 ], [ -7.160617634999939, 38.81290334100003 ], [ -7.166198689999931, 38.80342071500003 ], [ -7.179737914999918, 38.790889180000121 ], [ -7.196429402999855, 38.779985454000055 ], [ -7.211518920999964, 38.775360413 ], [ -7.225878384999931, 38.7661338280001 ], [ -7.270430053999859, 38.737507427000125 ], [ -7.272187052999926, 38.733735047 ], [ -7.280713663999962, 38.7204283660001 ], [ -7.284072631999977, 38.713245341000054 ], [ -7.290945596999933, 38.679087219000039 ], [ -7.292960977999882, 38.656272074000057 ], [ -7.292495889999937, 38.646117656000101 ], [ -7.290945596999935, 38.638159485000031 ], [ -7.28603633599991, 38.631906637000029 ], [ -7.279421752999895, 38.628909404000112 ], [ -7.273530639999905, 38.625395406000081 ], [ -7.270430053999859, 38.61769561800007 ], [ -7.275856079999922, 38.603820496000097 ], [ -7.317713988999913, 38.556252340000079 ], [ -7.335800740999929, 38.505867819000073 ], [ -7.345619262999888, 38.494137268000109 ], [ -7.334095417999949, 38.481011455000029 ], [ -7.335180623999861, 38.469435934000074 ], [ -7.344844115999877, 38.458325501000061 ], [ -7.359210163999876, 38.446362407000024 ], [ -7.345515909999958, 38.440962220000053 ], [ -7.317145547999869, 38.424580791 ], [ -7.211363891999923, 38.31753306100002 ], [ -7.207126424999956, 38.311693624000021 ], [ -7.200666870999896, 38.298386943000096 ], [ -7.196326049999925, 38.292159933000036 ], [ -7.189453084999855, 38.286527202000087 ], [ -7.172399861999935, 38.276527812000083 ], [ -7.167180541999898, 38.272083639000073 ], [ -7.126872924999873, 38.190899964000025 ], [ -7.117068156999976, 38.183633156000042 ], [ -7.103515176999906, 38.173588359000107 ], [ -7.088322306999887, 38.17338165300005 ], [ -7.063052530999926, 38.177541606000077 ], [ -7.038712930999907, 38.18622324600004 ], [ -7.026413939999971, 38.199633281000089 ], [ -7.021039591999909, 38.198238017 ], [ -7.018145710999904, 38.198031311000037 ], [ -6.99210078999994, 38.204284160000064 ], [ -6.964195516999951, 38.206144511000062 ], [ -6.950575759999879, 38.198385888000054 ], [ -6.933808966010988, 38.209295965736217 ], [ -6.797899949722934, 38.172941595977875 ], [ -6.792680629907125, 38.165319321829202 ], [ -6.792370570645345, 38.158317166204263 ], [ -6.795548672233451, 38.151444199989839 ], [ -6.800793829571601, 38.145578925027337 ], [ -6.804927943769597, 38.13927440049315 ], [ -6.81190426277152, 38.125761012960368 ], [ -6.813144497120843, 38.118810533279479 ], [ -6.810353970059679, 38.113022773582095 ], [ -6.801904872711702, 38.108681952010443 ], [ -6.788675706019036, 38.106149807367672 ], [ -6.776376716212498, 38.100465400457836 ], [ -6.74883317720935, 38.09364411108686 ], [ -6.701523402982673, 38.092946479096717 ], [ -6.677442186407803, 38.096021226998005 ], [ -6.64462765074552, 38.093747463874308 ], [ -6.6303649561778, 38.090853583126318 ], [ -6.617342495060086, 38.086771144872444 ], [ -6.603364020433219, 38.077521064545451 ], [ -6.584398769987274, 38.05682465333507 ], [ -6.581479050817562, 38.050003363964038 ], [ -6.579411994168197, 38.042587796289752 ], [ -6.580083786837293, 38.035068874928641 ], [ -6.577603319037964, 38.02850596797601 ], [ -6.571712204754478, 38.023855088941161 ], [ -6.523911505911258, 38.021297104977407 ], [ -6.499236009234437, 38.014940904499106 ], [ -6.484792445714788, 38.016387844423434 ], [ -6.481226772297703, 38.019359239537266 ], [ -6.478978847595727, 38.025017808924702 ], [ -6.47368201341419, 38.029591172694431 ], [ -6.458747524378738, 38.039693915541775 ], [ -6.453450690197201, 38.045662543291712 ], [ -6.4495749584176, 38.051398627044989 ], [ -6.442676153781463, 38.055351874089695 ], [ -6.434304571698647, 38.057212226063371 ], [ -6.423969284854594, 38.05679881401403 ], [ -6.413065558129006, 38.053698229489669 ], [ -6.372422043642416, 38.031167303827999 ], [ -6.365006475968075, 38.021193753089236 ], [ -6.361285772920098, 38.013261420578097 ], [ -6.359425421845744, 38.006414292785337 ], [ -6.356789924415464, 38.000729884976174 ], [ -6.356273158679357, 38.000006415463709 ], [ -6.33087419338932, 37.994606228494604 ], [ -6.200287847905884, 37.951973171724489 ], [ -6.1832604637994, 37.938976549028496 ], [ -6.169953782740892, 37.949647731757416 ], [ -6.138922084686442, 37.968302923840838 ], [ -6.114091559278051, 37.978586533841465 ], [ -6.038308070960738, 37.990497951819009 ], [ -6.018929409364773, 37.991660671802549 ], [ -5.975986294232086, 37.998636989905151 ], [ -5.962963833114431, 38.002641912893928 ], [ -5.952111782332906, 38.007990423918898 ], [ -5.941078864398095, 38.018274033919511 ], [ -5.937203131719171, 38.02574127933655 ], [ -5.935058559804702, 38.031529039033899 ], [ -5.933947515765227, 38.03638662454307 ], [ -5.930769415975759, 38.042045193031186 ], [ -5.913690355025893, 38.059589341974522 ], [ -5.910925666386392, 38.066513984133053 ], [ -5.910667283967996, 38.073490302235655 ], [ -5.913742030969956, 38.080337429129024 ], [ -5.918728806789034, 38.086538600875713 ], [ -5.922759569098845, 38.092791450365105 ], [ -5.92281124504291, 38.099793605990108 ], [ -5.919891526772572, 38.106769924092703 ], [ -5.915395677368622, 38.114082139878803 ], [ -5.909478725562733, 38.12113597324656 ], [ -5.900590378643072, 38.1276472033557 ], [ -5.8745196188853, 38.140075385270791 ], [ -5.867104051211015, 38.144752101828033 ], [ -5.861703864241976, 38.149454657706258 ], [ -5.853151414106492, 38.161960353987126 ], [ -5.846278448791397, 38.168574936883836 ], [ -5.837080044408538, 38.174259344692985 ], [ -5.807211066337629, 38.183044338825141 ], [ -5.740393439305763, 38.190201524081033 ], [ -5.727526007818994, 38.188315335484333 ], [ -5.713780077188803, 38.179995429345581 ], [ -5.697992925633002, 38.165913601031832 ], [ -5.693652105859996, 38.159634914919366 ], [ -5.691714240419856, 38.153847154322705 ], [ -5.6960292217712, 38.148498644197048 ], [ -5.711816372427677, 38.141160589989227 ], [ -5.72088558560131, 38.138240871718835 ], [ -5.728404506962419, 38.13431346309585 ], [ -5.734088913872313, 38.129688422482673 ], [ -5.734657354653222, 38.123409736370206 ], [ -5.733675502722292, 38.116459255790012 ], [ -5.728249478230849, 38.095401109373654 ], [ -5.722048305584849, 38.090181790457216 ], [ -5.710886196440811, 38.088683172790169 ], [ -5.693574590594892, 38.091266995175651 ], [ -5.671431240359483, 38.104005235453258 ], [ -5.649520433221426, 38.120490017200495 ], [ -5.642828335059617, 38.126820380156403 ], [ -5.623449672564334, 38.136897284582005 ], [ -5.581049159790894, 38.13508860945177 ], [ -5.538209398345088, 38.162373766036467 ], [ -5.533403489679301, 38.167644761796282 ], [ -5.53361019525431, 38.173535875180441 ], [ -5.533248460048413, 38.180667222913996 ], [ -5.529863653784617, 38.19482656469421 ], [ -5.52684058272672, 38.20190623648358 ], [ -5.519709234993229, 38.208882555485502 ], [ -5.517306280660307, 38.222886868534147 ], [ -5.517202927872857, 38.230121568155823 ], [ -5.517823044597833, 38.237614651095271 ], [ -5.519089118268199, 38.244849352515594 ], [ -5.52125952770507, 38.252187404924769 ], [ -5.521957159695149, 38.259447943867478 ], [ -5.521337042970174, 38.266760158754323 ], [ -5.522939011626079, 38.270739244220749 ], [ -5.532447476170092, 38.284743557269337 ], [ -5.535238003231257, 38.290092068294314 ], [ -5.538416103920042, 38.29507884411332 ], [ -5.540664027722698, 38.299781399092296 ], [ -5.54477230529767, 38.311408596229683 ], [ -5.547020229999646, 38.316111152107965 ], [ -5.550275845054218, 38.320813707086877 ], [ -5.554771693558791, 38.3246377629224 ], [ -5.559887660587094, 38.328306790026303 ], [ -5.564280158102804, 38.3320791690184 ], [ -5.567122362007412, 38.336290798481571 ], [ -5.567122362007411, 38.341019191882197 ], [ -5.564951951671219, 38.351147773151183 ], [ -5.563014085331758, 38.356315416123564 ], [ -5.560378587002221, 38.367115790061639 ], [ -5.560042690217984, 38.372412625142488 ], [ -5.561024543048235, 38.377347724118131 ], [ -5.563918422896903, 38.381766059156291 ], [ -5.572703416129741, 38.389672553245695 ], [ -5.57580400155342, 38.394323432280544 ], [ -5.576475796021157, 38.399310208099621 ], [ -5.575648972821851, 38.404477851071931 ], [ -5.569370285810067, 38.425329291013945 ], [ -5.562083910244269, 38.432486477169164 ], [ -5.549293993123285, 38.440806383307915 ], [ -5.50482642280116, 38.460159207381487 ], [ -5.488212449844696, 38.464629218363712 ], [ -5.480848558114475, 38.469202582133455 ], [ -5.470590785636262, 38.483026028028746 ], [ -5.464906378726427, 38.489072171043873 ], [ -5.450204433687645, 38.499975897769446 ], [ -5.449816860060025, 38.500389308919466 ], [ -5.419637823626657, 38.515840561892389 ], [ -5.411472948018172, 38.524832262498876 ], [ -5.407829759335925, 38.531860256545599 ], [ -5.406925421770779, 38.538113105135665 ], [ -5.404134893810295, 38.543539130526419 ], [ -5.400310837974814, 38.549120185548077 ], [ -5.394187180593916, 38.555166326764557 ], [ -5.385453864204464, 38.566070055288776 ], [ -5.379898646705215, 38.571444403836153 ], [ -5.362406174605269, 38.583872585751237 ], [ -5.349487067174437, 38.586042996087372 ], [ -5.329152391169942, 38.585732936825536 ], [ -5.317060106039095, 38.583795071385403 ], [ -5.311324022285817, 38.584260159378864 ], [ -5.306828171982547, 38.585500392828862 ], [ -5.30346920414047, 38.590306301494593 ], [ -5.303159145777954, 38.594621283745255 ], [ -5.300523647448358, 38.599246324358376 ], [ -5.297423062024677, 38.603173732981368 ], [ -5.293185594139857, 38.607075304082002 ], [ -5.288147142376715, 38.612527166995164 ], [ -5.255771857185494, 38.634386298189099 ], [ -5.210064053413361, 38.6590359564442 ], [ -5.180815192067485, 38.666038112968522 ], [ -5.176293504241812, 38.670869859156653 ], [ -5.174381476324074, 38.676502590122425 ], [ -5.170996670060276, 38.682987982709214 ], [ -5.167250128590581, 38.693426622340723 ], [ -5.169187994930041, 38.701152249276852 ], [ -5.173037889187242, 38.708206081745232 ], [ -5.170454066801767, 38.713812975188659 ], [ -5.15944698728862, 38.717947089386662 ], [ -5.079865281557488, 38.719419867732711 ], [ -5.063819749381935, 38.725388495482662 ], [ -5.036586269640623, 38.728411567439878 ], [ -5.021445075030215, 38.734225165558946 ], [ -5.009740362627667, 38.735362047120759 ], [ -5.002815721368449, 38.735103664702365 ], [ -4.997854783971095, 38.735827135114171 ], [ -4.990775112181666, 38.739315294165465 ], [ -4.981370002223855, 38.749598904166078 ], [ -4.971654832104833, 38.769158433814653 ], [ -4.947521937787203, 38.839360867110322 ], [ -4.942871059651679, 38.848869329855688 ], [ -4.927342292312971, 38.87031504989961 ], [ -4.9197458556867, 38.877162176792993 ], [ -4.912898728793321, 38.882278143821281 ], [ -4.904682176341396, 38.885998846869256 ], [ -4.895793830320997, 38.888117581261326 ], [ -4.886337042620426, 38.889099433192257 ], [ -4.858586798941644, 38.886153876500202 ], [ -4.850757819218017, 38.886670641336984 ], [ -4.845719366555556, 38.892044989884376 ], [ -4.841404385204214, 38.914240016963163 ], [ -4.836314255698369, 38.928528550851922 ], [ -4.840060798067384, 38.93963898405184 ], [ -4.846649543441688, 38.945969347007747 ], [ -4.873211228715262, 38.948940742121522 ], [ -4.879774135667843, 38.952248033120206 ], [ -4.913828904780132, 38.95968943921622 ], [ -4.920624354830125, 38.964133613575363 ], [ -4.925016852345892, 38.97017975479185 ], [ -4.92803992430305, 38.977466132156223 ], [ -4.929590216115571, 38.984907538252287 ], [ -4.929796921690581, 38.991728826723943 ], [ -4.930933804151719, 38.999351100872559 ], [ -4.931269700935957, 39.000126248127799 ], [ -4.934447800725422, 39.00152151120875 ], [ -4.939512090910284, 39.004622097531751 ], [ -4.944317999576015, 39.009660549294892 ], [ -4.946385057124701, 39.016791897028384 ], [ -4.947599453052304, 39.024388332755336 ], [ -4.951165127368768, 39.03170054854143 ], [ -4.953593919223978, 39.038961087484161 ], [ -4.954136521583223, 39.045575670380863 ], [ -4.946385057124701, 39.050975857349883 ], [ -4.937806768567498, 39.053068753320304 ], [ -4.928582525762977, 39.051518459709143 ], [ -4.919926723739309, 39.049141343797942 ], [ -4.895328742327592, 39.037669176291445 ], [ -4.877293666969139, 39.032604885207263 ], [ -4.867604336171212, 39.033638413981578 ], [ -4.859000210091609, 39.036506456307905 ], [ -4.834712287042406, 39.047591051086094 ], [ -4.831043259938498, 39.054257310826188 ], [ -4.833627082323972, 39.062887275327455 ], [ -4.840241665220673, 39.068623359080732 ], [ -4.857475754902167, 39.076219793908365 ], [ -4.863986985910683, 39.081619980877392 ], [ -4.867475144961987, 39.091981106143123 ], [ -4.867397629696883, 39.106140448822657 ], [ -4.855563726984427, 39.147843328706642 ], [ -4.851119554423915, 39.158979601227585 ], [ -4.847037116169986, 39.165490831336797 ], [ -4.839724901283148, 39.170270901580814 ], [ -4.825772264178681, 39.182027289028149 ], [ -4.819648606797784, 39.188719387189948 ], [ -4.813395758207662, 39.194455470943197 ], [ -4.806781175311018, 39.198796292514899 ], [ -4.798642137224874, 39.199106349978031 ], [ -4.781097988281545, 39.195127265410967 ], [ -4.771925422320407, 39.194817206149132 ], [ -4.762623664250727, 39.19543732377344 ], [ -4.744769456045561, 39.198822130037229 ], [ -4.727328659889736, 39.196496690070148 ], [ -4.719034593072022, 39.193163561549113 ], [ -4.711179774926677, 39.189029446451798 ], [ -4.676117316361059, 39.175619411706464 ], [ -4.671414761382154, 39.174456691722938 ], [ -4.658392300264439, 39.173939927785398 ], [ -4.670432908551901, 39.190993150313609 ], [ -4.69911332821755, 39.218123277267416 ], [ -4.710611335045087, 39.225306300945022 ], [ -4.715675625229951, 39.232075914371933 ], [ -4.717200080419389, 39.236054998939039 ], [ -4.734615037254173, 39.260963040511911 ], [ -4.753554450177718, 39.297394923736711 ], [ -4.756189947607993, 39.306154080346516 ], [ -4.756758389288223, 39.316515203813594 ], [ -4.749394496658681, 39.324576728433271 ], [ -4.740661180269286, 39.327935696275347 ], [ -4.730274216581848, 39.329537664931252 ], [ -4.720352341787133, 39.334834500012164 ], [ -4.710947230929947, 39.344136257182527 ], [ -4.696064418737932, 39.378371894347417 ], [ -4.68136247369921, 39.400127671854534 ], [ -4.677874314647907, 39.417594306432065 ], [ -4.692731289317579, 39.449814561992419 ], [ -4.70355750167738, 39.43841990795238 ], [ -4.752960170975142, 39.418162747212989 ], [ -4.767016159967795, 39.404649360579526 ], [ -4.777919887592759, 39.400592759847939 ], [ -4.813679979047778, 39.392376207396019 ], [ -4.836365933441072, 39.38384959658157 ], [ -4.842618781131875, 39.380542303784296 ], [ -4.850060187227882, 39.378733629553324 ], [ -4.855382859831138, 39.378242703138199 ], [ -4.880135870873744, 39.366873888419207 ], [ -4.944369676419456, 39.391911119402607 ], [ -4.955971035135178, 39.399610907917065 ], [ -4.966487189132463, 39.406225490813704 ], [ -4.9714222881081, 39.409739488286732 ], [ -4.984444749225815, 39.420953274274154 ], [ -4.994831712013934, 39.432657985777382 ], [ -5.024623174819681, 39.459297187215398 ], [ -5.039247606391939, 39.478107408030439 ], [ -5.046430630069551, 39.482008979131074 ], [ -5.06428483737534, 39.485548814126453 ], [ -5.079245163933193, 39.492835191490883 ], [ -5.086893275604211, 39.500069892011894 ], [ -5.101285163179739, 39.509371650081562 ], [ -5.122627528637567, 39.527200018965686 ], [ -5.159395311344555, 39.563941962351642 ], [ -5.16683671744056, 39.568799546961493 ], [ -5.182908088037835, 39.577119452200918 ], [ -5.190271978868736, 39.582338772016669 ], [ -5.196447313093018, 39.587661445519238 ], [ -5.199522060994355, 39.593578396425805 ], [ -5.197610033076558, 39.599650376963325 ], [ -5.186783819817435, 39.611432603731657 ], [ -5.181745368054296, 39.618047187527679 ], [ -5.175828416248407, 39.624222519953321 ], [ -5.171487595576081, 39.630966294958512 ], [ -5.160997280000458, 39.643213608821 ], [ -5.157379929739989, 39.649673162986062 ], [ -5.155028652250508, 39.656571966722886 ], [ -5.151824714039322, 39.663005683365569 ], [ -5.150481126003172, 39.68411550572597 ], [ -5.146140306230166, 39.697964789143668 ], [ -5.142419603182133, 39.704837755358085 ], [ -5.140585089630179, 39.712356675819933 ], [ -5.141721971191998, 39.720314845853409 ], [ -5.148930833291331, 39.728686427936282 ], [ -5.162418382402451, 39.741243801060534 ], [ -5.165363939094505, 39.747186591288141 ], [ -5.159085252082718, 39.762250271532764 ], [ -5.159240281713664, 39.771784572699858 ], [ -5.163813646382664, 39.78491038750434 ], [ -5.168128627734006, 39.792894395959593 ], [ -5.175725062561582, 39.796485907798399 ], [ -5.182339647256923, 39.796925157370083 ], [ -5.202235072790359, 39.794573879880602 ], [ -5.208746303798875, 39.792739366328647 ], [ -5.229106818225092, 39.779329332482696 ], [ -5.237840134614542, 39.771422838393285 ], [ -5.24892473029206, 39.757366848501249 ], [ -5.253989019577604, 39.753956203815733 ], [ -5.260267706589389, 39.752250882372323 ], [ -5.274065314063025, 39.752870999097304 ], [ -5.308120083175311, 39.758297024488058 ], [ -5.313416917356847, 39.763206285041974 ], [ -5.316930914829868, 39.77188792638669 ], [ -5.314347093343713, 39.793436998318782 ], [ -5.311866623745687, 39.803333034691775 ], [ -5.31039384629895, 39.814882717463433 ], [ -5.307758347969411, 39.82692332575084 ], [ -5.302849087415439, 39.835243231889592 ], [ -5.292100389421421, 39.848369045794811 ], [ -5.289051479941861, 39.854854438381608 ], [ -5.289309862360256, 39.861701565274991 ], [ -5.293754034920767, 39.867851061077602 ], [ -5.299490118674043, 39.873897203193337 ], [ -5.306027188104281, 39.879555772580829 ], [ -5.313210211781836, 39.884284165981455 ], [ -5.321504278599604, 39.887488105091961 ], [ -5.33023759588832, 39.888935045016296 ], [ -5.357781133992148, 39.887178045830126 ], [ -5.376746385337412, 39.883948269197219 ], [ -5.3861514961946, 39.881028550926885 ], [ -5.390595668755111, 39.893585924051138 ], [ -5.391009079905134, 39.920405991743124 ], [ -5.374110887007816, 39.994820055401192 ], [ -5.368891567192067, 40.048666897259473 ], [ -5.371139491894041, 40.058020331273269 ], [ -5.370390183959843, 40.068329779695546 ], [ -5.365041672934865, 40.093263657891498 ], [ -5.360700853161861, 40.101531887186823 ], [ -5.357626105260578, 40.105330105499945 ], [ -5.327963832764682, 40.115897936340673 ], [ -5.345378791398105, 40.137602037004406 ], [ -5.3491770079126, 40.145198472731288 ], [ -5.354060430944115, 40.151425482899697 ], [ -5.3615018379395, 40.164835516745654 ], [ -5.364705776150688, 40.209690659796088 ], [ -5.363775601063139, 40.217442125153923 ], [ -5.361036749946038, 40.22488353124993 ], [ -5.350029670432946, 40.245450751251155 ], [ -5.349797126436273, 40.251031806272806 ], [ -5.354603034202682, 40.255165921370185 ], [ -5.373077358233502, 40.254416612536602 ], [ -5.423591070671364, 40.243125312183395 ], [ -5.457800869414598, 40.221111152257834 ], [ -5.464544644419788, 40.214806626824327 ], [ -5.478135545419094, 40.204212958461255 ], [ -5.486300421926956, 40.201344916134943 ], [ -5.494516974378882, 40.199252021063899 ], [ -5.500718146125564, 40.198373521021153 ], [ -5.539811367000993, 40.197443345933664 ], [ -5.5777418687922, 40.207778631878334 ], [ -5.603812629449294, 40.219405829015791 ], [ -5.627041185302459, 40.244003811326813 ], [ -5.65858964729438, 40.265940456886547 ], [ -5.686908331754127, 40.281495063546345 ], [ -5.727732713394006, 40.293974921405493 ], [ -5.762433437653043, 40.284414780917359 ], [ -5.783646612800963, 40.286145942581186 ], [ -5.789796107704205, 40.290460923932464 ], [ -5.79181148930877, 40.296041978954115 ], [ -5.783000657654213, 40.308082587241586 ], [ -5.780752732952295, 40.315058906243507 ], [ -5.781579556151598, 40.323352973061219 ], [ -5.785377772666095, 40.331647039878987 ], [ -5.794989589997613, 40.341827297991365 ], [ -5.804162156858069, 40.342964179553235 ], [ -5.813334722819206, 40.340845445161172 ], [ -5.83408281087304, 40.332215481559217 ], [ -5.867620815148484, 40.324929104194787 ], [ -5.875062222143869, 40.32167348914021 ], [ -5.881805996249739, 40.317487698098773 ], [ -5.885810920137886, 40.311286526352099 ], [ -5.888213873571431, 40.304361884193554 ], [ -5.891805386309557, 40.296894640575196 ], [ -5.896456265344399, 40.289995835939074 ], [ -5.903690964966076, 40.28425975218579 ], [ -5.912450119777191, 40.280745754712775 ], [ -5.92555009616001, 40.281495063546345 ], [ -5.951543340652676, 40.289143175217362 ], [ -5.987613491369531, 40.303225003531054 ], [ -6.001204393268155, 40.311519070348837 ], [ -6.009524299406906, 40.319244697284944 ], [ -6.023011846719386, 40.327771308099386 ], [ -6.045077684387648, 40.337693182894043 ], [ -6.080036790165765, 40.348390204044676 ], [ -6.093162604070928, 40.353687039125546 ], [ -6.096263190393927, 40.357562770905147 ], [ -6.089571092232121, 40.361154282743939 ], [ -6.086625534640746, 40.365081692266244 ], [ -6.084248419628864, 40.372936510411598 ], [ -6.082336391711124, 40.376657213459623 ], [ -6.078408983088083, 40.380739650814235 ], [ -6.075618455127598, 40.384718736280604 ], [ -6.075075852768408, 40.38869782174703 ], [ -6.069107225018456, 40.396294257473983 ], [ -6.06913306344012, 40.400169990152904 ], [ -6.074610764775001, 40.40474335392264 ], [ -6.095591395926192, 40.410608628885093 ], [ -6.107735357900482, 40.415517890338322 ], [ -6.115822720042502, 40.421253974091599 ], [ -6.116416999245132, 40.427403468994896 ], [ -6.117967291956973, 40.433811347215851 ], [ -6.137139247977926, 40.437532050263883 ], [ -6.146518521312715, 40.441304430155313 ], [ -6.162589891010668, 40.454481920004582 ], [ -6.172899339433004, 40.460915635747995 ], [ -6.206669887705177, 40.477555447126186 ], [ -6.224110683860999, 40.480320135765623 ], [ -6.236693895406973, 40.479441637521518 ], [ -6.246228196574007, 40.475255846480081 ], [ -6.280205451320512, 40.455980535872989 ], [ -6.292581956392155, 40.451691392943417 ], [ -6.305501063823043, 40.448745836251298 ], [ -6.323148565553878, 40.446317044396039 ], [ -6.333483853297196, 40.441588650096094 ], [ -6.342423875261659, 40.436085110339548 ], [ -6.349503547051087, 40.430607408105409 ], [ -6.354464484448384, 40.424302883571215 ], [ -6.357720098603693, 40.417352402990957 ], [ -6.362732712844434, 40.410401923310076 ], [ -6.372396206120015, 40.405440985912719 ], [ -6.402213508246804, 40.400635077246996 ], [ -6.41280717571061, 40.397431139035803 ], [ -6.421307949002651, 40.393400376725992 ], [ -6.442262742631498, 40.375933743047767 ], [ -6.479831509216808, 40.365546780259706 ], [ -6.487402105622665, 40.362110297152469 ], [ -6.507840135313985, 40.355857449461723 ], [ -6.515539923828442, 40.35242096635448 ], [ -6.546881680245349, 40.333636583061832 ], [ -6.553082851992031, 40.327822984043451 ], [ -6.557966274124283, 40.321570136352705 ], [ -6.558121303755175, 40.314697171037608 ], [ -6.552772792730195, 40.300847886720589 ], [ -6.553186203880213, 40.293871567718668 ], [ -6.556105923049929, 40.287101956090396 ], [ -6.562229580430826, 40.281495063546345 ], [ -6.571014573663661, 40.276534125249668 ], [ -6.585148077921474, 40.271986599002332 ], [ -6.655040451955301, 40.262038885785955 ], [ -6.668398809857195, 40.258163154006354 ], [ -6.677416347986082, 40.253512274971513 ], [ -6.68857845713012, 40.249739895080097 ], [ -6.698707038399107, 40.250850938220196 ], [ -6.717646450423331, 40.25893830036226 ], [ -6.726328090868719, 40.258111477162913 ], [ -6.758780890425783, 40.244830634526132 ], [ -6.77777197929339, 40.24648428002547 ], [ -6.785135871023614, 40.248706367205045 ], [ -6.794385952249911, 40.247905382427462 ], [ -6.804695399772866, 40.244365546532734 ], [ -6.814694789832685, 40.244417223376161 ], [ -6.824513311839894, 40.246355088816301 ], [ -6.834745245896386, 40.250308335861021 ], [ -6.844253708641759, 40.255786038095152 ], [ -6.862185431212709, 40.271754055005594 ], [ -6.87450909212089, 40.279188166700521 ], [ -6.875105346999959, 40.271238099000058 ], [ -6.878050903999848, 40.265243632000107 ], [ -6.89644771299996, 40.255476786000074 ], [ -6.915826374999909, 40.254443258 ], [ -6.935411742999946, 40.25583852200009 ], [ -6.942100807999878, 40.254977731000068 ], [ -6.954687052999873, 40.253358053000099 ], [ -6.997785196999899, 40.231705627000011 ], [ -7.015768594999884, 40.225504456000024 ], [ -7.024760294999909, 40.216202698000089 ], [ -7.034578816999982, 40.193051656000094 ], [ -7.043105428999894, 40.181372783000128 ], [ -7.034837198999867, 40.166748352000056 ], [ -7.027654174999897, 40.132641907000092 ], [ -7.015768594999884, 40.119051005000088 ], [ -7.003676309999889, 40.116312154000056 ], [ -6.977166300999983, 40.113418274000068 ], [ -6.966417602999855, 40.110317688000023 ], [ -6.955720581999855, 40.102927959000013 ], [ -6.942129679999965, 40.086339823000017 ], [ -6.919908812999921, 40.064894104000089 ], [ -6.879704548999911, 40.009186910000054 ], [ -6.896912800999871, 39.987121074000058 ], [ -6.901615355999867, 39.976475728000082 ], [ -6.899755004999863, 39.965623678000043 ], [ -6.903682413999917, 39.956683655000077 ], [ -6.909521850999909, 39.931982321000071 ], [ -6.912570759999937, 39.928106588000034 ], [ -6.922285928999884, 39.922422180000083 ], [ -6.925231485999888, 39.917926331000061 ], [ -6.925128132999933, 39.912241924000014 ], [ -6.921562459999961, 39.902165019000066 ], [ -6.921769164999915, 39.897152404999986 ], [ -6.923474487999897, 39.888315735 ], [ -6.924249633999892, 39.871572571000044 ], [ -6.927660278999922, 39.861909078000046 ], [ -6.95282670099988, 39.832866924000044 ], [ -6.962335164999956, 39.828526103000073 ], [ -6.985227824999869, 39.821136373000051 ], [ -6.993030964999889, 39.81607208300008 ], [ -7.000265664999859, 39.802532858000106 ], [ -6.998870401999879, 39.791784160000063 ], [ -6.994581258999915, 39.782585755000085 ], [ -6.993030964999889, 39.77421417300009 ], [ -6.996803344999902, 39.764705709000012 ], [ -7.008740600999944, 39.748324280000062 ], [ -7.013339802999923, 39.738919170000102 ], [ -7.013649861999911, 39.729617412 ], [ -7.010704304999906, 39.722796122000048 ], [ -7.009619099999895, 39.715458069000036 ], [ -7.021142944999921, 39.694012350000023 ], [ -7.035767373999904, 39.689258118000019 ], [ -7.182890177999895, 39.675098775000066 ], [ -7.214051065999854, 39.676183981000079 ], [ -7.235755167999855, 39.686519267000065 ], [ -7.252860066999888, 39.682333476000046 ], [ -7.292754272999928, 39.683315329000024 ], [ -7.31140946499991, 39.680318095000089 ], [ -7.327842569999859, 39.674788717000084 ], [ -7.34143347099996, 39.67184316 ], [ -7.557285929999894, 39.679801331000064 ], [ -7.555871749281835, 39.677207318462933 ], [ -7.548242553999955, 39.663213197000047 ], [ -7.515841430999929, 39.593760071000069 ], [ -7.497858032999943, 39.581047668000011 ], [ -7.468092406999887, 39.550248515000064 ], [ -7.451349242999924, 39.537846172000073 ], [ -7.417552856999947, 39.524203593000081 ], [ -7.408922891999907, 39.515573629000031 ], [ -7.399414428999905, 39.493662821000086 ], [ -7.384169880999878, 39.483999329000042 ], [ -7.362930866999901, 39.476092835000088 ], [ -7.320917927999886, 39.467411194000036 ], [ -7.313528197999887, 39.457437643000034 ], [ -7.313631550999901, 39.436095276000046 ], [ -7.31885087099991, 39.413254293000122 ], [ -7.326705688999938, 39.398836568000021 ], [ -7.331925008999888, 39.384728902000077 ], [ -7.331408243999931, 39.362611390000055 ], [ -7.32665401199995, 39.341320699000093 ], [ -7.319264282999939, 39.329538473000092 ], [ -7.300454060999925, 39.317911275000128 ], [ -7.250844686233278, 39.270627339580017 ] ] ] ] } },
{ "type": "Feature", "properties": { "region": "Galicia", "wind_mw": 3863.1, "area_km2": 29542.986746290277, "wind_mw_per_1000km2": 130.76199888574538 }, "geometry": { "type": "MultiPolygon", "coordinates": [ [ [ [ -8.222361612999919, 42.153629660000021 ], [ -8.213395751999883, 42.1440178430001 ], [ -8.204326537999918, 42.128799133000072 ], [ -8.207375447999938, 42.085778504000061 ], [ -8.204016479999924, 42.06955210400006 ], [ -8.19130407699987, 42.062084859000024 ], [ -8.176162882999964, 42.065262960000013 ], [ -8.158386189999931, 42.07138661700008 ], [ -8.137612263999898, 42.072911072000082 ], [ -8.118440307999975, 42.066864929000033 ], [ -8.103195760999938, 42.055806173000022 ], [ -8.095082559999923, 42.040923361000083 ], [ -8.097356322999929, 42.023482565000052 ], [ -8.108027506999861, 42.010899353000028 ], [ -8.12391800899988, 42.000899964000027 ], [ -8.152960163999865, 41.986818136000082 ], [ -8.182131509999895, 41.965424093000067 ], [ -8.220707966999953, 41.922713521000063 ], [ -8.230216430999862, 41.904678447000052 ], [ -8.231715047999955, 41.886049093 ], [ -8.220397908999871, 41.868194886000047 ], [ -8.184586140999954, 41.857730408000108 ], [ -8.177041381999885, 41.849849752000047 ], [ -8.175387735999948, 41.836594747000063 ], [ -8.179573526999889, 41.810704854000036 ], [ -8.093480590999889, 41.806725769000039 ], [ -8.050445716999889, 41.81598643800006 ], [ -8.048573770999898, 41.816389262000072 ], [ -8.015707560999942, 41.841891581000112 ], [ -8.005889037999911, 41.853958029000083 ], [ -7.993641723999872, 41.863673198000029 ], [ -7.979430704999913, 41.868608297000058 ], [ -7.963359334999922, 41.866618755000033 ], [ -7.94475581899988, 41.866954652000032 ], [ -7.93535070799993, 41.879951274000064 ], [ -7.930493122999908, 41.896668600000098 ], [ -7.925790567999941, 41.908166606000115 ], [ -7.906101846999889, 41.913851014000066 ], [ -7.903362995999942, 41.886824240000095 ], [ -7.896593383999885, 41.857937113000062 ], [ -7.864812377999955, 41.85788543700005 ], [ -7.85788773599998, 41.863776551000043 ], [ -7.854425414999925, 41.870261943000024 ], [ -7.849722859999873, 41.875765483000109 ], [ -7.839232543999913, 41.878375143000099 ], [ -7.812154092999947, 41.877134909000077 ], [ -7.750142374999912, 41.888374532000043 ], [ -7.722030395999866, 41.899252421000099 ], [ -7.706372436999914, 41.896255188000069 ], [ -7.678673868999878, 41.881346537000027 ], [ -7.661155557999934, 41.874912822000077 ], [ -7.607360391999919, 41.873181662000022 ], [ -7.6228116449999, 41.841736552000057 ], [ -7.622191528999852, 41.832331442000026 ], [ -7.606068480999848, 41.825535991000052 ], [ -7.588395141999855, 41.8242182420001 ], [ -7.567104451999882, 41.826595358000063 ], [ -7.546692260999919, 41.832047221000025 ], [ -7.531551066999923, 41.84016042100005 ], [ -7.526331746999888, 41.847369283 ], [ -7.525246540999888, 41.854164734000044 ], [ -7.523282836999951, 41.860159201000059 ], [ -7.515841430999927, 41.864990947000074 ], [ -7.508141642999959, 41.864939270000079 ], [ -7.493000447999943, 41.85690358600008 ], [ -7.483285278999887, 41.856205954000089 ], [ -7.469384318999915, 41.852536926000099 ], [ -7.456568562999847, 41.839230245000074 ], [ -7.446956746999915, 41.821841126000052 ], [ -7.442719278999959, 41.805950623000044 ], [ -7.4295417889999, 41.814503073000068 ], [ -7.405408894999937, 41.835199484000086 ], [ -7.391921345999974, 41.842046611000043 ], [ -7.376831827999865, 41.84403615300009 ], [ -7.340503295999897, 41.843209331000068 ], [ -7.322468220999891, 41.845405579000058 ], [ -7.251464802999919, 41.863699036000028 ], [ -7.21865026899991, 41.879046937000105 ], [ -7.209316118344191, 41.889160873375587 ], [ -7.197928018999961, 41.90150034600002 ], [ -7.195654255999955, 41.917365011000115 ], [ -7.202113810999887, 41.949740295000083 ], [ -7.19994339999991, 41.963718771000103 ], [ -7.192605346999926, 41.969609884000093 ], [ -7.177309122999873, 41.978369039000071 ], [ -7.159739135999899, 41.985732931000072 ], [ -7.145373087999902, 41.987489929000063 ], [ -7.113178670999929, 41.972426250000083 ], [ -7.082741251999948, 41.95278920500003 ], [ -7.051270303999931, 41.942014669000031 ], [ -7.015768594999884, 41.953667705000086 ], [ -6.992359170999919, 41.966380107000035 ], [ -6.983456182999931, 41.962996166 ], [ -6.982720709792943, 41.973975734992166 ], [ -6.987707484712642, 41.983380845849354 ], [ -6.986467251262639, 41.989168606446015 ], [ -6.983134120942907, 41.996713365329533 ], [ -6.965305752058839, 42.028313504164885 ], [ -6.966003384048917, 42.032964382300406 ], [ -6.967501999917375, 42.035935777414181 ], [ -6.97786312518309, 42.04792470975751 ], [ -6.984761928919909, 42.051180324812087 ], [ -7.005070767402003, 42.051025296080518 ], [ -7.012693039751981, 42.0522138544858 ], [ -7.019772712440727, 42.056244614996963 ], [ -7.026283941650606, 42.061360582025209 ], [ -7.028144293624281, 42.067975164921911 ], [ -7.024656133673659, 42.075726630279746 ], [ -7.011220262305245, 42.085751857861908 ], [ -6.986932339256044, 42.114122219165033 ], [ -6.979180873898201, 42.119496567712417 ], [ -6.970809291815385, 42.122028714153828 ], [ -6.962592739363458, 42.126162828351823 ], [ -6.955590582839137, 42.132208971366929 ], [ -6.944738532057613, 42.158357245490429 ], [ -6.940578579437895, 42.165333564492343 ], [ -6.932904629345159, 42.174118556825931 ], [ -6.898410609761811, 42.200163479061317 ], [ -6.882545945638867, 42.209594428340161 ], [ -6.866758795881708, 42.217009996014504 ], [ -6.844641283168698, 42.220885728693418 ], [ -6.830456102067443, 42.220937405536787 ], [ -6.81133582199061, 42.216596584864483 ], [ -6.805470547028109, 42.217940172001313 ], [ -6.802395799126828, 42.230807604387394 ], [ -6.799424404013052, 42.238378200793306 ], [ -6.783249680628274, 42.252873440257019 ], [ -6.769813809259917, 42.261968491852379 ], [ -6.756403773615264, 42.280882066354266 ], [ -6.744414842171239, 42.29183746992328 ], [ -6.740616623858102, 42.298193671300844 ], [ -6.738317023212064, 42.30496328382845 ], [ -6.737748582431154, 42.311991278774485 ], [ -6.738756272783746, 42.326357327028973 ], [ -6.738058640793666, 42.33385040996842 ], [ -6.735707363304186, 42.341136786433538 ], [ -6.740461595126533, 42.35025767734993 ], [ -6.755421921684329, 42.362660020843229 ], [ -6.78916663333348, 42.378886420172144 ], [ -6.83911190409111, 42.410124823801539 ], [ -6.831851366047715, 42.412605292500253 ], [ -6.828544074149704, 42.415447496404809 ], [ -6.820740932847799, 42.423664048856722 ], [ -6.816400112175474, 42.430201118286959 ], [ -6.813041144333341, 42.438908596254706 ], [ -6.810819058053085, 42.456116848413799 ], [ -6.80877783892612, 42.464023342503253 ], [ -6.821050991210257, 42.485055650497827 ], [ -6.892571174120405, 42.499783433958271 ], [ -6.897170376311806, 42.501617947510226 ], [ -6.909443528596, 42.509291896703644 ], [ -6.919985521015006, 42.512831733497698 ], [ -6.93293046686756, 42.513064277494379 ], [ -6.952645026147026, 42.508258367929329 ], [ -6.962024298582549, 42.503814195368818 ], [ -6.966623500773947, 42.500558580314184 ], [ -6.968354660639079, 42.498388169978057 ], [ -6.972307908583106, 42.49570099480502 ], [ -6.983134120942907, 42.494822496560978 ], [ -7.026283941650605, 42.502005520238527 ], [ -7.071035731913526, 42.503452460162862 ], [ -7.061966518739837, 42.522004299458835 ], [ -7.062509121099082, 42.540659492441577 ], [ -7.060106166766217, 42.548617662475124 ], [ -7.042794561819561, 42.577608141402607 ], [ -7.04201941636296, 42.589106147330824 ], [ -7.044344855430722, 42.61708893500635 ], [ -7.039900681970893, 42.625563869876657 ], [ -7.032252570299875, 42.631558336048329 ], [ -7.023183356226923, 42.63543406782793 ], [ -7.014295010206581, 42.641325182111416 ], [ -7.013907436578963, 42.647629705746283 ], [ -7.016749639584191, 42.654270127964026 ], [ -7.023364224279533, 42.659980374194902 ], [ -7.03023718869531, 42.667189236294178 ], [ -7.036179978922918, 42.675922553582936 ], [ -7.039693976395881, 42.689125881853947 ], [ -7.037652757268916, 42.698169257505185 ], [ -7.032795172659121, 42.706256618747943 ], [ -7.021245489887462, 42.718064683937996 ], [ -7.016956346058519, 42.720855210999154 ], [ -6.988379279180381, 42.73010529222546 ], [ -6.965693324787139, 42.747029324443758 ], [ -6.955745611570706, 42.749122219514803 ], [ -6.947606574383885, 42.747339381906954 ], [ -6.938718228363541, 42.746590073972698 ], [ -6.928589647094555, 42.750052395501669 ], [ -6.918047654675548, 42.757312934444371 ], [ -6.895620082700645, 42.780644843085042 ], [ -6.863348151196249, 42.808446764506527 ], [ -6.857534552177869, 42.81813609530451 ], [ -6.853891364394942, 42.829427394758454 ], [ -6.85407223064891, 42.83759227126626 ], [ -6.862262945578493, 42.862035223946414 ], [ -6.860480108869924, 42.874463405861498 ], [ -6.843556076651623, 42.889087836534429 ], [ -6.839086065669392, 42.896658433839598 ], [ -6.837096523385869, 42.905572618281667 ], [ -6.828285691731309, 42.914796861086245 ], [ -6.833660041177951, 42.952365628570874 ], [ -6.836889817810857, 42.962700914515551 ], [ -6.845648972621973, 42.971408393382603 ], [ -6.868851690952797, 42.988668321485832 ], [ -6.877378301767237, 42.991277981393694 ], [ -6.896395229955885, 42.990709539713471 ], [ -6.905852016757195, 42.992078966171334 ], [ -6.913706834003222, 42.994740302023281 ], [ -6.922000901720253, 43.000192165835756 ], [ -6.924481370418903, 43.002388413694298 ], [ -6.945203620051017, 43.024609280094182 ], [ -6.951327277431915, 43.025126044031708 ], [ -6.953575202133892, 43.023782456894828 ], [ -6.95373023086546, 43.004920559236389 ], [ -6.954892950849, 43.001587428916707 ], [ -6.955978155567439, 42.99988210747324 ], [ -6.957683477910166, 42.99794424113378 ], [ -6.961972621739105, 42.99567047801014 ], [ -6.966390956777218, 42.994275214029869 ], [ -6.975847743578525, 42.998305976339722 ], [ -6.983314988995573, 43.007969468715999 ], [ -6.988456794445541, 43.01933828433431 ], [ -6.98613135357914, 43.030216173537561 ], [ -6.979568446626502, 43.036624049959933 ], [ -6.971222702965406, 43.038613593142784 ], [ -6.963445400085166, 43.042592677709884 ], [ -6.958251918691074, 43.049801540708529 ], [ -6.955203009211517, 43.059465033984118 ], [ -6.952179938153621, 43.066208808089989 ], [ -6.948846807833945, 43.072074083052478 ], [ -6.945203620051017, 43.076724962087326 ], [ -6.939390021032638, 43.079593004413596 ], [ -6.93272376129255, 43.080988268393867 ], [ -6.922595180922883, 43.080109768351122 ], [ -6.91324174600976, 43.080574856344526 ], [ -6.877223273035612, 43.091788642331949 ], [ -6.868980882161964, 43.09530263890565 ], [ -6.831541306785877, 43.120159002735747 ], [ -6.829603441345739, 43.128866482502133 ], [ -6.832161424410231, 43.139899400436953 ], [ -6.847586838961434, 43.159226386088847 ], [ -6.857379523446241, 43.169251614570328 ], [ -6.866293707888303, 43.175297756686113 ], [ -6.873812629249471, 43.174625963117713 ], [ -6.879962124152715, 43.170595200807853 ], [ -6.884251267981654, 43.164678249901272 ], [ -6.886266648686899, 43.158399562889485 ], [ -6.891175910140134, 43.153180243073727 ], [ -6.898462286605252, 43.149123644140843 ], [ -6.907919074305823, 43.146410631445463 ], [ -6.926651780755094, 43.13803904936259 ], [ -6.943420783342503, 43.132613023072516 ], [ -6.951533983006925, 43.134576727833689 ], [ -6.959285448364767, 43.13884003414023 ], [ -6.965693324787138, 43.144601956315221 ], [ -6.970912644602891, 43.151733303149399 ], [ -6.97378068692916, 43.159226386088839 ], [ -6.972669643789061, 43.168864040942708 ], [ -6.965848355317348, 43.183255926719596 ], [ -6.965176560849613, 43.189612128097224 ], [ -6.965564133577914, 43.195012315066272 ], [ -6.971842820589701, 43.198422959751774 ], [ -6.97995602115344, 43.200102444572117 ], [ -6.995898199642228, 43.206045233900404 ], [ -7.006956955998703, 43.217000637469425 ], [ -7.013597378216446, 43.217362371776005 ], [ -7.021348842674966, 43.218757635756276 ], [ -7.043414679443912, 43.231676744086428 ], [ -7.050959438327425, 43.2373094750522 ], [ -7.056798874868209, 43.244647529260021 ], [ -7.062793341039876, 43.25487946241725 ], [ -7.0712682759102, 43.297719224762368 ], [ -7.078347947699626, 43.303093574209079 ], [ -7.086486985785768, 43.30702098193273 ], [ -7.094884406290303, 43.308674628331389 ], [ -7.108371955401426, 43.3190357526978 ], [ -7.115348272604706, 43.326554674058912 ], [ -7.121601121194772, 43.336786607216141 ], [ -7.12480506030528, 43.348207098778573 ], [ -7.125476853873693, 43.35719879848574 ], [ -7.125270148298739, 43.365208645362657 ], [ -7.12604529465466, 43.372701728302104 ], [ -7.130050217643428, 43.378618679208671 ], [ -7.13661312459601, 43.382106839159299 ], [ -7.153588832758429, 43.381383367848116 ], [ -7.166947190660325, 43.386215114935581 ], [ -7.17012529134911, 43.390840156448078 ], [ -7.171623908116883, 43.39611115220788 ], [ -7.168807541734679, 43.416781724996611 ], [ -7.16686967629454, 43.423396307893256 ], [ -7.160901047645267, 43.429132392545846 ], [ -7.148550380995289, 43.431457830714294 ], [ -7.137620814948663, 43.431457830714308 ], [ -7.127440557735554, 43.428822333284018 ], [ -7.119947475695482, 43.428693142074842 ], [ -7.112738612696831, 43.429339098120856 ], [ -7.105116340346854, 43.433059801168838 ], [ -7.095013596600211, 43.440061956793848 ], [ -7.081138474760792, 43.45605581302533 ], [ -7.050520188755739, 43.476338813085704 ], [ -7.048892380778739, 43.477889105797544 ], [ -7.046922738074349, 43.48367793486463 ], [ -7.053618943999937, 43.496527411000045 ], [ -7.048410610999952, 43.510443427000041 ], [ -7.037749803999931, 43.522243557000088 ], [ -7.030873175999943, 43.533229885000083 ], [ -7.032338019999939, 43.553005276000079 ], [ -7.044300910999937, 43.559393622000073 ], [ -7.061594204999949, 43.561590887000087 ], [ -7.079335089999915, 43.568630276000079 ], [ -7.095855272999925, 43.560980536000045 ], [ -7.156971808999913, 43.559271552000048 ], [ -7.194894985999952, 43.563503322000088 ], [ -7.21544348899994, 43.56867096600007 ], [ -7.230091925999944, 43.568630276000079 ], [ -7.242014126999949, 43.564805406000062 ], [ -7.249623175999943, 43.559393622000073 ], [ -7.257720506999927, 43.556667385000083 ], [ -7.271066860999951, 43.561143296000076 ], [ -7.271066860999951, 43.568630276000079 ], [ -7.265126105999911, 43.571478583000051 ], [ -7.262277798999947, 43.57428620000006 ], [ -7.260161912999933, 43.577500718000053 ], [ -7.256743943999936, 43.581610419000071 ], [ -7.304107225999928, 43.598578192000048 ], [ -7.367054816999943, 43.680080471000068 ], [ -7.407622850999928, 43.691229559000078 ], [ -7.490142381999932, 43.725327867000033 ], [ -7.502023891999954, 43.728338934000078 ], [ -7.541411912999934, 43.731634833000044 ], [ -7.555775519999941, 43.727606512000094 ], [ -7.565419074999911, 43.719794012000079 ], [ -7.574289516999953, 43.714544989000046 ], [ -7.586415167999918, 43.717962958000044 ], [ -7.594593878999945, 43.703680731000077 ], [ -7.607167120999919, 43.691107489000046 ], [ -7.615956183999914, 43.688544012000079 ], [ -7.613026495999919, 43.704291083000044 ], [ -7.637603318999936, 43.739081122000073 ], [ -7.641021287999934, 43.752671617000033 ], [ -7.658029751999949, 43.746527411000059 ], [ -7.664621548999947, 43.745917059000085 ], [ -7.672474738999936, 43.743841864000046 ], [ -7.674143032999952, 43.739203192000055 ], [ -7.673573370999918, 43.734361070000041 ], [ -7.675160285999937, 43.731634833000044 ], [ -7.683990037999936, 43.728705145000049 ], [ -7.691558397999927, 43.727240302000034 ], [ -7.696156379213563, 43.731512761604613 ], [ -7.69562740799995, 43.745917059000085 ], [ -7.672596808999915, 43.766669012000094 ], [ -7.66832434799994, 43.772528387000065 ], [ -7.671294725999929, 43.782863674000055 ], [ -7.67833411399994, 43.79047272300005 ], [ -7.685536261999914, 43.793443101000037 ], [ -7.688832160999937, 43.789984442000048 ], [ -7.695708787999935, 43.774888414000088 ], [ -7.712757941999939, 43.760687567000041 ], [ -7.734038865999935, 43.750067450000074 ], [ -7.773793097999943, 43.742580471000053 ], [ -7.793853318999936, 43.734116929000045 ], [ -7.812001105999911, 43.723089911000045 ], [ -7.826039191999939, 43.711737372000066 ], [ -7.823963995999918, 43.708075262000079 ], [ -7.821400519999944, 43.700751044000079 ], [ -7.819162563999956, 43.697455145000056 ], [ -7.843861456999946, 43.703802802000041 ], [ -7.856027798999947, 43.70343659100007 ], [ -7.867583787999934, 43.697455145000049 ], [ -7.849232550999944, 43.675604559000078 ], [ -7.858387824999909, 43.668198960000041 ], [ -7.908558722999943, 43.670152085000034 ], [ -7.908558722999941, 43.676988023000042 ], [ -7.903879360999952, 43.67829010600007 ], [ -7.901234503999945, 43.679754950000074 ], [ -7.894886847999942, 43.684475002000049 ], [ -7.887318488999941, 43.679673570000048 ], [ -7.884103969999956, 43.678615627000056 ], [ -7.873768683999914, 43.684475002000056 ], [ -7.879790818999937, 43.691961981000077 ], [ -7.879261847999941, 43.700506903000075 ], [ -7.874623175999943, 43.709418036000052 ], [ -7.867583787999934, 43.717962958000044 ], [ -7.862294074999906, 43.716253973000043 ], [ -7.852284308999914, 43.714178778000068 ], [ -7.846506313999955, 43.711737372000066 ], [ -7.846506313999954, 43.717962958000058 ], [ -7.861480272999927, 43.731187242000033 ], [ -7.869048631999931, 43.748846747000073 ], [ -7.880848761999915, 43.763251044000071 ], [ -7.908558722999939, 43.766343492000033 ], [ -7.928130662999933, 43.746771552000048 ], [ -7.952951626999949, 43.730129299000055 ], [ -7.981190558999913, 43.717840887000079 ], [ -8.010975714999914, 43.711737372000066 ], [ -8.044504360999952, 43.712103583000044 ], [ -8.059315558999913, 43.709418036000052 ], [ -8.065541144999941, 43.700873114000039 ], [ -8.069162563999953, 43.689276434000078 ], [ -8.073963995999918, 43.678534247000073 ], [ -8.071156378999943, 43.667873440000051 ], [ -8.051869269999941, 43.656480210000026 ], [ -8.056467251999948, 43.654242255000042 ], [ -8.061268683999909, 43.650946356000077 ], [ -8.065541144999939, 43.64907461100006 ], [ -8.065541144999939, 43.642808335000034 ], [ -8.062408006999931, 43.642320054000024 ], [ -8.051869269999941, 43.642808335000041 ], [ -8.063547329999951, 43.638861395000063 ], [ -8.074615037999934, 43.639634507000039 ], [ -8.082997199999909, 43.645453192000048 ], [ -8.086659308999909, 43.656480210000026 ], [ -8.232248501999949, 43.575506903000083 ], [ -8.260975714999915, 43.564520575000074 ], [ -8.284657355999913, 43.567124742000033 ], [ -8.29133053299995, 43.564846096000039 ], [ -8.308705206999946, 43.567124742000033 ], [ -8.312652147999927, 43.567124742000033 ], [ -8.313221808999913, 43.556341864000046 ], [ -8.308216925999943, 43.546332098000057 ], [ -8.30016028599994, 43.538234768000066 ], [ -8.292103644999941, 43.532945054000038 ], [ -8.30516516799992, 43.519354559000085 ], [ -8.31663977799991, 43.52289459800005 ], [ -8.321685350999928, 43.507879950000074 ], [ -8.325347459999932, 43.486761786000052 ], [ -8.333119269999941, 43.47150299700008 ], [ -8.288970506999933, 43.47296784100007 ], [ -8.269195115999935, 43.478949286000038 ], [ -8.257313605999911, 43.492010809000092 ], [ -8.247547980999911, 43.48773834800005 ], [ -8.243723110999952, 43.485174872000073 ], [ -8.250884568999936, 43.482855536000045 ], [ -8.253651495999918, 43.481268622000073 ], [ -8.257313605999911, 43.477728583000044 ], [ -8.196522589999915, 43.485174872000073 ], [ -8.173451300999945, 43.492743231000077 ], [ -8.168568488999938, 43.492010809000092 ], [ -8.166981574999909, 43.484564520000049 ], [ -8.171457485999952, 43.47797272300005 ], [ -8.178781704999949, 43.47329336100006 ], [ -8.185617641999954, 43.47150299700008 ], [ -8.286488410999937, 43.461981512000079 ], [ -8.305165167999917, 43.451076565000058 ], [ -8.288726365999935, 43.446234442000048 ], [ -8.264759894999941, 43.427313544000071 ], [ -8.247141079999951, 43.423081773000035 ], [ -8.213286912999932, 43.424953518000052 ], [ -8.19505774599992, 43.423244533000066 ], [ -8.175404425999945, 43.416327216000063 ], [ -8.193959113999938, 43.406805731000077 ], [ -8.20482337099992, 43.399725653000075 ], [ -8.20962480399993, 43.390692450000074 ], [ -8.210194464999917, 43.37531159100007 ], [ -8.202951626999948, 43.344671942000041 ], [ -8.202463344999956, 43.329250393000052 ], [ -8.210194464999917, 43.313218492000033 ], [ -8.217274542999917, 43.328314520000035 ], [ -8.227528449999909, 43.338120835000048 ], [ -8.250559048999945, 43.354885158000066 ], [ -8.257069464999915, 43.365668036000045 ], [ -8.260812954999949, 43.377020575000074 ], [ -8.267201300999943, 43.385931708000044 ], [ -8.281564907999952, 43.389593817000048 ], [ -8.310617641999952, 43.40314362200008 ], [ -8.330718553999931, 43.405666408000073 ], [ -8.339914516999954, 43.392726955000057 ], [ -8.337269660999933, 43.369045315000037 ], [ -8.340809699999909, 43.359930731000084 ], [ -8.353586391999954, 43.348618882000039 ], [ -8.375721808999916, 43.362982489000061 ], [ -8.384673631999931, 43.372707424000055 ], [ -8.388295050999943, 43.385891018000052 ], [ -8.443023240999935, 43.37531159100007 ], [ -8.448963995999918, 43.371975002000056 ], [ -8.45140540299991, 43.367377020000049 ], [ -8.455718553999931, 43.363348700000074 ], [ -8.475982225999928, 43.35968659100007 ], [ -8.486073370999918, 43.354315497000073 ], [ -8.494252081999946, 43.346625067000048 ], [ -8.497547980999911, 43.337795315000044 ], [ -8.505970831999946, 43.331529039000088 ], [ -8.558420376999949, 43.313218492000047 ], [ -8.592518683999915, 43.324204820000034 ], [ -8.630034959999932, 43.31586334800005 ], [ -8.665394660999937, 43.301174221000053 ], [ -8.693104620999918, 43.293402411000031 ], [ -8.711740688999953, 43.29555898600006 ], [ -8.750477667999917, 43.304917710000034 ], [ -8.768544074999909, 43.307074286000052 ], [ -8.785552537999934, 43.312445380000042 ], [ -8.817005988999938, 43.335842190000051 ], [ -8.829986131999931, 43.341213283000059 ], [ -8.841175910999937, 43.338934637000087 ], [ -8.849110480999911, 43.334051825000074 ], [ -8.856597459999932, 43.326890367000033 ], [ -8.888010219999956, 43.320746161000045 ], [ -8.930490688999956, 43.299750067000048 ], [ -8.970855272999927, 43.28656647300005 ], [ -8.98078365799995, 43.285956122000059 ], [ -8.98802649599992, 43.283026434000092 ], [ -8.979807094999957, 43.276922919000071 ], [ -8.967518683999915, 43.271958726000044 ], [ -8.963124152999912, 43.272284247000073 ], [ -8.948150193999936, 43.249945380000042 ], [ -8.936390753999943, 43.244086005000042 ], [ -8.915272589999914, 43.245021877000056 ], [ -8.932525193999936, 43.235296942000048 ], [ -8.958973761999914, 43.227484442000055 ], [ -8.985747850999928, 43.226874091000063 ], [ -9.004058397999927, 43.238755601000037 ], [ -9.011545376999948, 43.238755601000037 ], [ -9.016753709999932, 43.223863023000035 ], [ -9.026966925999943, 43.210150458000037 ], [ -9.039784308999913, 43.20453522300005 ], [ -9.052398240999938, 43.196356512000079 ], [ -9.065174933999913, 43.192328192000048 ], [ -9.083159959999932, 43.18976471600007 ], [ -9.100412563999953, 43.189520575000074 ], [ -9.137928839999915, 43.201524156000062 ], [ -9.170074022999925, 43.188747463000091 ], [ -9.217600063999953, 43.155340887000079 ], [ -9.208363410999938, 43.137884833000044 ], [ -9.194203253999945, 43.136542059000078 ], [ -9.162261522999927, 43.148504950000067 ], [ -9.163319464999915, 43.13975657800006 ], [ -9.147084113999941, 43.13869863500009 ], [ -9.124663865999935, 43.142523505000042 ], [ -9.10773678299995, 43.148504950000067 ], [ -9.10773678299995, 43.141140041000085 ], [ -9.125803188999953, 43.139593817000048 ], [ -9.13312740799995, 43.137966213000084 ], [ -9.141224738999936, 43.134873765000066 ], [ -9.150298631999931, 43.129584052000041 ], [ -9.154204881999931, 43.124701239000046 ], [ -9.15689042899993, 43.119737046000068 ], [ -9.162261522999927, 43.114447333000044 ], [ -9.176828579999952, 43.10557689000008 ], [ -9.189808722999942, 43.102321682000088 ], [ -9.202951626999949, 43.105047919000071 ], [ -9.217600063999956, 43.114447333000044 ], [ -9.222320115999935, 43.102728583000044 ], [ -9.233957485999952, 43.096502997000073 ], [ -9.24571692599994, 43.087998765000066 ], [ -9.251088019999939, 43.06976959800005 ], [ -9.257923956999946, 43.060899156000055 ], [ -9.271107550999941, 43.060492255000042 ], [ -9.27953040299991, 43.05499909100007 ], [ -9.272124803999928, 43.031276760000075 ], [ -9.257313605999915, 43.023260809000078 ], [ -9.250965949999909, 43.016791083000044 ], [ -9.254790818999938, 43.008002020000063 ], [ -9.258656378999945, 43.002386786000045 ], [ -9.261830206999946, 42.994492906000062 ], [ -9.26398678299995, 42.986517645000049 ], [ -9.264759894999941, 42.98033274900007 ], [ -9.28538977799991, 42.938340562000064 ], [ -9.291981574999909, 42.928778387000079 ], [ -9.291981574999909, 42.922634182000081 ], [ -9.282948370999918, 42.916612046000076 ], [ -9.273060675999943, 42.893337307000081 ], [ -9.268422003999945, 42.891302802000041 ], [ -9.261708136999914, 42.900173244000086 ], [ -9.251698370999918, 42.92023346600007 ], [ -9.244252081999946, 42.928778387000079 ], [ -9.235585089999915, 42.934881903000068 ], [ -9.224232550999943, 42.940212307000081 ], [ -9.21434485599991, 42.939032294000071 ], [ -9.210072394999941, 42.925726630000042 ], [ -9.205189581999944, 42.924750067000048 ], [ -9.195790167999917, 42.926581122000073 ], [ -9.19001217399995, 42.932399807000095 ], [ -9.195871548999946, 42.943141994000086 ], [ -9.195871548999948, 42.949326890000066 ], [ -9.183461066999939, 42.945257880000042 ], [ -9.167876756999931, 42.926825262000079 ], [ -9.158599412999932, 42.922634182000067 ], [ -9.141428188999953, 42.921413479000073 ], [ -9.13451087099992, 42.917547919000071 ], [ -9.133697068999936, 42.911200262000087 ], [ -9.134999152999912, 42.902167059000078 ], [ -9.137521938999951, 42.896063544000071 ], [ -9.146636522999927, 42.888373114000046 ], [ -9.14867102799991, 42.884466864000053 ], [ -9.147531704999949, 42.878607489000046 ], [ -9.142323370999918, 42.865301825000081 ], [ -9.141224738999934, 42.857448635000075 ], [ -9.122222459999934, 42.851752020000056 ], [ -9.108387824999909, 42.84483470300006 ], [ -9.100249803999931, 42.833278713000098 ], [ -9.106190558999913, 42.823309637000079 ], [ -9.113189256999931, 42.816351630000042 ], [ -9.122547980999911, 42.812608140000066 ], [ -9.134999152999912, 42.812770901000086 ], [ -9.125477667999917, 42.794989325000074 ], [ -9.120106574999909, 42.778998114000053 ], [ -9.113433397999927, 42.766058661000052 ], [ -9.10024980399993, 42.757513739000046 ], [ -9.081288214999915, 42.754828192000048 ], [ -9.06867428299995, 42.759711005000042 ], [ -9.045643683999913, 42.778021552000041 ], [ -9.048939581999946, 42.794745184000092 ], [ -9.028187628999943, 42.797878322000081 ], [ -8.977365688999953, 42.792303778000075 ], [ -8.951039191999939, 42.795111395000049 ], [ -8.928089972999942, 42.802516994000086 ], [ -8.912587042999917, 42.816595770000049 ], [ -8.90843665299991, 42.839463609000063 ], [ -8.887684699999909, 42.831122137000079 ], [ -8.88491777299993, 42.815008856000077 ], [ -8.891346808999913, 42.799343166000085 ], [ -8.898264126999948, 42.792303778000075 ], [ -8.922230597999942, 42.788112697000102 ], [ -8.937367316999939, 42.777777411000045 ], [ -8.963124152999912, 42.751288153000075 ], [ -8.992014126999948, 42.739081122000073 ], [ -8.994496222999942, 42.737005927000055 ], [ -9.006255662999934, 42.73383209800005 ], [ -9.014027472999942, 42.726833401000086 ], [ -9.018788214999915, 42.719753322000081 ], [ -9.030140753999945, 42.707709052000041 ], [ -9.036284959999932, 42.687933661000045 ], [ -9.039458787999932, 42.673041083000051 ], [ -9.038807745999918, 42.661078192000041 ], [ -9.05142167899993, 42.645941473000057 ], [ -9.065744594999957, 42.620306708000044 ], [ -9.07087154899995, 42.596136786000059 ], [ -9.055816209999932, 42.585394598000043 ], [ -9.033355272999929, 42.578111070000034 ], [ -9.028553839999915, 42.561468817000055 ], [ -9.026356574999909, 42.543117580000057 ], [ -9.011545376999948, 42.53070709800005 ], [ -8.997059699999909, 42.543402411000045 ], [ -8.989165818999934, 42.548895575000074 ], [ -8.98078365799995, 42.551214911000045 ], [ -8.972767706999948, 42.573919989000046 ], [ -8.969878709999929, 42.579169012000079 ], [ -8.933990037999935, 42.58681875200007 ], [ -8.922230597999942, 42.593695380000042 ], [ -8.936390753999945, 42.606431382000039 ], [ -8.903431769999944, 42.625474351000051 ], [ -8.889475063999956, 42.630601304000045 ], [ -8.89484615799995, 42.620103257000039 ], [ -8.880523240999933, 42.61180247600003 ], [ -8.868763800999943, 42.61749909100007 ], [ -8.846994594999956, 42.640570380000035 ], [ -8.857004360999953, 42.649115302000048 ], [ -8.854603644999941, 42.66156647300005 ], [ -8.839507615999935, 42.682440497000073 ], [ -8.826242641999954, 42.674139716000084 ], [ -8.815988735999952, 42.65851471600007 ], [ -8.803822394999941, 42.645941473000057 ], [ -8.784982876999948, 42.640570380000035 ], [ -8.767323370999918, 42.645168361000053 ], [ -8.753895636999914, 42.65688711100006 ], [ -8.744048631999931, 42.672430731000084 ], [ -8.737172003999945, 42.688421942000048 ], [ -8.730946417999917, 42.688421942000048 ], [ -8.738758917999917, 42.666083075000074 ], [ -8.775502081999946, 42.604722398000035 ], [ -8.788400844999956, 42.592189846000053 ], [ -8.801584438999953, 42.58930084800005 ], [ -8.813832160999937, 42.581447658000059 ], [ -8.822987433999913, 42.569525458000044 ], [ -8.826527472999942, 42.554632880000042 ], [ -8.825184699999907, 42.53742096600007 ], [ -8.812855597999942, 42.50275299700008 ], [ -8.825062628999943, 42.494940497000073 ], [ -8.825184699999909, 42.484116929000045 ], [ -8.82249915299991, 42.472357489000046 ], [ -8.826527472999944, 42.461859442000055 ], [ -8.836984829999945, 42.458929755000042 ], [ -8.851551886999914, 42.460760809000078 ], [ -8.86554928299995, 42.465033270000049 ], [ -8.874338344999959, 42.469305731000077 ], [ -8.861154751999948, 42.475572007000039 ], [ -8.860829230999911, 42.48501211100006 ], [ -8.869007941999941, 42.49339427300005 ], [ -8.881255662999934, 42.496568101000051 ], [ -8.895985480999915, 42.493882554000052 ], [ -8.916737433999911, 42.487616278000068 ], [ -8.935047980999911, 42.479071356000077 ], [ -8.942616339999915, 42.469305731000077 ], [ -8.935454881999931, 42.465399481000077 ], [ -8.900949673999943, 42.461004950000067 ], [ -8.888010219999956, 42.455633856000077 ], [ -8.880238410999938, 42.445013739000046 ], [ -8.875721808999913, 42.425970770000049 ], [ -8.867502407999948, 42.414699611000067 ], [ -8.843576626999948, 42.403713283000059 ], [ -8.811024542999917, 42.40070221600007 ], [ -8.779367641999954, 42.402899481000077 ], [ -8.757639126999948, 42.407212632000046 ], [ -8.743641730999911, 42.413234768000052 ], [ -8.718820766999954, 42.427964585000041 ], [ -8.696766730999911, 42.43797435100003 ], [ -8.694488084999932, 42.439642645000049 ], [ -8.691273566999939, 42.440619208000051 ], [ -8.682525193999936, 42.44135163000005 ], [ -8.67251542899993, 42.438421942000048 ], [ -8.66437740799995, 42.437974351000037 ], [ -8.655262824999909, 42.441351630000042 ], [ -8.662505662999934, 42.426906643000052 ], [ -8.676869269999942, 42.416449286000045 ], [ -8.709828253999945, 42.400376695000041 ], [ -8.72687740799995, 42.388739325000074 ], [ -8.764637824999911, 42.355698960000041 ], [ -8.771962042999917, 42.342718817000048 ], [ -8.776926235999952, 42.34015534100007 ], [ -8.812855597999938, 42.346380927000048 ], [ -8.827259894999941, 42.344142971000061 ], [ -8.83071855399993, 42.341620184000092 ], [ -8.828521287999935, 42.337225653000075 ], [ -8.826527472999942, 42.329046942000048 ], [ -8.827219204999949, 42.296698309000078 ], [ -8.832997199999909, 42.289129950000074 ], [ -8.846994594999956, 42.30483633000005 ], [ -8.85326087099992, 42.304836330000057 ], [ -8.853423631999933, 42.291083075000088 ], [ -8.863636847999945, 42.268988348000065 ], [ -8.867502407999948, 42.256415106000077 ], [ -8.84829667899993, 42.260972398000035 ], [ -8.795765753999945, 42.258246161000038 ], [ -8.784982876999948, 42.260077216000063 ], [ -8.773915167999917, 42.268988348000065 ], [ -8.719838019999939, 42.287583726000044 ], [ -8.699574347999944, 42.291164455000057 ], [ -8.674794074999911, 42.299017645000049 ], [ -8.660755988999938, 42.316799221000046 ], [ -8.649891730999911, 42.335598049000062 ], [ -8.634755011999914, 42.346380927000048 ], [ -8.626454230999915, 42.348334052000041 ], [ -8.622710740999931, 42.347479559000078 ], [ -8.621652798999946, 42.340806382000039 ], [ -8.621652798999946, 42.310207424000055 ], [ -8.625152147999927, 42.301947333000044 ], [ -8.631743943999936, 42.296820380000042 ], [ -8.652007615999935, 42.286322333000044 ], [ -8.669911261999918, 42.280910549000055 ], [ -8.701893683999913, 42.258530992000033 ], [ -8.706450975999932, 42.256415106000084 ], [ -8.719553188999951, 42.252346096000053 ], [ -8.771962042999915, 42.222235419000064 ], [ -8.790638800999943, 42.204535223000036 ], [ -8.79523678299995, 42.201727606000077 ], [ -8.805775519999941, 42.197495835000041 ], [ -8.811024542999915, 42.18813711100006 ], [ -8.813465949999909, 42.178697007000039 ], [ -8.815988735999952, 42.174505927000041 ], [ -8.842030402999914, 42.164292710000041 ], [ -8.846994594999956, 42.160834052000041 ], [ -8.842762824999909, 42.154445705000057 ], [ -8.823719855999911, 42.147609768000052 ], [ -8.819081183999913, 42.139715887000079 ], [ -8.826527472999944, 42.130519924000048 ], [ -8.844960089999915, 42.126613674000055 ], [ -8.884592251999949, 42.126044012000079 ], [ -8.895497199999909, 42.119086005000042 ], [ -8.898589647999927, 42.101752020000063 ], [ -8.878732876999944, 41.907131252000056 ], [ -8.881255662999934, 41.893296617000033 ], [ -8.864654100999932, 41.888902085000041 ], [ -8.848784959999932, 41.899481512000079 ], [ -8.832834438999953, 41.913967190000051 ], [ -8.815988735999952, 41.921210028000083 ], [ -8.795399542999915, 41.925685940000051 ], [ -8.777088995999918, 41.937160549000055 ], [ -8.76195227799991, 41.95258209800005 ], [ -8.750803188999951, 41.968980210000048 ], [ -8.739591023999937, 41.975113424000099 ], [ -8.717008422999896, 41.983769226000064 ], [ -8.69127355899991, 41.989608664000045 ], [ -8.670809691999866, 41.999814758000113 ], [ -8.663213256999882, 42.009891663000062 ], [ -8.65256791199991, 42.031440736000029 ], [ -8.64388627199995, 42.041491802000053 ], [ -8.626884724999909, 42.051026103000133 ], [ -8.609418090999981, 42.053661601000066 ], [ -8.572805337999936, 42.054410909000055 ], [ -8.554434366999942, 42.060069478000081 ], [ -8.520017862999881, 42.077716980000091 ], [ -8.501207641999882, 42.083091330000045 ], [ -8.346746785999898, 42.101694845000097 ], [ -8.329951944999948, 42.108438619000125 ], [ -8.304268757999866, 42.125827739000059 ], [ -8.295380411999956, 42.130091045000093 ], [ -8.287835652999888, 42.131434632000094 ], [ -8.270679076999926, 42.132003072000131 ], [ -8.252333943999957, 42.137584128000057 ], [ -8.222361612999919, 42.153629660000021 ] ] ] ] } },
{ "type": "Feature", "properties": { "region": "La Rioja", "wind_mw": 446.6, "area_km2": 5323.3162149251693, "wind_mw_per_1000km2": 83.895072539153674 }, "geometry": { "type": "MultiPolygon", "coordinates": [ [ [ [ -2.427133144678919, 42.499370021908987 ], [ -2.462040575412232, 42.507250678475991 ], [ -2.49165117016537, 42.520092271541102 ], [ -2.501521369015961, 42.537662258006776 ], [ -2.510616420611314, 42.53523346615151 ], [ -2.51805782670732, 42.531047675110074 ], [ -2.524026455356648, 42.525104884882523 ], [ -2.528832363123058, 42.517172553270711 ], [ -2.526506924055297, 42.515131334143746 ], [ -2.525318365650036, 42.514304510944378 ], [ -2.524181484088217, 42.513219306226006 ], [ -2.522036912173747, 42.510351263899693 ], [ -2.541648117766442, 42.512366645504244 ], [ -2.557745326785437, 42.510842190314818 ], [ -2.571336228684005, 42.505622870499067 ], [ -2.583454352236572, 42.49668284853459 ], [ -2.585133836157637, 42.511979071876617 ], [ -2.595055710952295, 42.517508450054898 ], [ -2.606166144152212, 42.516862494008869 ], [ -2.611385463968021, 42.513761909484515 ], [ -2.617870855655497, 42.507715766469403 ], [ -2.632081875178415, 42.51252167423587 ], [ -2.667454393005869, 42.533166409502208 ], [ -2.676756151075495, 42.536887112550176 ], [ -2.684662645164964, 42.537765610794288 ], [ -2.687737393066243, 42.553423570241542 ], [ -2.687246465751798, 42.567918809705304 ], [ -2.685179409102432, 42.57471425975524 ], [ -2.685644497095894, 42.581793932443986 ], [ -2.689132656147194, 42.589493720059124 ], [ -2.699442103670151, 42.597710273410371 ], [ -2.733987799197564, 42.615719509447786 ], [ -2.747397833942899, 42.618690904561561 ], [ -2.761841395663907, 42.61450511352011 ], [ -2.769670376286854, 42.608820705710968 ], [ -2.773391079334829, 42.601560166768252 ], [ -2.77997982380981, 42.585617988279537 ], [ -2.793493211342649, 42.586909898572905 ], [ -2.805973070101118, 42.582362372325576 ], [ -2.813001064147784, 42.580812078714416 ], [ -2.821036750345741, 42.58427440024338 ], [ -2.826824510043139, 42.590191352049274 ], [ -2.826772834099017, 42.596004951067641 ], [ -2.814783900856355, 42.605875149018914 ], [ -2.812665168262925, 42.611094468834665 ], [ -2.81623084078069, 42.620215358851681 ], [ -2.829925096366139, 42.613807481530046 ], [ -2.836022915325316, 42.621455593201063 ], [ -2.837469855249652, 42.634452215896999 ], [ -2.837314825618705, 42.644115709172652 ], [ -2.906716274136727, 42.626261501866807 ], [ -2.933381313097128, 42.630188910489771 ], [ -2.948651698916763, 42.635149847887135 ], [ -3.014151577233519, 42.640885932539732 ], [ -3.056887986791139, 42.637294419801606 ], [ -3.072106695767388, 42.632075099985855 ], [ -3.075801561293019, 42.625667223563482 ], [ -3.064484421618772, 42.613523260689931 ], [ -3.061151292198359, 42.606521104165616 ], [ -3.060531174574066, 42.599415594853788 ], [ -3.066758184742469, 42.591457423920929 ], [ -3.07350195974766, 42.585669664223587 ], [ -3.079625617128556, 42.579416816532834 ], [ -3.083656379438367, 42.57321564388684 ], [ -3.113887090916535, 42.548410956000794 ], [ -3.11515316368758, 42.54076284432977 ], [ -3.110708991127069, 42.536809597285085 ], [ -3.102595790563271, 42.536163642138376 ], [ -3.094611782108075, 42.538954169199542 ], [ -3.085800951352838, 42.540065213238961 ], [ -3.077842780419985, 42.539755153977126 ], [ -3.072390915708183, 42.53523346615151 ], [ -3.070013799797039, 42.529135647192334 ], [ -3.070711431787175, 42.520970771583805 ], [ -3.073734503744332, 42.512082423764809 ], [ -3.080555793115366, 42.499731757114887 ], [ -3.083191291444961, 42.491463527819512 ], [ -3.080478277850261, 42.484668076870207 ], [ -3.065621304079912, 42.476890773990021 ], [ -3.060066086580662, 42.47146474949858 ], [ -3.057301397941161, 42.464953518490077 ], [ -3.052082078125409, 42.459062405105897 ], [ -3.049214035799139, 42.452344469421689 ], [ -3.049601610326078, 42.446298326406627 ], [ -3.058231573928026, 42.425860296715314 ], [ -3.059290941124061, 42.403613592793015 ], [ -3.05828324987209, 42.395345364397024 ], [ -3.056087002013555, 42.388058987032593 ], [ -3.056035326069435, 42.380281684152365 ], [ -3.071951667035819, 42.359378567366946 ], [ -3.078385381879855, 42.355502834688025 ], [ -3.09781572121858, 42.352608953940035 ], [ -3.107866787222463, 42.348965766157164 ], [ -3.109417079934304, 42.343462226400625 ], [ -3.105463832889598, 42.337648627382237 ], [ -3.099572720404751, 42.33250682193227 ], [ -3.097867397162644, 42.325117091780321 ], [ -3.098099941159376, 42.307753810889665 ], [ -3.096162074819915, 42.299795640856132 ], [ -3.093474901445574, 42.291940822710785 ], [ -3.090167608648244, 42.284757799033173 ], [ -3.088565639992281, 42.277393907302951 ], [ -3.087893846423868, 42.269952501206944 ], [ -3.088772344667973, 42.260444037562259 ], [ -3.090839403115979, 42.24907522194394 ], [ -3.10220821783497, 42.217836819213801 ], [ -3.108693610421767, 42.209465237130985 ], [ -3.120966762705961, 42.201558743041524 ], [ -3.120449997869116, 42.196287747281708 ], [ -3.087144537590348, 42.158563951065453 ], [ -3.084509040160071, 42.150915839394429 ], [ -3.077765265154881, 42.137686672701761 ], [ -3.070711431787175, 42.133190823297809 ], [ -3.05523434129185, 42.125258490786678 ], [ -3.044485643297833, 42.113269558443335 ], [ -3.039860601785334, 42.106551621859865 ], [ -3.036475796420859, 42.099549465335535 ], [ -3.026321376730152, 42.087973945041483 ], [ -3.010844285335509, 42.082134508500758 ], [ -2.997718472329666, 42.081514390876407 ], [ -2.990018682915887, 42.082392890019825 ], [ -2.975032517936369, 42.082082830757997 ], [ -2.960149704845037, 42.083323066006642 ], [ -2.95131303476876, 42.085080064293493 ], [ -2.942217983173407, 42.084873358718482 ], [ -2.934156460352369, 42.082702949281675 ], [ -2.928730434961608, 42.077018541472498 ], [ -2.924234584658336, 42.07019725210148 ], [ -2.921805792803127, 42.063298448364662 ], [ -2.91762000176169, 42.057174790983765 ], [ -2.910178594766364, 42.023430081133313 ], [ -2.870930345159308, 42.014748439788661 ], [ -2.840105352679872, 42.025497137782679 ], [ -2.812846035416214, 42.038054510906932 ], [ -2.801632249428792, 42.047304592133166 ], [ -2.796283739303135, 42.056012071000225 ], [ -2.796438768034705, 42.063686021092963 ], [ -2.798557502426831, 42.070765692882389 ], [ -2.79752397275314, 42.077793687828446 ], [ -2.79504350405449, 42.084950873084324 ], [ -2.789694993029514, 42.092702338442166 ], [ -2.785896775615698, 42.10109975804739 ], [ -2.773933681694075, 42.112468574565021 ], [ -2.762228970190846, 42.118101305530786 ], [ -2.735357224756116, 42.120116686236038 ], [ -2.725202805964727, 42.117765407847287 ], [ -2.717192959087811, 42.114199734430201 ], [ -2.714195725552315, 42.108127752993383 ], [ -2.71256791757537, 42.101254788577592 ], [ -2.71233537357864, 42.093968411213211 ], [ -2.715746019163476, 42.07991242132119 ], [ -2.721094530188452, 42.073711249574501 ], [ -2.734168667250231, 42.064073594720583 ], [ -2.737786016611381, 42.057872422973901 ], [ -2.740473191784361, 42.050715236818689 ], [ -2.744348923563961, 42.043428860353572 ], [ -2.747449509886962, 42.036039130201694 ], [ -2.748483038661334, 42.02877859125897 ], [ -2.743599615629762, 42.022525743568167 ], [ -2.729026861800265, 42.016944688546516 ], [ -2.71370480003651, 42.016789658915627 ], [ -2.701328294065547, 42.014929307841278 ], [ -2.690605435392513, 42.011596178420859 ], [ -2.671846889622259, 42.000459906799222 ], [ -2.664147101107858, 41.999555569234133 ], [ -2.660426398059826, 41.999555569234133 ], [ -2.655620490293416, 42.000692450795952 ], [ -2.619550339576506, 42.002320257873578 ], [ -2.590869919910858, 41.999529730812412 ], [ -2.572938198239286, 42.000149848436713 ], [ -2.57226640467087, 42.00170014114854 ], [ -2.570354376753073, 42.004774889049877 ], [ -2.567951423319529, 42.01009756075382 ], [ -2.55681515079857, 42.022758287564898 ], [ -2.546169805592058, 42.038571274844458 ], [ -2.542113205759847, 42.046426092989812 ], [ -2.536919725265136, 42.052575588792365 ], [ -2.530408494256619, 42.056968085408819 ], [ -2.524982468865858, 42.059965318044988 ], [ -2.519737310628386, 42.063427639573895 ], [ -2.515654873273775, 42.068801988121209 ], [ -2.513613654146809, 42.082496242807323 ], [ -2.512735155003384, 42.097947495780261 ], [ -2.511572435019843, 42.105130520357186 ], [ -2.508394334331058, 42.110349840172944 ], [ -2.502451545002828, 42.111099148107201 ], [ -2.481522589795703, 42.108231105780874 ], [ -2.472634242876041, 42.111409207368965 ], [ -2.449948289382065, 42.123113918872207 ], [ -2.437442593101196, 42.131898912105108 ], [ -2.410467494879015, 42.138565171845187 ], [ -2.347448086160285, 42.14220836052737 ], [ -2.296133388944781, 42.137790025489267 ], [ -2.286650762822433, 42.134120999284676 ], [ -2.281224738330991, 42.129935208243239 ], [ -2.27853756315801, 42.123682358753861 ], [ -2.276315476877756, 42.116654364707131 ], [ -2.275669520831741, 42.10934214892103 ], [ -2.272233038623824, 42.101926581246687 ], [ -2.266135219664648, 42.09515696871911 ], [ -2.256290859235776, 42.089420884965818 ], [ -2.245516322820038, 42.089524237753324 ], [ -2.189679937778919, 42.104071153161158 ], [ -2.17179989295073, 42.105492255563092 ], [ -2.153377243964656, 42.104562079576297 ], [ -2.137874315047611, 42.101564846040787 ], [ -2.127797409722689, 42.096655585486872 ], [ -2.122681443593763, 42.090712796158584 ], [ -2.123224045952953, 42.083684801212598 ], [ -2.127797409722689, 42.077897039716554 ], [ -2.135057948665406, 42.072936103218581 ], [ -2.142886929288352, 42.069732164108068 ], [ -2.148984748247528, 42.064771226710718 ], [ -2.150535040959369, 42.058156642914696 ], [ -2.149449836240933, 42.050766912762811 ], [ -2.146194220287044, 42.043222153879299 ], [ -2.140509813377207, 42.036865953400991 ], [ -2.11663530057865, 42.022034817153042 ], [ -2.106661749839874, 42.009219062509715 ], [ -2.104181281141223, 42.003844713063017 ], [ -2.104052089931998, 42.001312568420246 ], [ -2.104594692291244, 42.000072333171602 ], [ -2.106558397052368, 41.998832098822277 ], [ -2.110485805675409, 41.995886542130158 ], [ -2.115395067128645, 41.99139069272627 ], [ -2.117203742258881, 41.984931139460514 ], [ -2.116118536641181, 41.978109850089488 ], [ -2.110640835306299, 41.963407905050765 ], [ -2.105369838647164, 41.957077542094844 ], [ -2.095215419855776, 41.952736721422525 ], [ -2.040128342748801, 41.942039700271948 ], [ -2.023359341060768, 41.941316229860085 ], [ -1.998270433233927, 41.933513089457506 ], [ -1.988219367230045, 41.927725327961468 ], [ -1.977935757229431, 41.920542304283913 ], [ -1.967884691225549, 41.918449409212826 ], [ -1.943855149695423, 41.920464789018752 ], [ -1.932512173398095, 41.922557684989158 ], [ -1.922461107394213, 41.925735784778624 ], [ -1.904710251976553, 41.934004014973311 ], [ -1.896519537946347, 41.938784085217321 ], [ -1.857736375433376, 41.954803778971211 ], [ -1.848176234945299, 41.978187364455266 ], [ -1.844533047162429, 41.982037257813147 ], [ -1.85241370283012, 42.001209214733478 ], [ -1.89060258614046, 42.025316271528709 ], [ -1.897320521824611, 42.035599881529272 ], [ -1.901325445712758, 42.045599269790443 ], [ -1.902100592068678, 42.054384263922593 ], [ -1.901480475343647, 42.061929022806112 ], [ -1.899930181732487, 42.069370428902182 ], [ -1.896054449952885, 42.076140042329087 ], [ -1.856392788296546, 42.111538398578205 ], [ -1.841820033567728, 42.122028714153821 ], [ -1.835773892351256, 42.127868149795233 ], [ -1.831975674038119, 42.134431056747864 ], [ -1.82910763171185, 42.140787258125442 ], [ -1.823423223902694, 42.145619005212893 ], [ -1.814586553826416, 42.146936753928003 ], [ -1.804302943825804, 42.145903225153688 ], [ -1.79231401238178, 42.141123154909621 ], [ -1.782728034371303, 42.139288642256986 ], [ -1.774227261079262, 42.139960435825465 ], [ -1.754073452228056, 42.146394151568813 ], [ -1.744590827005083, 42.146626695565544 ], [ -1.73466895221037, 42.144223741232622 ], [ -1.71309404095723, 42.136136379989914 ], [ -1.703172166162574, 42.136343085564931 ], [ -1.694128791410605, 42.138461819057682 ], [ -1.688186001182999, 42.143061021249096 ], [ -1.685783046850133, 42.14902964899909 ], [ -1.68999467631329, 42.156393540729319 ], [ -1.69226843943693, 42.166780504416749 ], [ -1.691777513021805, 42.171534736239039 ], [ -1.690098029100795, 42.174402778565366 ], [ -1.689116177169865, 42.176805731998904 ], [ -1.688599412333019, 42.180758979043617 ], [ -1.691648321812636, 42.187037665156083 ], [ -1.697746140771812, 42.194530748095524 ], [ -1.697074347203397, 42.215821438508556 ], [ -1.726943325274249, 42.231479397056489 ], [ -1.74740719158865, 42.236001084882162 ], [ -1.795776333011361, 42.256490790517546 ], [ -1.820012580116497, 42.272872219477321 ], [ -1.829314338186179, 42.277574775355546 ], [ -1.835799729873656, 42.278143215237151 ], [ -1.85125098284658, 42.276179511375346 ], [ -1.857271287439971, 42.277574775355561 ], [ -1.861922165575493, 42.284189358252249 ], [ -1.862154709572224, 42.291992499554169 ], [ -1.861405401637967, 42.299433906549552 ], [ -1.863472459186653, 42.304911606985058 ], [ -1.901325445712758, 42.325375475098099 ], [ -1.976747198824171, 42.393045762851671 ], [ -2.032402715812679, 42.392968248485829 ], [ -2.055605435042821, 42.399066067445006 ], [ -2.069558071248026, 42.414775701937074 ], [ -2.064803840324999, 42.417307848378471 ], [ -2.060152961290157, 42.423560696069224 ], [ -2.055269538258585, 42.428418281578388 ], [ -2.076508550928907, 42.442577623358602 ], [ -2.104956426597823, 42.445161444844757 ], [ -2.1719549216823, 42.441440741796782 ], [ -2.191385260121649, 42.442939358564502 ], [ -2.206009690794588, 42.446401679194125 ], [ -2.21823116713466, 42.453429674140111 ], [ -2.230297613843789, 42.465676988002606 ], [ -2.238720871870726, 42.471981513436049 ], [ -2.267892217951498, 42.486916002471503 ], [ -2.278382534426441, 42.489861559163614 ], [ -2.343262295118848, 42.483040269792582 ], [ -2.384474250386347, 42.494667466930032 ], [ -2.406074998262569, 42.497096258785291 ], [ -2.427133144678919, 42.499370021908987 ] ] ] ] } },
{ "type": "Feature", "properties": { "region": "Madrid", "wind_mw": 0.0, "area_km2": 7991.424113211142, "wind_mw_per_1000km2": 0.0 }, "geometry": { "type": "MultiPolygon", "coordinates": [ [ [ [ -4.299349987411973, 40.69623179266307 ], [ -4.318488171192143, 40.682356059284707 ], [ -4.321926891812609, 40.657878519577991 ], [ -4.258436899343451, 40.661646830037171 ], [ -4.276278696904342, 40.692661235927289 ], [ -4.299349987411973, 40.69623179266307 ] ] ], [ [ [ -3.082726202552238, 40.197624213086954 ], [ -3.082183600192991, 40.21821727150985 ], [ -3.083113776179857, 40.227674059210415 ], [ -3.086524420865316, 40.239327093870266 ], [ -3.095335251620553, 40.257207140497087 ], [ -3.103758511446131, 40.269893703931253 ], [ -3.115385707684253, 40.276094876577233 ], [ -3.124842495384883, 40.274854641328602 ], [ -3.150732387989308, 40.26023021155499 ], [ -3.157863734823537, 40.254029038908982 ], [ -3.163961553782713, 40.247672838430731 ], [ -3.171092902415524, 40.242505195458364 ], [ -3.178637661299034, 40.24227265146169 ], [ -3.185924037764153, 40.249455675139245 ], [ -3.188507860149628, 40.263692532184564 ], [ -3.187939419368718, 40.274337877391133 ], [ -3.185407273826627, 40.283820501714786 ], [ -3.181970790719447, 40.292527981481157 ], [ -3.180730557269385, 40.301571357132389 ], [ -3.177965867730619, 40.312578437544843 ], [ -3.171945563137229, 40.319709784379043 ], [ -3.157682867670189, 40.330613512003936 ], [ -3.153057827057069, 40.336246242969708 ], [ -3.151197475982713, 40.34169810588287 ], [ -3.150499843992634, 40.346555691392048 ], [ -3.146339891372919, 40.355857449461723 ], [ -3.143368496259086, 40.360172430813016 ], [ -3.142076585066378, 40.364978339478746 ], [ -3.142231614697266, 40.369887600032712 ], [ -3.143471849046592, 40.379292710889899 ], [ -3.14269670179135, 40.382600002787846 ], [ -3.140216233992021, 40.38678579382929 ], [ -3.138665941280181, 40.394743963862837 ], [ -3.141947393857151, 40.405906073906181 ], [ -3.157140265311, 40.425388089188914 ], [ -3.169232550441849, 40.433062039281651 ], [ -3.180575526739177, 40.437867947048119 ], [ -3.189541388024622, 40.439392402237559 ], [ -3.19646603018316, 40.44352651643554 ], [ -3.200238410074576, 40.450502835437469 ], [ -3.19879147015024, 40.478821519897224 ], [ -3.200858526799606, 40.498716946329978 ], [ -3.200806850855486, 40.50264435495302 ], [ -3.201530321267342, 40.507140204356908 ], [ -3.204527553903518, 40.513031317741081 ], [ -3.225404832267202, 40.52863760034495 ], [ -3.233259650412549, 40.533391832167297 ], [ -3.240235967615832, 40.538559475139664 ], [ -3.248530036232182, 40.541530870253439 ], [ -3.25752173504003, 40.542771103703458 ], [ -3.263748745208432, 40.540910753528401 ], [ -3.270595872101807, 40.538042711202138 ], [ -3.276693691060984, 40.534632066516622 ], [ -3.282558966023487, 40.533391832167297 ], [ -3.289509446603688, 40.533133449748902 ], [ -3.292997605654989, 40.535510566559367 ], [ -3.294961310416169, 40.538817857558058 ], [ -3.293152635285877, 40.543236191696849 ], [ -3.290672165687909, 40.545897529347485 ], [ -3.288811814613553, 40.549101467558671 ], [ -3.287984992313568, 40.553700669750071 ], [ -3.290052048962878, 40.561710517526365 ], [ -3.293075120020774, 40.56853180599802 ], [ -3.306950242759513, 40.578453680792734 ], [ -3.31578691193647, 40.582639471834113 ], [ -3.321471319745626, 40.589357408417641 ], [ -3.325967170048841, 40.597780667343912 ], [ -3.324132655597566, 40.624936631820098 ], [ -3.318164027847616, 40.646253159755489 ], [ -3.324649421333732, 40.64832021730416 ], [ -3.329842901828442, 40.645736395818005 ], [ -3.337025926405374, 40.643255927119299 ], [ -3.344932419595523, 40.644392809580495 ], [ -3.35547441201453, 40.649715481284431 ], [ -3.366765713267057, 40.658913886566609 ], [ -3.380744187893982, 40.678189195375069 ], [ -3.389193285241902, 40.686405747826996 ], [ -3.39635046959853, 40.686405747826988 ], [ -3.399606085552419, 40.68128978079875 ], [ -3.404644538214882, 40.67731069623165 ], [ -3.41882971841676, 40.678395900950022 ], [ -3.434306809811461, 40.675476183579008 ], [ -3.442109951113367, 40.678189195375069 ], [ -3.448750373331052, 40.683046779984878 ], [ -3.455054896965919, 40.68898957021247 ], [ -3.45880143933499, 40.694958197962421 ], [ -3.455209926596865, 40.703769028717659 ], [ -3.443117642365337, 40.716869005100477 ], [ -3.43965532083638, 40.723199368056385 ], [ -3.439422776839706, 40.730873318149065 ], [ -3.442962611835071, 40.737901313095108 ], [ -3.444021979031107, 40.751414699728571 ], [ -3.446373257419907, 40.761439928210109 ], [ -3.452884486629785, 40.77234365493571 ], [ -3.45991248157577, 40.778803209100758 ], [ -3.488747930872308, 40.785521144784987 ], [ -3.495879278605855, 40.789035143157328 ], [ -3.49843726167029, 40.792549139730966 ], [ -3.49843726167029, 40.796218166834919 ], [ -3.494716558622315, 40.799577135576328 ], [ -3.491383429201904, 40.803711248875004 ], [ -3.485208095876942, 40.812909654157181 ], [ -3.480040452005255, 40.823167425736074 ], [ -3.478154263408554, 40.82908437844128 ], [ -3.472366501912518, 40.858152370835221 ], [ -3.469782681325682, 40.863009955445079 ], [ -3.466113654221772, 40.86665314412727 ], [ -3.461462775186931, 40.869521186453582 ], [ -3.457173631357989, 40.871097316687781 ], [ -3.451489224448153, 40.875128078997648 ], [ -3.447380946873182, 40.880450750701584 ], [ -3.447742682079137, 40.89073436070214 ], [ -3.452651942633054, 40.89910594278502 ], [ -3.451644253179723, 40.907038276195479 ], [ -3.448156094128478, 40.914014594298074 ], [ -3.444874639752811, 40.923497219521032 ], [ -3.44004289356468, 40.930835272829547 ], [ -3.436373867360089, 40.938431708556479 ], [ -3.427924770911432, 40.961324368524743 ], [ -3.423532274295042, 40.968559068146483 ], [ -3.420147467131927, 40.976207179817486 ], [ -3.412266812363497, 40.989177964991086 ], [ -3.409450445981292, 40.998479723060768 ], [ -3.409786342765529, 41.012199815269241 ], [ -3.424669154957542, 41.043231513323633 ], [ -3.436451381725874, 41.077415472745834 ], [ -3.445753139795557, 41.080386867859659 ], [ -3.453272061156724, 41.081988837414883 ], [ -3.476655645741459, 41.090825507491161 ], [ -3.484045375893401, 41.095011298532597 ], [ -3.493166265910475, 41.102168483788503 ], [ -3.503863287960371, 41.115681871321272 ], [ -3.541612921698969, 41.14420726225535 ], [ -3.545772874318687, 41.161751410299303 ], [ -3.592204149401994, 41.154077460206622 ], [ -3.623881801703817, 41.139401354488875 ], [ -3.633829514920194, 41.131959947493556 ], [ -3.64147762659121, 41.124621894185047 ], [ -3.647627122393772, 41.117413032085722 ], [ -3.665429652856176, 41.099972235929897 ], [ -3.684911668138966, 41.084701850110264 ], [ -3.727906460115037, 41.061990058194624 ], [ -3.74302181630378, 41.051758124138075 ], [ -3.752762823945204, 41.04302480684936 ], [ -3.762529670008292, 41.028064480291505 ], [ -3.768472459336523, 41.020623074195498 ], [ -3.773485072677943, 41.013000800046882 ], [ -3.787127651420007, 40.996774399818662 ], [ -3.79622270301536, 40.991451728114725 ], [ -3.805731166659996, 40.987265937073275 ], [ -3.891875780243083, 40.964838365098437 ], [ -3.902081874978535, 40.958533840564264 ], [ -3.911512824257443, 40.950265611268946 ], [ -3.919884406340315, 40.940240382787408 ], [ -3.93479305695405, 40.92615855627237 ], [ -3.947893032437491, 40.908278510544797 ], [ -3.951071133126277, 40.901379705908653 ], [ -3.953060675409857, 40.894300035018595 ], [ -3.949598353880959, 40.880579941910767 ], [ -3.949908413142737, 40.873086859870682 ], [ -3.952931484200633, 40.865206204202948 ], [ -3.959365199944045, 40.855981961398356 ], [ -3.963654343772931, 40.848023790465561 ], [ -3.965437181380821, 40.840427353839296 ], [ -3.966444870834152, 40.8256478953341 ], [ -3.968615282069606, 40.818284002704573 ], [ -3.975746628903835, 40.80365957293094 ], [ -3.98024247920705, 40.796631577984897 ], [ -3.984092372564931, 40.788725083895486 ], [ -3.990112677158323, 40.78456513127577 ], [ -3.995848760911598, 40.783014838563936 ], [ -4.018741420879905, 40.779371649881739 ], [ -4.027836473374578, 40.77960419387842 ], [ -4.036311408244899, 40.782317206573794 ], [ -4.047473517388937, 40.783970852073139 ], [ -4.0598500233599, 40.784125881704036 ], [ -4.079642096105886, 40.776451930712028 ], [ -4.090106574159051, 40.76913971582519 ], [ -4.128863898250302, 40.725473131180024 ], [ -4.132739630929223, 40.719220283489278 ], [ -4.161290859385645, 40.687310086291404 ], [ -4.168189663122462, 40.66759552701194 ], [ -4.168241339965903, 40.660929267271854 ], [ -4.171031867027068, 40.644909573517971 ], [ -4.171290249445464, 40.629897569217405 ], [ -4.173951585297459, 40.622869575170746 ], [ -4.184364385607921, 40.616358344162222 ], [ -4.195009730814434, 40.61318024347343 ], [ -4.205551724132761, 40.611164862768184 ], [ -4.223173387441874, 40.605454617436649 ], [ -4.242086961044436, 40.602793280685319 ], [ -4.251182012639788, 40.604446926184657 ], [ -4.259760301196934, 40.607134101357644 ], [ -4.266349045671916, 40.611423245186586 ], [ -4.273480394304784, 40.623334662264824 ], [ -4.278880581273826, 40.627572130149645 ], [ -4.285960252163932, 40.626771145372068 ], [ -4.290301072836257, 40.621629339922094 ], [ -4.290197720048752, 40.612456773061588 ], [ -4.286683721676411, 40.605377102171531 ], [ -4.284384121030369, 40.597987372019574 ], [ -4.283996548302071, 40.591114406704492 ], [ -4.284461636295476, 40.584138089501209 ], [ -4.288621588915191, 40.572950141036131 ], [ -4.290507778411268, 40.569358629197382 ], [ -4.293298306371754, 40.565947984511865 ], [ -4.297174038151354, 40.56295075097637 ], [ -4.304667121090802, 40.55910085671912 ], [ -4.312082688765088, 40.553545641018502 ], [ -4.318981493401225, 40.544037177373809 ], [ -4.319214035599259, 40.533727728951533 ], [ -4.318283861411089, 40.525278632502875 ], [ -4.318748949404494, 40.510705877774008 ], [ -4.317250331737455, 40.505021470864165 ], [ -4.316940273374939, 40.500163886254313 ], [ -4.318258022090048, 40.494686184020154 ], [ -4.318748949404494, 40.482490546101815 ], [ -4.316397671015692, 40.475979315992618 ], [ -4.315234951032152, 40.46926138030841 ], [ -4.316707729378209, 40.46254344282562 ], [ -4.32063513800125, 40.454378567217077 ], [ -4.328722500143272, 40.432571112866526 ], [ -4.323709885902531, 40.418515122974505 ], [ -4.324820929042632, 40.413269964737097 ], [ -4.334975347834018, 40.409420071379152 ], [ -4.363319870715486, 40.40776642498048 ], [ -4.370502896191738, 40.405053412285099 ], [ -4.374947068752249, 40.40471751640024 ], [ -4.38073482934891, 40.40567352990945 ], [ -4.386419237158066, 40.407378852252187 ], [ -4.394480759979103, 40.40892914496402 ], [ -4.401224534984294, 40.409549261689051 ], [ -4.407270677100087, 40.408464056970615 ], [ -4.413368496059261, 40.405906073906181 ], [ -4.418794520550705, 40.402495429220664 ], [ -4.427398646630251, 40.395105699068715 ], [ -4.431481085783503, 40.389317939371381 ], [ -4.434736700838073, 40.372548936783971 ], [ -4.434891729569699, 40.36691620491888 ], [ -4.436519538445964, 40.359603990032099 ], [ -4.44029191743806, 40.350198880074231 ], [ -4.450032925079427, 40.335367742926962 ], [ -4.45762935990706, 40.326221015387546 ], [ -4.469463262619457, 40.320097358006649 ], [ -4.479281784626664, 40.317616889307999 ], [ -4.496360845576589, 40.316454169324459 ], [ -4.501089239876533, 40.317901109248794 ], [ -4.506928677316637, 40.321802680349379 ], [ -4.518064948038956, 40.334566759048649 ], [ -4.524989590197436, 40.338985094086809 ], [ -4.532146776352647, 40.338416653305899 ], [ -4.53762447768753, 40.334075833532886 ], [ -4.538037888837495, 40.325032456982292 ], [ -4.536616787334879, 40.317461860576373 ], [ -4.531423305940849, 40.304568589768564 ], [ -4.529821336385567, 40.296662096578473 ], [ -4.531578334672417, 40.289298203948931 ], [ -4.536978521641458, 40.283536281773934 ], [ -4.549716762818377, 40.263124091403654 ], [ -4.558140020845315, 40.229172675078871 ], [ -4.571885952374828, 40.212016099763161 ], [ -4.549303350769037, 40.200595608200729 ], [ -4.532999437074352, 40.197960109871133 ], [ -4.520571255159325, 40.198838609014558 ], [ -4.511243658667922, 40.202817695380304 ], [ -4.50636023563635, 40.208915514339488 ], [ -4.496696743260088, 40.215814317176978 ], [ -4.484061854870731, 40.221627916195359 ], [ -4.453727789705738, 40.231653143777521 ], [ -4.439749315078814, 40.239172065138682 ], [ -4.430550909796635, 40.247414456012329 ], [ -4.425434942768391, 40.255217597314243 ], [ -4.394842495185004, 40.279453844419386 ], [ -4.388227912288357, 40.286145942581186 ], [ -4.383551194831796, 40.293483994990368 ], [ -4.371071336073328, 40.307979234454081 ], [ -4.365852017156897, 40.309477851221857 ], [ -4.36011593340362, 40.308082587241593 ], [ -4.353863083914177, 40.304155177719281 ], [ -4.349935675291192, 40.298315742077818 ], [ -4.348979660882662, 40.29149445180748 ], [ -4.351563483268137, 40.276714993302285 ], [ -4.351227585584639, 40.269428615937841 ], [ -4.348617925676763, 40.262659003410249 ], [ -4.340995653326729, 40.24927480708665 ], [ -4.334200202377475, 40.243332017758405 ], [ -4.325286017036092, 40.237621772426849 ], [ -4.309989792794738, 40.232841702182782 ], [ -4.296037156589534, 40.220801092996005 ], [ -4.291980556757323, 40.220232652215088 ], [ -4.286864589729021, 40.222351385707839 ], [ -4.272860276680433, 40.231446438202511 ], [ -4.266064825731121, 40.237079169168283 ], [ -4.25777075801409, 40.2466909864998 ], [ -4.250510219970693, 40.257491360437939 ], [ -4.244980840893106, 40.26286570898526 ], [ -4.234102951689863, 40.268886013578651 ], [ -4.208652309556443, 40.272270819842447 ], [ -4.183899299413158, 40.284130560976578 ], [ -4.174675054809939, 40.283665472983159 ], [ -4.166923591250738, 40.279402167575952 ], [ -4.160748257026455, 40.273356025460203 ], [ -4.132558762876612, 40.251806951729407 ], [ -4.116797450641855, 40.247879544005741 ], [ -4.097961392304397, 40.24552826651626 ], [ -4.084422166349896, 40.248964748724177 ], [ -4.074939541126923, 40.253615627759018 ], [ -4.066051195106581, 40.259222521202389 ], [ -4.057292039396089, 40.258266506793859 ], [ -4.035717129042268, 40.251445217422827 ], [ -4.026647914969317, 40.246794339287305 ], [ -4.019077317664085, 40.24110993147815 ], [ -4.012746954708177, 40.234211126842027 ], [ -4.007786017310877, 40.227519029579526 ], [ -3.999026861600385, 40.221576240251238 ], [ -3.986391974110347, 40.217054552425637 ], [ -3.933061896189542, 40.203902900098747 ], [ -3.90122921425683, 40.192017320542888 ], [ -3.853557704824254, 40.182663886529106 ], [ -3.848519253061113, 40.179976712255439 ], [ -3.843119066092016, 40.175842597158123 ], [ -3.837641363857869, 40.170106513404846 ], [ -3.827977870582289, 40.164189562498279 ], [ -3.818856980565215, 40.163336899977935 ], [ -3.801674566827784, 40.166825059928541 ], [ -3.793819748682438, 40.164990546376586 ], [ -3.786895107423277, 40.160598048860841 ], [ -3.771469691972698, 40.143544827231949 ], [ -3.76439002108259, 40.139772447340533 ], [ -3.758653937329371, 40.137757065735975 ], [ -3.746639166564308, 40.135121568305692 ], [ -3.721446905949961, 40.138273831472141 ], [ -3.707856004051338, 40.136723537860988 ], [ -3.691862147819848, 40.133106186701127 ], [ -3.673336146945645, 40.131943468516226 ], [ -3.624501919328111, 40.113210761167693 ], [ -3.614114955640673, 40.106492825483478 ], [ -3.610394252592698, 40.101583564030257 ], [ -3.611014370217049, 40.096803493786183 ], [ -3.610394252592698, 40.086804103726365 ], [ -3.611634486942024, 40.081558946388277 ], [ -3.62062618664919, 40.060965887965324 ], [ -3.62333919934457, 40.056805935345608 ], [ -3.631426560587329, 40.047064927704241 ], [ -3.633674486188568, 40.043447577443715 ], [ -3.638402878689931, 40.040346992020041 ], [ -3.650236782301647, 40.034507555479252 ], [ -3.65765234997599, 40.033448188283216 ], [ -3.670648972671984, 40.02753123647738 ], [ -3.717106086176956, 39.989445705954559 ], [ -3.733099940609804, 39.979007066323049 ], [ -3.751600103961664, 39.974821275281613 ], [ -3.75731035019254, 39.971539821805329 ], [ -3.773485072677943, 39.957044583240922 ], [ -3.778601039706246, 39.953737291342918 ], [ -3.790589972049588, 39.953065496875183 ], [ -3.852963425621624, 39.937872626320591 ], [ -3.864693976445892, 39.932911688923312 ], [ -3.873866543306349, 39.92673635469896 ], [ -3.869370693003078, 39.919553331021405 ], [ -3.857278407872229, 39.910949204941851 ], [ -3.825704108357911, 39.895446275125494 ], [ -3.809710252126422, 39.893534247207697 ], [ -3.797695482260679, 39.896014715906404 ], [ -3.790383267373898, 39.902836005277386 ], [ -3.774647792661483, 39.912447821709577 ], [ -3.766121181847098, 39.915445055245087 ], [ -3.751832647958337, 39.925832018033191 ], [ -3.74263424267616, 39.934410304791705 ], [ -3.735916306992012, 39.938957831039041 ], [ -3.728242356899273, 39.94182587336536 ], [ -3.717390306117752, 39.944642238848246 ], [ -3.69922604044939, 39.946192532459406 ], [ -3.687676356778467, 39.950068264239015 ], [ -3.670132208734458, 39.959680081570468 ], [ -3.646903651981972, 39.964796047699402 ], [ -3.638712937951711, 39.968310045172416 ], [ -3.636154953987955, 39.973426012200669 ], [ -3.6373951892366, 39.987559516458475 ], [ -3.632666794936654, 39.991719469078191 ], [ -3.61700883638872, 39.996370348113039 ], [ -3.598301968361171, 40.000039374317623 ], [ -3.59675167475001, 40.000866197516984 ], [ -3.589827032591472, 40.005878810858405 ], [ -3.583625860844791, 40.009392809230746 ], [ -3.575331794027079, 40.012493395553747 ], [ -3.535566778683915, 40.020219020691229 ], [ -3.526730108607637, 40.023242091749132 ], [ -3.522337611991191, 40.028771470826726 ], [ -3.515361293888589, 40.039675198451619 ], [ -3.502054612830137, 40.048666897259473 ], [ -3.406220669348442, 40.045617987779899 ], [ -3.371752489086135, 40.057400214548245 ], [ -3.352916428950039, 40.04605723735159 ], [ -3.341909349436947, 40.04463613494967 ], [ -3.329429490678478, 40.047685045328528 ], [ -3.288243373832643, 40.053162747562737 ], [ -3.227730272234282, 40.077864080862632 ], [ -3.187267624900984, 40.088354397337532 ], [ -3.169387580072795, 40.08039622730405 ], [ -3.165589361759658, 40.076055405732355 ], [ -3.163548142632692, 40.066185207781089 ], [ -3.113447842244114, 40.068019721333037 ], [ -3.093759121386369, 40.072644761946201 ], [ -3.078669602720026, 40.08230825522179 ], [ -3.06869605108193, 40.090550646095451 ], [ -3.063037481694437, 40.098121243400612 ], [ -3.062236496916796, 40.105330105499952 ], [ -3.065672980024033, 40.111918849974927 ], [ -3.071822475826593, 40.117551580940699 ], [ -3.076085781233814, 40.124114487893287 ], [ -3.079548101863395, 40.130935777264312 ], [ -3.081847703408812, 40.138790595409603 ], [ -3.085671759244291, 40.145663560724699 ], [ -3.086963670437057, 40.15470693637598 ], [ -3.084121465633132, 40.158582669054908 ], [ -3.080400762585157, 40.159176948257539 ], [ -3.072752650914141, 40.157600816224658 ], [ -3.082726202552238, 40.197624213086954 ] ] ] ] } },
{ "type": "Feature", "properties": { "region": "Murcia", "wind_mw": 262.0, "area_km2": 11302.763378517115, "wind_mw_per_1000km2": 23.180172071723362 }, "geometry": { "type": "MultiPolygon", "coordinates": [ [ [ [ -0.761033291353329, 37.845907294186262 ], [ -0.779714320959158, 37.842910061550072 ], [ -0.7871040511111, 37.844279487108622 ], [ -0.791548223671612, 37.846372382179666 ], [ -0.796922573118252, 37.851074937158614 ], [ -0.804260627326073, 37.85619090418686 ], [ -0.812554694143842, 37.860299180862512 ], [ -0.830563931080576, 37.864200751063777 ], [ -0.838702969166718, 37.8679731309552 ], [ -0.881000129152653, 37.902958076054347 ], [ -0.888699916767735, 37.908022366239209 ], [ -0.916682705342566, 37.933550522738415 ], [ -0.923064744242538, 37.941301988096257 ], [ -0.934381883017522, 37.960473945016531 ], [ -0.948024460860211, 37.977527167544736 ], [ -0.955000779862132, 37.984322618494033 ], [ -0.96572363943443, 38.000006415463709 ], [ -0.965878669065318, 38.000109768251207 ], [ -0.966266241793619, 38.000652371509716 ], [ -0.982234258704068, 38.026413072005653 ], [ -1.00311153796713, 38.052716375760099 ], [ -1.00698727064605, 38.05682465333507 ], [ -1.013265956758516, 38.061708076366585 ], [ -1.020035570185428, 38.068503526416578 ], [ -1.025849168304489, 38.078864650782982 ], [ -1.030810105701846, 38.097054754873 ], [ -1.032903000772876, 38.116898505361689 ], [ -1.028097093006465, 38.135346991870172 ], [ -1.022826097246593, 38.146302395439193 ], [ -0.99365475116582, 38.180977281276512 ], [ -0.98595496265142, 38.195188299900117 ], [ -0.983164434690935, 38.202991441202016 ], [ -0.976446499006727, 38.234410711984772 ], [ -0.973449266370551, 38.241903794924156 ], [ -0.969418504060741, 38.258698635033966 ], [ -0.969160121642289, 38.27084259700819 ], [ -0.983629522684339, 38.310917669814614 ], [ -0.994662440619152, 38.324947822184242 ], [ -0.999778407647398, 38.328539334023048 ], [ -1.011870692778245, 38.334818020135515 ], [ -1.048690151429355, 38.344714057407828 ], [ -1.068172165812825, 38.347065334897259 ], [ -1.076672939104867, 38.349700833226848 ], [ -1.080987922254792, 38.359312648759726 ], [ -1.083959315569984, 38.37460887300108 ], [ -1.084450242884429, 38.415691637059354 ], [ -1.082098965394948, 38.431142890032334 ], [ -1.075613572808152, 38.442124132023025 ], [ -1.068947313068065, 38.449643053384193 ], [ -1.030706752914341, 38.477186591487971 ], [ -1.024014654752534, 38.483387763234646 ], [ -1.019441290982798, 38.490622463755699 ], [ -1.016547410234807, 38.498425605057605 ], [ -1.018795334936783, 38.52162832338837 ], [ -1.015255499941361, 38.537027900417229 ], [ -1.005669521031564, 38.564623115364441 ], [ -1.00543697793421, 38.590306301494593 ], [ -1.022128465256458, 38.654540107040319 ], [ -1.077861496610808, 38.687613023322342 ], [ -1.105301682826394, 38.707508449755153 ], [ -1.109254929871099, 38.713761298345219 ], [ -1.111916265723096, 38.720505073350409 ], [ -1.1127430889224, 38.727868964181297 ], [ -1.114293381634241, 38.734690253552344 ], [ -1.119926112600013, 38.740064602099672 ], [ -1.128426885892054, 38.743371893997676 ], [ -1.164497035709644, 38.752621975223981 ], [ -1.174186367406946, 38.754094754469349 ], [ -1.233381720290197, 38.742131658749017 ], [ -1.243174403875628, 38.73807505981614 ], [ -1.252812058729546, 38.731873888069458 ], [ -1.278236864239887, 38.711590888009027 ], [ -1.334202439590911, 38.686734524178917 ], [ -1.345338711212548, 38.686579495447361 ], [ -1.352857631674397, 38.690455227226948 ], [ -1.357766893127632, 38.696398017454499 ], [ -1.363502976880909, 38.701307278008471 ], [ -1.371486986235425, 38.702702541988685 ], [ -1.385775519224865, 38.696914781392039 ], [ -1.402828741753012, 38.684977524992739 ], [ -1.43362789581073, 38.655832018233014 ], [ -1.450319383133035, 38.627720038449013 ], [ -1.453264939825147, 38.612346299841832 ], [ -1.452929043040911, 38.604930732167531 ], [ -1.454272630177741, 38.589686183870242 ], [ -1.458665126794187, 38.582864895398586 ], [ -1.464530401756633, 38.57619863475918 ], [ -1.476235114159181, 38.569790758336808 ], [ -1.485149297701924, 38.562917792122391 ], [ -1.497448289307101, 38.545864570493507 ], [ -1.499980434849192, 38.540593573834308 ], [ -1.501995814655118, 38.534909166025159 ], [ -1.501324021986022, 38.529173082271882 ], [ -1.500135463580761, 38.523333644831837 ], [ -1.498352626872248, 38.519354560264738 ], [ -1.494786952555842, 38.513411770037123 ], [ -1.489645148005196, 38.500001736191173 ], [ -1.485717739382153, 38.483697822496481 ], [ -1.483030565108493, 38.452226873971028 ], [ -1.483288946627568, 38.43569041627967 ], [ -1.478483038861157, 38.411454169174533 ], [ -1.477940435602648, 38.403676866294347 ], [ -1.479051478742746, 38.395692856939775 ], [ -1.481015184403248, 38.388277289265503 ], [ -1.485278489810469, 38.381378486427998 ], [ -1.494709438190057, 38.373110256233304 ], [ -1.567314825818585, 38.326213894055968 ], [ -1.626742722698509, 38.311408596229683 ], [ -1.636302863186585, 38.310788479504708 ], [ -1.646147222716138, 38.312235419429044 ], [ -1.654596320064115, 38.314664212183629 ], [ -1.66779964833512, 38.319676826424384 ], [ -1.673458217722555, 38.322777410948731 ], [ -1.678057419914012, 38.326911526046047 ], [ -1.681933152592933, 38.331562405080902 ], [ -1.684000210141619, 38.336600856844029 ], [ -1.685162930125159, 38.341897691025622 ], [ -1.684465298135023, 38.34732371731571 ], [ -1.681674771073858, 38.352543036232134 ], [ -1.681881475749492, 38.357607327316245 ], [ -1.683121710998194, 38.36243907350439 ], [ -1.686558193206054, 38.366624864545827 ], [ -1.690873174557396, 38.370216376384633 ], [ -1.695989141585642, 38.372877713135949 ], [ -1.702655402225048, 38.373627021070149 ], [ -1.719036831184837, 38.371353257946453 ], [ -1.725005458934788, 38.373627021070149 ], [ -1.736374273653837, 38.37938894324509 ], [ -1.743092210237307, 38.380499986385246 ], [ -1.750533617232634, 38.380344956754357 ], [ -1.759912888768839, 38.378122870474044 ], [ -1.767147590189154, 38.375073960994484 ], [ -1.773865525873304, 38.369492905972834 ], [ -1.786474574941678, 38.367089952539231 ], [ -1.791073778032455, 38.366934922908342 ], [ -1.792779100375184, 38.365100409356387 ], [ -1.792624070744295, 38.359829412697195 ], [ -1.795724657067297, 38.353912461790699 ], [ -1.84802120621373, 38.329081936382238 ], [ -1.885848354318114, 38.306240953257365 ], [ -1.910342982942324, 38.295518092785755 ], [ -1.926181810442188, 38.291048081803524 ], [ -1.958117845162406, 38.28665558518707 ], [ -1.984808721645208, 38.279265855035142 ], [ -1.992792730999725, 38.279524238352906 ], [ -1.998890549958901, 38.282159735783196 ], [ -2.015995449330546, 38.29507884411332 ], [ -2.023359341060768, 38.298980414314663 ], [ -2.031730923143584, 38.299910590301472 ], [ -2.042893032287623, 38.298360296690305 ], [ -2.059067755672402, 38.290376288235109 ], [ -2.085061001064332, 38.265829982767464 ], [ -2.127409836994389, 38.235185859240005 ], [ -2.139088710975215, 38.230328273730834 ], [ -2.158751593411296, 38.227098497097927 ], [ -2.170327113705356, 38.223817044520956 ], [ -2.182806973363142, 38.21790009181575 ], [ -2.211926641701154, 38.195937607834296 ], [ -2.222210251701767, 38.182837633250131 ], [ -2.250528937060778, 38.136277166957655 ], [ -2.280966355912597, 38.103230089097345 ], [ -2.318819342438701, 38.069356187138268 ], [ -2.324219530307062, 38.062379869035681 ], [ -2.338533900818902, 38.026490587270757 ], [ -2.304298264553268, 38.00636261684128 ], [ -2.29623674173223, 38.000574856244612 ], [ -2.29569413937304, 37.999799709888691 ], [ -2.294996507382905, 37.998352769964363 ], [ -2.281819016634302, 37.978276476378262 ], [ -2.261432663786421, 37.95352346533565 ], [ -2.232235480183249, 37.926419175904243 ], [ -2.209652878577515, 37.915670477910226 ], [ -2.17179989295073, 37.89644684504583 ], [ -2.125471970654929, 37.89874644569187 ], [ -2.112682054433265, 37.89530996438333 ], [ -2.076973638922311, 37.881098944860412 ], [ -1.982793340939963, 37.870815334859799 ], [ -1.975687831628136, 37.865854397462442 ], [ -1.976127082099197, 37.860144151231566 ], [ -1.987366705608963, 37.848129381365823 ], [ -1.991681687859626, 37.841153062363901 ], [ -1.993257818993186, 37.83384084747712 ], [ -1.993335334258291, 37.815986640171289 ], [ -1.994110479714891, 37.809682114737761 ], [ -2.001422694601672, 37.794282537708909 ], [ -2.002817958581944, 37.78802969001817 ], [ -1.999975754677337, 37.752476305037419 ], [ -1.996125861319456, 37.742296047824311 ], [ -1.995195685332646, 37.735474758453336 ], [ -1.998709682805612, 37.72214223897312 ], [ -2.002972988212832, 37.711858628972536 ], [ -2.004445766558888, 37.704546414085719 ], [ -2.004600796189777, 37.688500881010839 ], [ -2.005530972176643, 37.680852770239142 ], [ -2.004239060983878, 37.663954576442507 ], [ -2.000725062611536, 37.65382599517352 ], [ -1.996590949312861, 37.647831529001849 ], [ -1.987831793602425, 37.638994858925571 ], [ -1.838409389781532, 37.454820054901575 ], [ -1.826446295859854, 37.445363268100323 ], [ -1.818927375398061, 37.441565049787187 ], [ -1.811227585984341, 37.438800361147742 ], [ -1.805698207806074, 37.437456773111592 ], [ -1.803450283104099, 37.44133250579052 ], [ -1.802235887176438, 37.446345120031253 ], [ -1.797662523406757, 37.44998830781411 ], [ -1.792701585110081, 37.450737617546963 ], [ -1.741516079103803, 37.44133250579052 ], [ -1.732421026609074, 37.438438625941785 ], [ -1.64161771299996, 37.381036447000042 ], [ -1.618723110999952, 37.392279364000046 ], [ -1.567738410999937, 37.409938869000079 ], [ -1.55296790299991, 37.412176825000067 ], [ -1.543731248999961, 37.414984442000048 ], [ -1.523915167999917, 37.428656317000048 ], [ -1.515004035999937, 37.433213609000063 ], [ -1.508168097999941, 37.432684637000079 ], [ -1.502797003999944, 37.429266669000071 ], [ -1.496937628999945, 37.427801825000074 ], [ -1.488352016999954, 37.433213609000063 ], [ -1.487294074999909, 37.43976471600007 ], [ -1.476673956999946, 37.472723700000067 ], [ -1.474110480999911, 37.477606512000079 ], [ -1.470895962999919, 37.482245184000078 ], [ -1.463490363999938, 37.487982489000046 ], [ -1.455555792999917, 37.492702541000085 ], [ -1.450225389999957, 37.494696356000077 ], [ -1.430368618999921, 37.498114325000074 ], [ -1.413685675999943, 37.506537177000041 ], [ -1.369170701999905, 37.541367906000062 ], [ -1.353260870999918, 37.54991282800006 ], [ -1.323735140999929, 37.561990821000052 ], [ -1.289784308999913, 37.558417059000078 ], [ -1.261670586999912, 37.557661268000061 ], [ -1.257666802999949, 37.567013400000064 ], [ -1.242698867999934, 37.57920279700005 ], [ -1.228993292999917, 37.576076565000044 ], [ -1.199732067999946, 37.56656465400004 ], [ -1.178585325999961, 37.563883357000066 ], [ -1.173408476999953, 37.555075788000067 ], [ -1.167057480999915, 37.543755316000045 ], [ -1.137171939999917, 37.538000623000066 ], [ -1.10576668799996, 37.532134935000045 ], [ -1.116851365999935, 37.549383856000077 ], [ -1.119984503999945, 37.559027411000045 ], [ -1.114654100999928, 37.568670966000063 ], [ -1.103423631999931, 37.576402085000048 ], [ -1.087757941999939, 37.580877997000073 ], [ -1.069935675999943, 37.582586981000077 ], [ -1.006418423999946, 37.581447658000073 ], [ -0.973500128999945, 37.576402085000048 ], [ -0.933705206999946, 37.561021226000037 ], [ -0.925160285999937, 37.555894273000035 ], [ -0.90062415299991, 37.569037177000055 ], [ -0.886708136999914, 37.574286200000081 ], [ -0.873890753999945, 37.576402085000048 ], [ -0.836415167999917, 37.576402085000048 ], [ -0.807972785999936, 37.588446356000077 ], [ -0.791493292999917, 37.591457424000048 ], [ -0.764027472999942, 37.599595445000034 ], [ -0.754505988999938, 37.604315497000059 ], [ -0.745676235999951, 37.599432684000078 ], [ -0.73664303299995, 37.599432684000078 ], [ -0.727894660999937, 37.603420315000051 ], [ -0.719715949999909, 37.610541083000044 ], [ -0.70531165299991, 37.619533596000061 ], [ -0.701242641999954, 37.631333726000037 ], [ -0.707997199999909, 37.643011786000059 ], [ -0.726470506999931, 37.651516018000052 ], [ -0.734852667999917, 37.639349677000041 ], [ -0.754790818999936, 37.641302802000048 ], [ -0.777699347999942, 37.650091864000046 ], [ -0.809925910999936, 37.666896877000056 ], [ -0.819813605999911, 37.676703192000048 ], [ -0.852609829999949, 37.723781643000052 ], [ -0.85610917899993, 37.74249909100007 ], [ -0.847808397999927, 37.756089585000048 ], [ -0.825550910999936, 37.761379299000069 ], [ -0.812408006999931, 37.770086981000084 ], [ -0.787993943999936, 37.822821356000077 ], [ -0.760731574999909, 37.796128648000035 ], [ -0.75609290299991, 37.806057033000066 ], [ -0.760574989644056, 37.845898277583444 ], [ -0.761033291353329, 37.845907294186262 ] ] ], [ [ [ -0.737538214999915, 37.753648179000038 ], [ -0.743641730999911, 37.76398346600007 ], [ -0.746978318999936, 37.768215236000053 ], [ -0.748199022999927, 37.770493882000039 ], [ -0.748199022999927, 37.773179429000052 ], [ -0.749419725999928, 37.774888414000088 ], [ -0.754505988999938, 37.774400132000039 ], [ -0.75031490799995, 37.74603913000005 ], [ -0.751210089999915, 37.713283596000053 ], [ -0.746896938999953, 37.683783270000049 ], [ -0.726470506999931, 37.665187893000066 ], [ -0.740142381999931, 37.702460028000068 ], [ -0.741851365999935, 37.725531317000048 ], [ -0.73273678299995, 37.747748114000046 ], [ -0.737538214999915, 37.753648179000038 ] ] ] ] } },
{ "type": "Feature", "properties": { "region": "Navarra", "wind_mw": 1351.9, "area_km2": 10076.555467058342, "wind_mw_per_1000km2": 134.16290957952333 }, "geometry": { "type": "MultiPolygon", "coordinates": [ [ [ [ -1.74972998599992, 43.294792691000062 ], [ -1.773452113824022, 43.289709377885458 ], [ -1.781927048694342, 43.284464220547306 ], [ -1.791306322029129, 43.2774103871796 ], [ -1.805543179074448, 43.256998195910001 ], [ -1.821071947312533, 43.238601386244966 ], [ -1.833680996380906, 43.229506333750308 ], [ -1.847401088589379, 43.223615221265447 ], [ -1.857271287439971, 43.222865912431871 ], [ -1.864118415232667, 43.225656440392413 ], [ -1.872696701991232, 43.227697659519322 ], [ -1.878096889859591, 43.224648749140457 ], [ -1.880008917777331, 43.219481106168068 ], [ -1.879802212202321, 43.214132595143155 ], [ -1.883703783302962, 43.211962184806964 ], [ -1.88925899900363, 43.211626288022735 ], [ -1.902410651330513, 43.2157604031201 ], [ -1.90853430781209, 43.218344225505575 ], [ -1.910988938988339, 43.213512478418139 ], [ -1.918662889081077, 43.19224762642682 ], [ -1.919283005806107, 43.184547837912362 ], [ -1.917577684362641, 43.169174099305224 ], [ -1.916079066695601, 43.162120265937503 ], [ -1.912410041390331, 43.155712389515145 ], [ -1.911092291775844, 43.146281440236244 ], [ -1.912487554856796, 43.135145169513919 ], [ -1.926724411902114, 43.11437124303842 ], [ -1.937912360367135, 43.105586248906256 ], [ -1.950753953432241, 43.09809316686615 ], [ -1.964008957647309, 43.093287258200412 ], [ -2.014600186249595, 43.066958116024239 ], [ -2.028578659977199, 43.049026394352595 ], [ -2.036562669331715, 43.036443182806629 ], [ -2.040567593219862, 43.02755483678623 ], [ -2.041807826669867, 43.019544989909321 ], [ -2.039482387602106, 43.01225861344426 ], [ -2.039585741288931, 43.004300442511408 ], [ -2.042660488290892, 42.994456082082479 ], [ -2.04940426329614, 42.988229071914141 ], [ -2.05728491896383, 42.983836575297687 ], [ -2.085216029795959, 42.979650784256251 ], [ -2.094750331862315, 42.975464993214814 ], [ -2.11358639199841, 42.956163845085371 ], [ -2.122758957959547, 42.949626777453773 ], [ -2.132913376750935, 42.946939602280807 ], [ -2.143791265954179, 42.945880235084772 ], [ -2.154488288004075, 42.945957750349862 ], [ -2.174099493596771, 42.944045722432115 ], [ -2.182884486829607, 42.945906074405798 ], [ -2.200816209400557, 42.951642158159075 ], [ -2.21414872888073, 42.949626777453773 ], [ -2.225440029233994, 42.941410224102519 ], [ -2.231692877824059, 42.93515737641178 ], [ -2.235801153600391, 42.928697822246704 ], [ -2.237506475943121, 42.922961738493427 ], [ -2.252957728916044, 42.900069078525121 ], [ -2.239134283920066, 42.858314520898375 ], [ -2.239780239066761, 42.849426173978713 ], [ -2.242312383709532, 42.839194240821541 ], [ -2.263422206969267, 42.8137177602664 ], [ -2.274429287381736, 42.790980129929039 ], [ -2.276522183352085, 42.776045640893592 ], [ -2.27698727134549, 42.759638373512139 ], [ -2.279416063200756, 42.750930895544343 ], [ -2.284919602957302, 42.744678046054943 ], [ -2.31207556833283, 42.737753403896484 ], [ -2.320369635150541, 42.728994249085304 ], [ -2.320705531934777, 42.721010239730738 ], [ -2.312023892388709, 42.682924710107265 ], [ -2.306856247617759, 42.680082506202666 ], [ -2.295926683369771, 42.677912095866532 ], [ -2.29316199383095, 42.672020982482316 ], [ -2.292696905837545, 42.663080960517902 ], [ -2.298458828012485, 42.657758287015326 ], [ -2.328431158870899, 42.642978826711435 ], [ -2.338301356822171, 42.639490668559468 ], [ -2.348094041306979, 42.638121243000967 ], [ -2.365870734246982, 42.637914537425956 ], [ -2.37258866993119, 42.641841946048942 ], [ -2.380960252014006, 42.652849026461354 ], [ -2.385301072686388, 42.656130479038382 ], [ -2.391037157338928, 42.658585110214631 ], [ -2.399512091309987, 42.659928697351461 ], [ -2.408710495692845, 42.660212918191583 ], [ -2.418012253762527, 42.657525743018596 ], [ -2.437856004251215, 42.645562649096973 ], [ -2.450671758894543, 42.634813951102949 ], [ -2.470179612599055, 42.622850857181277 ], [ -2.478680385891096, 42.619104315711581 ], [ -2.492736374883806, 42.609337470547814 ], [ -2.49454505001404, 42.601999417239313 ], [ -2.493278978142314, 42.595307319077513 ], [ -2.488085495848963, 42.589907132108465 ], [ -2.481367560164756, 42.585876369798598 ], [ -2.473357713287839, 42.584713649815058 ], [ -2.458009813102422, 42.578124905340076 ], [ -2.450051642169568, 42.576006170948006 ], [ -2.441731736930137, 42.578977566061781 ], [ -2.421319545660538, 42.598795478128807 ], [ -2.413309698783564, 42.598278714191281 ], [ -2.405868292687558, 42.59610830295577 ], [ -2.400674811293527, 42.590733954408464 ], [ -2.398065151385652, 42.583964341880865 ], [ -2.394008550654121, 42.564973253013193 ], [ -2.402871060051382, 42.512237454295075 ], [ -2.406074998262569, 42.497096258785291 ], [ -2.384474250386347, 42.494667466930032 ], [ -2.343262295118848, 42.483040269792582 ], [ -2.278382534426441, 42.489861559163614 ], [ -2.267892217951498, 42.486916002471503 ], [ -2.238720871870726, 42.471981513436049 ], [ -2.230297613843789, 42.465676988002606 ], [ -2.21823116713466, 42.453429674140111 ], [ -2.206009690794588, 42.446401679194125 ], [ -2.191385260121649, 42.442939358564502 ], [ -2.1719549216823, 42.441440741796782 ], [ -2.104956426597823, 42.445161444844757 ], [ -2.076508550928907, 42.442577623358602 ], [ -2.055269538258585, 42.428418281578388 ], [ -2.060152961290157, 42.423560696069224 ], [ -2.064803840324999, 42.417307848378471 ], [ -2.069558071248026, 42.414775701937074 ], [ -2.055605435042821, 42.399066067445006 ], [ -2.032402715812679, 42.392968248485829 ], [ -1.976747198824171, 42.393045762851671 ], [ -1.901325445712758, 42.325375475098099 ], [ -1.863472459186653, 42.304911606985058 ], [ -1.861405401637967, 42.299433906549552 ], [ -1.862154709572224, 42.291992499554169 ], [ -1.861922165575493, 42.284189358252249 ], [ -1.857271287439971, 42.277574775355561 ], [ -1.85125098284658, 42.276179511375346 ], [ -1.835799729873656, 42.278143215237151 ], [ -1.829314338186179, 42.277574775355546 ], [ -1.820012580116497, 42.272872219477321 ], [ -1.795776333011361, 42.256490790517546 ], [ -1.74740719158865, 42.236001084882162 ], [ -1.726943325274249, 42.231479397056489 ], [ -1.697074347203397, 42.215821438508556 ], [ -1.697746140771812, 42.194530748095524 ], [ -1.691648321812636, 42.187037665156083 ], [ -1.688599412333019, 42.180758979043617 ], [ -1.689116177169865, 42.176805731998904 ], [ -1.690098029100795, 42.174402778565366 ], [ -1.691777513021805, 42.171534736239039 ], [ -1.69226843943693, 42.166780504416749 ], [ -1.68999467631329, 42.156393540729319 ], [ -1.685783046850133, 42.14902964899909 ], [ -1.688186001182999, 42.143061021249096 ], [ -1.694128791410605, 42.138461819057682 ], [ -1.703172166162574, 42.136343085564931 ], [ -1.71309404095723, 42.136136379989914 ], [ -1.73466895221037, 42.144223741232622 ], [ -1.744590827005083, 42.146626695565544 ], [ -1.754073452228056, 42.146394151568813 ], [ -1.774227261079262, 42.139960435825465 ], [ -1.782728034371303, 42.139288642256986 ], [ -1.79231401238178, 42.141123154909621 ], [ -1.804302943825804, 42.145903225153688 ], [ -1.814586553826416, 42.146936753928003 ], [ -1.823423223902694, 42.145619005212893 ], [ -1.82910763171185, 42.140787258125442 ], [ -1.831975674038119, 42.134431056747864 ], [ -1.835773892351256, 42.127868149795233 ], [ -1.841820033567728, 42.122028714153821 ], [ -1.856392788296546, 42.111538398578205 ], [ -1.896054449952885, 42.076140042329087 ], [ -1.899930181732487, 42.069370428902182 ], [ -1.901480475343647, 42.061929022806112 ], [ -1.902100592068678, 42.054384263922593 ], [ -1.901325445712758, 42.045599269790443 ], [ -1.897320521824611, 42.035599881529272 ], [ -1.89060258614046, 42.025316271528709 ], [ -1.85241370283012, 42.001209214733478 ], [ -1.841277432107802, 42.001881008301893 ], [ -1.838667772199926, 42.000847480426842 ], [ -1.836394009076287, 42.000279038746619 ], [ -1.834611172367716, 41.998909614087381 ], [ -1.823888311896099, 41.99464630778084 ], [ -1.81484493714413, 41.995266425405191 ], [ -1.776578537669366, 41.992992662281495 ], [ -1.767716030070745, 41.99061554637035 ], [ -1.759499477618817, 41.986998196109823 ], [ -1.752135585888595, 41.981417141088173 ], [ -1.739604051186007, 41.969299018434931 ], [ -1.732033453880774, 41.964673976922484 ], [ -1.723610194954517, 41.960591539567872 ], [ -1.704179857414488, 41.955062161389606 ], [ -1.694645555348131, 41.953305162203435 ], [ -1.684930386128428, 41.953976955771864 ], [ -1.666430222776569, 41.960333157149478 ], [ -1.657154303128607, 41.962167669802113 ], [ -1.639403448610267, 41.957594306032377 ], [ -1.621936814932099, 41.951238105554125 ], [ -1.614211187995921, 41.947000636769943 ], [ -1.607286545837439, 41.941884671540315 ], [ -1.596356980690132, 41.930154119816734 ], [ -1.589432339430914, 41.925193183318754 ], [ -1.573748541561941, 41.916744085970777 ], [ -1.555946011099536, 41.911602281420123 ], [ -1.546644253029854, 41.910672105433328 ], [ -1.537135789385161, 41.910878811008274 ], [ -1.518325567670843, 41.913410956550372 ], [ -1.503003505907088, 41.919999701025347 ], [ -1.497887538878842, 41.921627509002299 ], [ -1.49070451520123, 41.922661037776656 ], [ -1.483288946627567, 41.922170112260858 ], [ -1.454401821386966, 41.915193793258936 ], [ -1.444738328111385, 41.914392809380601 ], [ -1.426393195289734, 41.910982163795794 ], [ -1.419287685977963, 41.908863430303022 ], [ -1.414662645364785, 41.91082713506421 ], [ -1.409029914399014, 41.915736396517453 ], [ -1.403423020955642, 41.925451564837829 ], [ -1.393992071676792, 41.932737942202266 ], [ -1.383140020895268, 41.943693345771301 ], [ -1.380659552196562, 41.953124295050131 ], [ -1.374510057293321, 41.960462348358654 ], [ -1.361177536913829, 41.983768419476988 ], [ -1.342987432823747, 42.006971136908405 ], [ -1.322368536878457, 42.027770900906319 ], [ -1.315960658657503, 42.037150174241113 ], [ -1.3124466620838, 42.054280911135095 ], [ -1.316451585072627, 42.062755846005466 ], [ -1.323918829590298, 42.067251695409361 ], [ -1.333349778869205, 42.067458400984378 ], [ -1.342418992942157, 42.069215400170549 ], [ -1.350661382916485, 42.072729396744265 ], [ -1.356707525931598, 42.078672186971801 ], [ -1.361745977694738, 42.085338446711944 ], [ -1.364355637602614, 42.092237250448704 ], [ -1.36851559112165, 42.098774318979622 ], [ -1.373424851675566, 42.104691270785516 ], [ -1.387170783205079, 42.114742336789391 ], [ -1.392467617386614, 42.120788478905119 ], [ -1.394224615673465, 42.127583929854438 ], [ -1.393707851735996, 42.141614081324747 ], [ -1.394767218032712, 42.14962392820172 ], [ -1.395335658813622, 42.169416001846969 ], [ -1.396627570006387, 42.177968451083139 ], [ -1.400425788319467, 42.185151476559383 ], [ -1.405412563239225, 42.191533515459362 ], [ -1.411148646992501, 42.19757965847441 ], [ -1.415437790821386, 42.204891873361248 ], [ -1.417039761275987, 42.211945705829635 ], [ -1.416419643651636, 42.220575670330909 ], [ -1.412543910972715, 42.23018748586378 ], [ -1.404895799301699, 42.244269314177473 ], [ -1.400865036991888, 42.253906969031391 ], [ -1.395852422751091, 42.269771633154335 ], [ -1.394999762029386, 42.277161363306234 ], [ -1.39089148625311, 42.287289944575264 ], [ -1.384018520938014, 42.300415758480433 ], [ -1.364123093605883, 42.323153387918474 ], [ -1.334486660431025, 42.34987010372231 ], [ -1.331024338902125, 42.357983303386717 ], [ -1.333401454813327, 42.364132799189285 ], [ -1.338827480204031, 42.369610501423494 ], [ -1.345493739944175, 42.372943630843849 ], [ -1.349111090204644, 42.379170641012252 ], [ -1.35037716297569, 42.386792914261548 ], [ -1.348051723907929, 42.397386583523996 ], [ -1.341953904948752, 42.414827378780501 ], [ -1.320663215435047, 42.44092397695993 ], [ -1.294411586725346, 42.459837551461817 ], [ -1.279477097689891, 42.476994126777527 ], [ -1.272681646740637, 42.487639471984039 ], [ -1.27368933799255, 42.49477081971753 ], [ -1.275756394641917, 42.498491522765562 ], [ -1.280329759310973, 42.504770208878028 ], [ -1.283042772006354, 42.510118719902998 ], [ -1.284515550352353, 42.516578274068081 ], [ -1.282190111284592, 42.524174709794977 ], [ -1.278159348974782, 42.532029527041004 ], [ -1.271493089234695, 42.541537990685697 ], [ -1.265007696647899, 42.548462632844227 ], [ -1.257411260920947, 42.553216865565844 ], [ -1.246042446201955, 42.553371894297484 ], [ -1.22803321016454, 42.549392808831044 ], [ -1.219661628081667, 42.550633043180362 ], [ -1.21201351641065, 42.553888658234939 ], [ -1.205347255771244, 42.558100286798776 ], [ -1.203047655125204, 42.566601060990138 ], [ -1.195761277760766, 42.575334378278924 ], [ -1.184960902923365, 42.584558621083488 ], [ -1.160543788664938, 42.596082465433426 ], [ -1.154781867389261, 42.601792710764983 ], [ -1.153283249722222, 42.605435899447173 ], [ -1.168915370747754, 42.611094468834658 ], [ -1.172326016332591, 42.61347158474581 ], [ -1.165530565383278, 42.615047715879371 ], [ -1.155531175323517, 42.618639227718177 ], [ -1.154523484970867, 42.623600165115477 ], [ -1.154290940974136, 42.629336248868768 ], [ -1.151655442644596, 42.635924994243055 ], [ -1.145015021326173, 42.641376858055537 ], [ -1.08522538924035, 42.647009589021316 ], [ -1.075665248752216, 42.645355943521963 ], [ -1.055485602378667, 42.645355943521963 ], [ -1.044452684443854, 42.649955145713371 ], [ -1.040266893402418, 42.65584625909753 ], [ -1.034995896743226, 42.669178779477079 ], [ -1.033703985550517, 42.676258450367193 ], [ -1.034375780018252, 42.683079738838842 ], [ -1.031662767322871, 42.690107733784885 ], [ -1.024634772376828, 42.69612803837822 ], [ -0.977118292575142, 42.705714016388697 ], [ -0.964509242607448, 42.710287381057753 ], [ -0.951745163908185, 42.716695258379445 ], [ -0.924976772160335, 42.735582994459605 ], [ -0.904357876215044, 42.742559313461527 ], [ -0.896425543703913, 42.755013332898969 ], [ -0.890224371957231, 42.758889065577875 ], [ -0.877537807623753, 42.763746650187727 ], [ -0.867021653626409, 42.769947821934409 ], [ -0.856944749200807, 42.786897690775788 ], [ -0.851001959872576, 42.816559964171006 ], [ -0.852526414162696, 42.832269599562331 ], [ -0.850381842248226, 42.840486152014314 ], [ -0.84622188962851, 42.849477850822154 ], [ -0.819195116361527, 42.876091213838421 ], [ -0.815655279567522, 42.882137355954164 ], [ -0.816352911557658, 42.888855292537698 ], [ -0.813097297402351, 42.896296699533018 ], [ -0.806224331187934, 42.904358222354062 ], [ -0.77144609166379, 42.91836253540265 ], [ -0.745031962999889, 42.918727227 ], [ -0.759664672999861, 42.946501160000039 ], [ -0.786433064999926, 42.953270773000085 ], [ -0.863534301999948, 42.943064677 ], [ -0.943219360999905, 42.947896423000103 ], [ -0.981459920999896, 42.957043152 ], [ -1.016289834999952, 42.976240947000022 ], [ -1.028485473999894, 42.98670542400005 ], [ -1.0450736089999, 42.99021942200001 ], [ -1.079696817999888, 42.993397522000087 ], [ -1.087189900999931, 42.997996725000021 ], [ -1.103726358999921, 43.005748190000027 ], [ -1.112408, 43.008254496000021 ], [ -1.149925088999879, 43.00572235200012 ], [ -1.182532918999925, 43.025281881000055 ], [ -1.216897745999887, 43.03926035600005 ], [ -1.274878702999928, 43.046830953000011 ], [ -1.293688923999951, 43.055202535000078 ], [ -1.310587117999944, 43.069491069000044 ], [ -1.315082966999853, 43.082875265 ], [ -1.306969766999942, 43.095975240000058 ], [ -1.286040811999953, 43.109178569000036 ], [ -1.308623412999907, 43.113571066000034 ], [ -1.331050984999905, 43.107344056000038 ], [ -1.348259236999866, 43.093081360000056 ], [ -1.355183877999934, 43.073030904000014 ], [ -1.357612670999913, 43.046830953 ], [ -1.366139282999939, 43.033317567000033 ], [ -1.383140827999853, 43.029209290000026 ], [ -1.41052933799989, 43.030914612000082 ], [ -1.435023965999932, 43.035720520000069 ], [ -1.457141478999859, 43.045073955000127 ], [ -1.475279906999987, 43.060137634000014 ], [ -1.487837279999894, 43.081815898000102 ], [ -1.479620727999873, 43.090264995 ], [ -1.438434610999878, 43.12279530900004 ], [ -1.425773884999927, 43.135275167000131 ], [ -1.41052933799989, 43.166901144000022 ], [ -1.399677286999946, 43.206743673000048 ], [ -1.40350134299996, 43.243330587000088 ], [ -1.432233438999986, 43.265008850000086 ], [ -1.444222371999927, 43.265112203000101 ], [ -1.455281127999854, 43.262218323000113 ], [ -1.466391560999881, 43.260771383000112 ], [ -1.508094441999902, 43.276765239000049 ], [ -1.539203654999938, 43.283560690000023 ], [ -1.559047403999926, 43.284077454000069 ], [ -1.57398189299991, 43.277437032000059 ], [ -1.581888386999935, 43.260357971000133 ], [ -1.587572794999886, 43.251598817000044 ], [ -1.598476521999942, 43.246999613000099 ], [ -1.611085571999894, 43.245811056000051 ], [ -1.621885945999907, 43.246999613000099 ], [ -1.634081583999915, 43.251107890000092 ], [ -1.63904252099988, 43.255681255000063 ], [ -1.646328897999866, 43.272786153000098 ], [ -1.647982543999917, 43.28154530900008 ], [ -1.645192016999943, 43.287643128000028 ], [ -1.645036986999912, 43.292371521000106 ], [ -1.654907185999889, 43.297539164000014 ], [ -1.673872435999925, 43.304153748000019 ], [ -1.683019164999934, 43.304928894000021 ], [ -1.703328002999853, 43.298624370000084 ], [ -1.724825397999894, 43.296531474000048 ], [ -1.736555948999864, 43.292319844000083 ], [ -1.747356322999907, 43.291002096000042 ], [ -1.74972998599992, 43.294792691000062 ] ] ], [ [ [ -1.176330939321417, 42.403665270535782 ], [ -1.1655822413274, 42.41193349893183 ], [ -1.158140835231393, 42.42598948792449 ], [ -1.158140835231393, 42.436738185918493 ], [ -1.163928594928734, 42.440872301015872 ], [ -1.173023647423406, 42.435911364517835 ], [ -1.186252814116074, 42.430950426221159 ], [ -1.194521043411441, 42.424335842425137 ], [ -1.197001512110091, 42.41193349893183 ], [ -1.190386928314126, 42.402838446437158 ], [ -1.176330939321417, 42.403665270535782 ] ] ], [ [ [ -1.067190313881895, 42.4367381859185 ], [ -1.067190313881895, 42.445833238413172 ], [ -1.074631719977901, 42.450794175810529 ], [ -1.085380417971919, 42.459062405105897 ], [ -1.094475469567271, 42.463196519303892 ], [ -1.095302293665952, 42.474772040497271 ], [ -1.098609584664587, 42.482213447492605 ], [ -1.10605099076065, 42.483040269792582 ], [ -1.112665574556615, 42.482213447492605 ], [ -1.124241095749994, 42.473118394098606 ], [ -1.12837520994799, 42.466503811201903 ], [ -1.133336147345346, 42.456581936407197 ], [ -1.13416297144397, 42.446660062511846 ], [ -1.123414272550633, 42.440045477816511 ], [ -1.10853146035862, 42.4367381859185 ], [ -1.087034064370584, 42.433430894919866 ], [ -1.075458543177263, 42.432604071720505 ], [ -1.067190313881895, 42.4367381859185 ] ] ] ] } },
{ "type": "Feature", "properties": { "region": "País Vasco", "wind_mw": 153.3, "area_km2": 7049.1310905811315, "wind_mw_per_1000km2": 21.74736120382774 }, "geometry": { "type": "MultiPolygon", "coordinates": [ [ [ [ -3.150499843992634, 43.353684801012726 ], [ -3.149543829584104, 43.324435940566168 ], [ -3.153910487778774, 43.315030828809661 ], [ -3.160240850734681, 43.307796129187977 ], [ -3.203545701972586, 43.292293199371599 ], [ -3.212899135986333, 43.293197536936759 ], [ -3.235197515852691, 43.299088650320925 ], [ -3.261035731613732, 43.296763211253179 ], [ -3.322944098091682, 43.300096341572896 ], [ -3.33581152957845, 43.295290432007789 ], [ -3.347154506775097, 43.287590644392701 ], [ -3.430896165125943, 43.243458970854817 ], [ -3.44164486311996, 43.23330455206343 ], [ -3.445029670283078, 43.224235337990422 ], [ -3.441722378385066, 43.217310695831941 ], [ -3.440327114404796, 43.209869289735934 ], [ -3.44004289356468, 43.202143662799749 ], [ -3.441463995966671, 43.19514150717481 ], [ -3.440947231129827, 43.188061835385383 ], [ -3.43776913134036, 43.181137193226846 ], [ -3.433118252305519, 43.173980007071634 ], [ -3.425651006888472, 43.15312856712967 ], [ -3.423790655814116, 43.140622869949482 ], [ -3.362424892594732, 43.157934474896081 ], [ -3.278476527769556, 43.197311917510945 ], [ -3.268322108978169, 43.199947414941221 ], [ -3.25945960137949, 43.201187649290539 ], [ -3.252483283276888, 43.200438341356346 ], [ -3.246592169892723, 43.198087062967545 ], [ -3.229745652939528, 43.186976629767635 ], [ -3.207498949017292, 43.184392809180792 ], [ -3.173573371114173, 43.183979397131459 ], [ -3.151507534345228, 43.181447252488688 ], [ -3.145926479323577, 43.178372503688081 ], [ -3.142154100331482, 43.174780991849275 ], [ -3.141844041069646, 43.165117499472998 ], [ -3.159543218744546, 43.154937242259905 ], [ -3.164814215403737, 43.146979072226365 ], [ -3.17256567986226, 43.131372788723183 ], [ -3.17083451999713, 43.122432765859458 ], [ -3.165098436243852, 43.116541653374554 ], [ -3.147580124822923, 43.111270656715419 ], [ -3.141844041069647, 43.104139308981928 ], [ -3.142748378634792, 43.092460435900364 ], [ -3.148148565603833, 43.074218654966948 ], [ -3.148510300809733, 43.050447495855224 ], [ -3.155124883706435, 43.039595445073694 ], [ -3.160938482724817, 43.03303253812112 ], [ -3.165124273766252, 43.026676336743542 ], [ -3.160473394731411, 43.022955633695517 ], [ -3.152231003857764, 43.019855048271836 ], [ -3.121612717852656, 43.01357636215937 ], [ -3.092079636565984, 43.012206935701492 ], [ -3.084948288832493, 43.010708319833043 ], [ -3.07352779816938, 43.013963934887684 ], [ -3.055260178814195, 43.04313528096845 ], [ -3.036734177939991, 43.049724026342744 ], [ -3.028620978275512, 43.047346910431557 ], [ -3.023608364034772, 43.043109443446042 ], [ -3.023582525613051, 43.037114977274371 ], [ -3.022884893622973, 43.031327215778397 ], [ -3.01608944267366, 43.025410264871809 ], [ -2.997124193127034, 43.020836900202767 ], [ -2.989501918978362, 43.014687405299469 ], [ -2.987409023008012, 43.008925483124521 ], [ -2.989708624553373, 43.000476385776551 ], [ -2.992912562764559, 42.994275214029869 ], [ -2.99699500191781, 42.990916246187794 ], [ -2.999320440985571, 42.989469306263459 ], [ -3.001645880952651, 42.989055895113445 ], [ -3.008596360633533, 42.988978379848334 ], [ -3.027019008720288, 42.986497911149684 ], [ -3.03936967626953, 42.987040514408193 ], [ -3.039628057788661, 42.978048813801706 ], [ -3.034279547663004, 42.972622789310257 ], [ -3.025442877586727, 42.965078030426753 ], [ -3.012291226159164, 42.95846344753005 ], [ -2.983378261597522, 42.950996202113004 ], [ -2.978520676987671, 42.944484972003814 ], [ -2.9771254130074, 42.939033108191381 ], [ -2.979063280246181, 42.93360708280062 ], [ -2.982267217558047, 42.929395453337463 ], [ -2.987460699851454, 42.926320706335503 ], [ -3.000870733697411, 42.923271795956623 ], [ -3.008958095839489, 42.923271795956623 ], [ -3.021696336117032, 42.914460965201393 ], [ -3.02918941905648, 42.910249334838909 ], [ -3.03789689792353, 42.908854071757958 ], [ -3.058980881862225, 42.908673203705355 ], [ -3.07528479735555, 42.905572618281667 ], [ -3.084741584156802, 42.905546779860003 ], [ -3.094405077432384, 42.90650279426854 ], [ -3.104146084174431, 42.908518174973779 ], [ -3.123912319398016, 42.910766100575074 ], [ -3.13305904783681, 42.913039862799401 ], [ -3.141043057191326, 42.916088772279011 ], [ -3.146494920104488, 42.921256415251321 ], [ -3.151197475982712, 42.934278876369035 ], [ -3.157450323673515, 42.939343167453217 ], [ -3.166054449753063, 42.942857164026861 ], [ -3.175950487025375, 42.945079251206437 ], [ -3.188326992097018, 42.946732895806463 ], [ -3.224112921973757, 42.943787340013735 ], [ -3.233182135147444, 42.938154609047956 ], [ -3.239977586096757, 42.931565864572981 ], [ -3.244421758657268, 42.924615383093446 ], [ -3.256023118272311, 42.912264716443474 ], [ -3.270259976216948, 42.900947576769227 ], [ -3.275453456711659, 42.89391958272256 ], [ -3.279096646293226, 42.887201646139033 ], [ -3.2800784982241, 42.880354519245657 ], [ -3.275918544705064, 42.87469594985815 ], [ -3.261810878868971, 42.864929103795077 ], [ -3.231450975282314, 42.83588694892353 ], [ -3.224293789127103, 42.831830349091319 ], [ -3.217394985390285, 42.829737454020282 ], [ -3.211917284055403, 42.83206289308805 ], [ -3.209979416816623, 42.837282212903801 ], [ -3.210909592803489, 42.842863267925452 ], [ -3.207369756908746, 42.848857734097123 ], [ -3.202718878773226, 42.855058905843805 ], [ -3.19569088382724, 42.860329902502997 ], [ -3.187551845741097, 42.863714707867473 ], [ -3.178120897361509, 42.865239163056913 ], [ -3.15907813165046, 42.864619046331882 ], [ -3.151481695923565, 42.868107205383183 ], [ -3.144221156980791, 42.873533229874631 ], [ -3.130216843932204, 42.888622748540982 ], [ -3.121225145124355, 42.89032807088374 ], [ -3.114222987700714, 42.886917426198238 ], [ -3.110424771186274, 42.87960521131145 ], [ -3.112543503779705, 42.868262234114809 ], [ -3.119313117206616, 42.858314520898375 ], [ -3.130216843932203, 42.845214545414933 ], [ -3.141301438710456, 42.834698391417589 ], [ -3.147683477610428, 42.825396633347907 ], [ -3.151197475982713, 42.817593492046008 ], [ -3.151869268651808, 42.810152085949994 ], [ -3.147735155353132, 42.803692531784918 ], [ -3.141585658651252, 42.797956448031655 ], [ -3.134454311817023, 42.793228053731681 ], [ -3.1290024480046, 42.786251736528413 ], [ -3.132232224637448, 42.777389228030415 ], [ -3.13631466289138, 42.769896145091025 ], [ -3.123860642554632, 42.770051173822594 ], [ -3.119571498725691, 42.768707586685764 ], [ -3.093991665383043, 42.774443671338368 ], [ -3.063502569687842, 42.785295722119884 ], [ -3.031437343758399, 42.772738348995581 ], [ -3.003196173664491, 42.75323049619044 ], [ -2.984127570431041, 42.743127753343124 ], [ -2.968676316558799, 42.737753403896477 ], [ -2.943354864735227, 42.714343979990652 ], [ -2.917930060124206, 42.705791530754539 ], [ -2.852456021128489, 42.665406398686351 ], [ -2.841707323134471, 42.655820421575186 ], [ -2.837314825618705, 42.644115709172652 ], [ -2.837469855249652, 42.634452215896999 ], [ -2.836022915325316, 42.621455593201063 ], [ -2.829925096366139, 42.613807481530046 ], [ -2.81623084078069, 42.620215358851681 ], [ -2.812665168262925, 42.611094468834665 ], [ -2.814783900856355, 42.605875149018914 ], [ -2.826772834099017, 42.596004951067641 ], [ -2.826824510043139, 42.590191352049274 ], [ -2.821036750345741, 42.58427440024338 ], [ -2.813001064147784, 42.580812078714416 ], [ -2.805973070101118, 42.582362372325576 ], [ -2.793493211342649, 42.586909898572905 ], [ -2.77997982380981, 42.585617988279537 ], [ -2.773391079334829, 42.601560166768252 ], [ -2.769670376286854, 42.608820705710968 ], [ -2.761841395663907, 42.61450511352011 ], [ -2.747397833942899, 42.618690904561561 ], [ -2.733987799197564, 42.615719509447786 ], [ -2.699442103670151, 42.597710273410371 ], [ -2.689132656147194, 42.589493720059124 ], [ -2.685644497095894, 42.581793932443986 ], [ -2.685179409102432, 42.57471425975524 ], [ -2.687246465751798, 42.567918809705304 ], [ -2.687737393066243, 42.553423570241542 ], [ -2.684662645164964, 42.537765610794288 ], [ -2.676756151075495, 42.536887112550176 ], [ -2.667454393005869, 42.533166409502208 ], [ -2.632081875178415, 42.51252167423587 ], [ -2.617870855655497, 42.507715766469403 ], [ -2.611385463968021, 42.513761909484515 ], [ -2.606166144152212, 42.516862494008869 ], [ -2.595055710952295, 42.517508450054898 ], [ -2.585133836157637, 42.511979071876617 ], [ -2.583454352236572, 42.49668284853459 ], [ -2.571336228684005, 42.505622870499067 ], [ -2.557745326785437, 42.510842190314818 ], [ -2.541648117766442, 42.512366645504244 ], [ -2.522036912173747, 42.510351263899693 ], [ -2.524181484088217, 42.513219306226006 ], [ -2.525318365650036, 42.514304510944378 ], [ -2.526506924055297, 42.515131334143746 ], [ -2.528832363123058, 42.517172553270711 ], [ -2.524026455356648, 42.525104884882523 ], [ -2.51805782670732, 42.531047675110074 ], [ -2.510616420611314, 42.53523346615151 ], [ -2.501521369015961, 42.537662258006776 ], [ -2.49165117016537, 42.520092271541102 ], [ -2.462040575412232, 42.507250678475991 ], [ -2.427133144678919, 42.499370021908987 ], [ -2.406074998262569, 42.497096258785291 ], [ -2.402871060051382, 42.512237454295075 ], [ -2.394008550654121, 42.564973253013193 ], [ -2.398065151385652, 42.583964341880865 ], [ -2.400674811293527, 42.590733954408464 ], [ -2.405868292687558, 42.59610830295577 ], [ -2.413309698783564, 42.598278714191281 ], [ -2.421319545660538, 42.598795478128807 ], [ -2.441731736930137, 42.578977566061781 ], [ -2.450051642169568, 42.576006170948006 ], [ -2.458009813102422, 42.578124905340076 ], [ -2.473357713287839, 42.584713649815058 ], [ -2.481367560164756, 42.585876369798598 ], [ -2.488085495848963, 42.589907132108465 ], [ -2.493278978142314, 42.595307319077513 ], [ -2.49454505001404, 42.601999417239313 ], [ -2.492736374883806, 42.609337470547814 ], [ -2.478680385891096, 42.619104315711581 ], [ -2.470179612599055, 42.622850857181277 ], [ -2.450671758894543, 42.634813951102949 ], [ -2.437856004251215, 42.645562649096973 ], [ -2.418012253762527, 42.657525743018596 ], [ -2.408710495692845, 42.660212918191583 ], [ -2.399512091309987, 42.659928697351461 ], [ -2.391037157338928, 42.658585110214631 ], [ -2.385301072686388, 42.656130479038382 ], [ -2.380960252014006, 42.652849026461354 ], [ -2.37258866993119, 42.641841946048942 ], [ -2.365870734246982, 42.637914537425956 ], [ -2.348094041306979, 42.638121243000967 ], [ -2.338301356822171, 42.639490668559468 ], [ -2.328431158870899, 42.642978826711435 ], [ -2.298458828012485, 42.657758287015326 ], [ -2.292696905837545, 42.663080960517902 ], [ -2.29316199383095, 42.672020982482316 ], [ -2.295926683369771, 42.677912095866532 ], [ -2.306856247617759, 42.680082506202666 ], [ -2.312023892388709, 42.682924710107265 ], [ -2.320705531934777, 42.721010239730738 ], [ -2.320369635150541, 42.728994249085304 ], [ -2.31207556833283, 42.737753403896484 ], [ -2.284919602957302, 42.744678046054943 ], [ -2.279416063200756, 42.750930895544343 ], [ -2.27698727134549, 42.759638373512139 ], [ -2.276522183352085, 42.776045640893592 ], [ -2.274429287381736, 42.790980129929039 ], [ -2.263422206969267, 42.8137177602664 ], [ -2.242312383709532, 42.839194240821541 ], [ -2.239780239066761, 42.849426173978713 ], [ -2.239134283920066, 42.858314520898375 ], [ -2.252957728916044, 42.900069078525121 ], [ -2.237506475943121, 42.922961738493427 ], [ -2.235801153600391, 42.928697822246704 ], [ -2.231692877824059, 42.93515737641178 ], [ -2.225440029233994, 42.941410224102519 ], [ -2.21414872888073, 42.949626777453773 ], [ -2.200816209400557, 42.951642158159075 ], [ -2.182884486829607, 42.945906074405798 ], [ -2.174099493596771, 42.944045722432115 ], [ -2.154488288004075, 42.945957750349862 ], [ -2.143791265954179, 42.945880235084772 ], [ -2.132913376750935, 42.946939602280807 ], [ -2.122758957959547, 42.949626777453773 ], [ -2.11358639199841, 42.956163845085371 ], [ -2.094750331862315, 42.975464993214814 ], [ -2.085216029795959, 42.979650784256251 ], [ -2.05728491896383, 42.983836575297687 ], [ -2.04940426329614, 42.988229071914141 ], [ -2.042660488290892, 42.994456082082479 ], [ -2.039585741288931, 43.004300442511408 ], [ -2.039482387602106, 43.01225861344426 ], [ -2.041807826669867, 43.019544989909321 ], [ -2.040567593219862, 43.02755483678623 ], [ -2.036562669331715, 43.036443182806629 ], [ -2.028578659977199, 43.049026394352595 ], [ -2.014600186249595, 43.066958116024239 ], [ -1.964008957647309, 43.093287258200412 ], [ -1.950753953432241, 43.09809316686615 ], [ -1.937912360367135, 43.105586248906256 ], [ -1.926724411902114, 43.11437124303842 ], [ -1.912487554856796, 43.135145169513919 ], [ -1.911092291775844, 43.146281440236244 ], [ -1.912410041390331, 43.155712389515145 ], [ -1.916079066695601, 43.162120265937503 ], [ -1.917577684362641, 43.169174099305224 ], [ -1.919283005806107, 43.184547837912362 ], [ -1.918662889081077, 43.19224762642682 ], [ -1.910988938988339, 43.213512478418139 ], [ -1.90853430781209, 43.218344225505575 ], [ -1.902410651330513, 43.2157604031201 ], [ -1.88925899900363, 43.211626288022735 ], [ -1.883703783302962, 43.211962184806964 ], [ -1.879802212202321, 43.214132595143155 ], [ -1.880008917777331, 43.219481106168068 ], [ -1.878096889859591, 43.224648749140457 ], [ -1.872696701991232, 43.227697659519322 ], [ -1.864118415232667, 43.225656440392413 ], [ -1.857271287439971, 43.222865912431871 ], [ -1.847401088589379, 43.223615221265447 ], [ -1.833680996380906, 43.229506333750308 ], [ -1.821071947312533, 43.238601386244966 ], [ -1.805543179074448, 43.256998195910001 ], [ -1.791306322029129, 43.2774103871796 ], [ -1.781927048694342, 43.284464220547306 ], [ -1.773452113824022, 43.289709377885458 ], [ -1.74972998599992, 43.294792691000062 ], [ -1.752420612999884, 43.29908945800004 ], [ -1.755779581999889, 43.31854563400011 ], [ -1.76823360199998, 43.330922140000091 ], [ -1.796914021999953, 43.341128235000056 ], [ -1.797172403999951, 43.353323873000065 ], [ -1.796448933999954, 43.37438202 ], [ -1.794074744885911, 43.386015332062847 ], [ -1.811268683999913, 43.395086981000077 ], [ -1.847401495999918, 43.380926825000074 ], [ -1.884917772999927, 43.356024481000077 ], [ -1.92568925699993, 43.342637437000064 ], [ -1.918853318999937, 43.338568427000041 ], [ -1.910227016999954, 43.331366278000083 ], [ -1.904652472999942, 43.328436591000063 ], [ -1.918690558999913, 43.320990302000041 ], [ -1.926584438999953, 43.325873114000046 ], [ -1.933705206999946, 43.335638739000046 ], [ -1.94562740799995, 43.342637437000064 ], [ -1.960357225999928, 43.34308502800009 ], [ -1.971791144999941, 43.339219468000067 ], [ -1.994618292999917, 43.328436591000063 ], [ -2.065541144999941, 43.309597072000088 ], [ -2.086415167999916, 43.307237046000068 ], [ -2.098866339999915, 43.30414459800005 ], [ -2.127797003999945, 43.287420966000056 ], [ -2.134836391999955, 43.289577541000092 ], [ -2.137806769999941, 43.294216213000084 ], [ -2.140044725999929, 43.298895575000074 ], [ -2.14484615799995, 43.301092841000056 ], [ -2.151519334999932, 43.299994208000044 ], [ -2.156320766999954, 43.297674872000073 ], [ -2.159575975999928, 43.295355536000045 ], [ -2.162220831999947, 43.294256903000083 ], [ -2.17446855399993, 43.297430731000084 ], [ -2.183461066999939, 43.304510809000071 ], [ -2.190419074999908, 43.311590887000079 ], [ -2.196278449999909, 43.31476471600007 ], [ -2.207875128999944, 43.31399160400008 ], [ -2.241118943999937, 43.307237046000068 ], [ -2.284657355999911, 43.303493557000074 ], [ -2.327056443999936, 43.306830145000049 ], [ -2.36742102799991, 43.315700588000091 ], [ -2.406783742297463, 43.329305821579709 ], [ -2.464426235999952, 43.349229234000063 ], [ -2.483509894999941, 43.37063222900008 ], [ -2.506011522999927, 43.377142645000049 ], [ -2.548898891999954, 43.383612372000073 ], [ -2.606922980999911, 43.401882229000073 ], [ -2.638091600999928, 43.405951239000046 ], [ -2.649322068999936, 43.40953196800006 ], [ -2.661203579999949, 43.411932684000078 ], [ -2.672963019999941, 43.410345770000056 ], [ -2.677805141999954, 43.406195380000042 ], [ -2.678781704999948, 43.400580145000049 ], [ -2.678456183999913, 43.394639390000059 ], [ -2.679269985999952, 43.389837958000044 ], [ -2.687001105999911, 43.371446031000062 ], [ -2.691029425999943, 43.367539781000069 ], [ -2.694935675999943, 43.38861725500005 ], [ -2.706532355999911, 43.41368235900007 ], [ -2.715199347999941, 43.424505927000041 ], [ -2.734934048999946, 43.438788153000075 ], [ -2.755848761999914, 43.450262762000087 ], [ -2.768625454999949, 43.452500718000067 ], [ -2.785959438999952, 43.447862046000068 ], [ -2.806996222999942, 43.441677151000079 ], [ -2.854237433999913, 43.438259182000081 ], [ -2.905262824999909, 43.439886786000045 ], [ -2.930083787999934, 43.437933661000045 ], [ -2.946685350999928, 43.430772203000068 ], [ -2.946685350999928, 43.424587307000081 ], [ -2.939930792999917, 43.424587307000095 ], [ -2.939930792999917, 43.41710032800006 ], [ -2.955922003999945, 43.413845119000086 ], [ -2.999419725999928, 43.394354559000078 ], [ -3.010975714999915, 43.384141343000067 ], [ -3.024322068999936, 43.380926825000074 ], [ -3.029286261999915, 43.376166083000058 ], [ -3.029286261999914, 43.372137762000079 ], [ -3.023426886999914, 43.364935614000046 ], [ -3.020008917999917, 43.352565822000088 ], [ -3.008168097999942, 43.32843659100007 ], [ -3.008168097999943, 43.320908921000068 ], [ -3.057850714999915, 43.352362372000073 ], [ -3.089507615999935, 43.366888739000046 ], [ -3.112375454999949, 43.354071356000077 ], [ -3.131499803999929, 43.35578034100007 ], [ -3.150601676019187, 43.360154508954992 ], [ -3.150499843992634, 43.353684801012726 ] ], [ [ -2.616682298149556, 42.774185288919909 ], [ -2.608129848913393, 42.776614080775175 ], [ -2.601541104438411, 42.776097316837699 ], [ -2.596347622145061, 42.77364268746004 ], [ -2.59270443436219, 42.769250189944273 ], [ -2.586942511287873, 42.764883530850227 ], [ -2.578105841211595, 42.760491035133157 ], [ -2.569501715132049, 42.759095771152886 ], [ -2.559192266709773, 42.75935415357128 ], [ -2.556065842864371, 42.756382758457505 ], [ -2.557771165207101, 42.74824372037137 ], [ -2.560354986693312, 42.743851222855646 ], [ -2.561931117826817, 42.739148667876691 ], [ -2.571284551840621, 42.725247708514928 ], [ -2.575160285418861, 42.721320298992566 ], [ -2.580431281178676, 42.718478095088024 ], [ -2.593117844612834, 42.715894272702492 ], [ -2.598207974118736, 42.71315542338408 ], [ -2.600300869189766, 42.709072984230829 ], [ -2.600791794705573, 42.704370429251867 ], [ -2.597045254135196, 42.700287990997943 ], [ -2.592161831103624, 42.696257228688125 ], [ -2.586839159399688, 42.69253652653947 ], [ -2.581981573890516, 42.688247381811216 ], [ -2.572137214360964, 42.677395331029686 ], [ -2.566065232924188, 42.674527288703359 ], [ -2.55950232597155, 42.673519599250071 ], [ -2.553301154224869, 42.675379951223761 ], [ -2.547099981578924, 42.678067125497421 ], [ -2.537720710042719, 42.685973618687512 ], [ -2.532346360596079, 42.688815823491446 ], [ -2.525783453643498, 42.689487617059861 ], [ -2.522553677010592, 42.686387030736853 ], [ -2.519530605053375, 42.680961005346084 ], [ -2.518290370704052, 42.674527288703359 ], [ -2.514440477346171, 42.66576813389225 ], [ -2.512941859679074, 42.653365790398873 ], [ -2.515267299646155, 42.649309190566669 ], [ -2.526041836061893, 42.644735825897612 ], [ -2.538237473980246, 42.643366401238382 ], [ -2.542759161805862, 42.646208604243675 ], [ -2.545136277717063, 42.650006822556804 ], [ -2.550407274376198, 42.651815496787719 ], [ -2.556918503586076, 42.65336579039888 ], [ -2.634071418361259, 42.654761054379151 ], [ -2.684352585903127, 42.670289821717866 ], [ -2.75243628570604, 42.681839505388837 ], [ -2.81413794570966, 42.702923489327532 ], [ -2.840751308725942, 42.717754625575481 ], [ -2.865323451715938, 42.736280626449734 ], [ -2.870155198803389, 42.744678046054958 ], [ -2.868113978777104, 42.751395981739165 ], [ -2.853541225846925, 42.763694973344343 ], [ -2.832870653058194, 42.787259425981702 ], [ -2.827082891562213, 42.791832791550064 ], [ -2.81659257598659, 42.793977363464535 ], [ -2.752798020911939, 42.796974596100704 ], [ -2.726132981951594, 42.795062568182971 ], [ -2.71502254875162, 42.792995509734965 ], [ -2.700423957399721, 42.787957057971823 ], [ -2.63890316365007, 42.774236964864031 ], [ -2.626294114581754, 42.773203436988979 ], [ -2.616682298149556, 42.774185288919909 ] ], [ [ -3.304241306690983, 43.222153519869032 ], [ -3.304197361319154, 43.260682573541885 ], [ -3.286146823017475, 43.256364946385133 ], [ -3.268909273644056, 43.237589310798064 ], [ -3.267360201312272, 43.227393998034586 ], [ -3.299198581349459, 43.216869095432415 ], [ -3.304241306690983, 43.222153519869032 ] ] ] ] } }
]
}
